SnapshotDate,SnapshotDateTime,OutletID,OutletIdentifier,OutletName,OutletBrandCode,FuelBrandCode,Address,Suburb,Postcode,State,RegionID,Longitude,Latitude,HasValidCoordinates,IsOutletActive,IsNTFleetOutlet,OutletWebsite,ListedFuelCount,AvailableFuelCount,FuelCodesListed,FuelCodesAvailable,CheapestFuelCode,CheapestFuelType,CheapestPriceCPL,CheapestPriceDollarPerLitre,DataQualityStatus,DataQualityNotes,SourceURL,SourceMethod,DL_PriceCPL,DL_PriceDollarPerLitre,DL_RawFetchedPriceCPL,DL_RawFetchedPriceDollarPerLitre,DL_IsAvailable,DL_TomorrowPriceCPL,DL_TomorrowPriceDollarPerLitre,DL_RawFetchedTomorrowPriceCPL,DL_RawFetchedTomorrowPriceDollarPerLitre,DL_IsTomorrowAvailable,PD_PriceCPL,PD_PriceDollarPerLitre,PD_RawFetchedPriceCPL,PD_RawFetchedPriceDollarPerLitre,PD_IsAvailable,PD_TomorrowPriceCPL,PD_TomorrowPriceDollarPerLitre,PD_RawFetchedTomorrowPriceCPL,PD_RawFetchedTomorrowPriceDollarPerLitre,PD_IsTomorrowAvailable,PDL_PriceCPL,PDL_PriceDollarPerLitre,PDL_RawFetchedPriceCPL,PDL_RawFetchedPriceDollarPerLitre,PDL_IsAvailable,PDL_TomorrowPriceCPL,PDL_TomorrowPriceDollarPerLitre,PDL_RawFetchedTomorrowPriceCPL,PDL_RawFetchedTomorrowPriceDollarPerLitre,PDL_IsTomorrowAvailable,B20_PriceCPL,B20_PriceDollarPerLitre,B20_RawFetchedPriceCPL,B20_RawFetchedPriceDollarPerLitre,B20_IsAvailable,B20_TomorrowPriceCPL,B20_TomorrowPriceDollarPerLitre,B20_RawFetchedTomorrowPriceCPL,B20_RawFetchedTomorrowPriceDollarPerLitre,B20_IsTomorrowAvailable,U91_PriceCPL,U91_PriceDollarPerLitre,U91_RawFetchedPriceCPL,U91_RawFetchedPriceDollarPerLitre,U91_IsAvailable,U91_TomorrowPriceCPL,U91_TomorrowPriceDollarPerLitre,U91_RawFetchedTomorrowPriceCPL,U91_RawFetchedTomorrowPriceDollarPerLitre,U91_IsTomorrowAvailable,LAF_PriceCPL,LAF_PriceDollarPerLitre,LAF_RawFetchedPriceCPL,LAF_RawFetchedPriceDollarPerLitre,LAF_IsAvailable,LAF_TomorrowPriceCPL,LAF_TomorrowPriceDollarPerLitre,LAF_RawFetchedTomorrowPriceCPL,LAF_RawFetchedTomorrowPriceDollarPerLitre,LAF_IsTomorrowAvailable,P95_PriceCPL,P95_PriceDollarPerLitre,P95_RawFetchedPriceCPL,P95_RawFetchedPriceDollarPerLitre,P95_IsAvailable,P95_TomorrowPriceCPL,P95_TomorrowPriceDollarPerLitre,P95_RawFetchedTomorrowPriceCPL,P95_RawFetchedTomorrowPriceDollarPerLitre,P95_IsTomorrowAvailable,P98_PriceCPL,P98_PriceDollarPerLitre,P98_RawFetchedPriceCPL,P98_RawFetchedPriceDollarPerLitre,P98_IsAvailable,P98_TomorrowPriceCPL,P98_TomorrowPriceDollarPerLitre,P98_RawFetchedTomorrowPriceCPL,P98_RawFetchedTomorrowPriceDollarPerLitre,P98_IsTomorrowAvailable,E10_PriceCPL,E10_PriceDollarPerLitre,E10_RawFetchedPriceCPL,E10_RawFetchedPriceDollarPerLitre,E10_IsAvailable,E10_TomorrowPriceCPL,E10_TomorrowPriceDollarPerLitre,E10_RawFetchedTomorrowPriceCPL,E10_RawFetchedTomorrowPriceDollarPerLitre,E10_IsTomorrowAvailable,E85_PriceCPL,E85_PriceDollarPerLitre,E85_RawFetchedPriceCPL,E85_RawFetchedPriceDollarPerLitre,E85_IsAvailable,E85_TomorrowPriceCPL,E85_TomorrowPriceDollarPerLitre,E85_RawFetchedTomorrowPriceCPL,E85_RawFetchedTomorrowPriceDollarPerLitre,E85_IsTomorrowAvailable,LPG_PriceCPL,LPG_PriceDollarPerLitre,LPG_RawFetchedPriceCPL,LPG_RawFetchedPriceDollarPerLitre,LPG_IsAvailable,LPG_TomorrowPriceCPL,LPG_TomorrowPriceDollarPerLitre,LPG_RawFetchedTomorrowPriceCPL,LPG_RawFetchedTomorrowPriceDollarPerLitre,LPG_IsTomorrowAvailable,EU_PriceCPL,EU_PriceDollarPerLitre,EU_RawFetchedPriceCPL,EU_RawFetchedPriceDollarPerLitre,EU_IsAvailable,EU_TomorrowPriceCPL,EU_TomorrowPriceDollarPerLitre,EU_RawFetchedTomorrowPriceCPL,EU_RawFetchedTomorrowPriceDollarPerLitre,EU_IsTomorrowAvailable,EUL_PriceCPL,EUL_PriceDollarPerLitre,EUL_RawFetchedPriceCPL,EUL_RawFetchedPriceDollarPerLitre,EUL_IsAvailable,EUL_TomorrowPriceCPL,EUL_TomorrowPriceDollarPerLitre,EUL_RawFetchedTomorrowPriceCPL,EUL_RawFetchedTomorrowPriceDollarPerLitre,EUL_IsTomorrowAvailable,ALLD_PriceCPL,ALLD_PriceDollarPerLitre,ALLD_RawFetchedPriceCPL,ALLD_RawFetchedPriceDollarPerLitre,ALLD_IsAvailable,ALLD_TomorrowPriceCPL,ALLD_TomorrowPriceDollarPerLitre,ALLD_RawFetchedTomorrowPriceCPL,ALLD_RawFetchedTomorrowPriceDollarPerLitre,ALLD_IsTomorrowAvailable
2026-06-01,2026-06-01 09:30:03,70,08220070,UNITED ACACIA HILLS PIEFACE & ROADHOUSE,UN,UN,3760 Stuart Highway,ACACIA HILLS,0822,NT,2,131.12208,-12.799117,True,True,False,https://www.unitedpetroleum.com.au,3,3,"DL, P95, U91","DL, P95, U91",U91,Unleaded 91,181.9,1.819,OK,OK,https://myfuelnt.nt.gov.au/Home/Results?Location=3&FuelCode=ALLD,serverJson:root.FuelOutlet,212.9,2.129,212.9,2.129,True,212.9,2.129,212.9,2.129,True,,,,,,,,,,,,,,,,,,,,,,,,,,,,,,,181.9,1.819,181.9,1.819,True,181.9,1.819,181.9,1.819,True,,,,,,,,,,,197.9,1.979,197.9,1.979,True,197.9,1.979,197.9,1.979,True,,,,,,,,,,,,,,,,,,,,,,,,,,,,,,,,,,,,,,,,,,,,,,,,,,,,,,,,,,,,,,,,,,,,,,
2026-06-01,2026-06-01 09:30:03,164,08460164,Adelaide River Shell,SH,SH,105 Stuart Highway,ADELAIDE RIVER,0846,NT,1,131.10611,-13.23891,True,True,False,,3,3,"DL, LAF, P95","DL, LAF, P95",LAF,Low Aromatic Fuel,189.9,1.899,OK,OK,https://myfuelnt.nt.gov.au/Home/Results?Location=3&FuelCode=ALLD,serverJson:root.FuelOutlet,226.9,2.269,226.9,2.269,True,226.9,2.269,226.9,2.269,True,,,,,,,,,,,,,,,,,,,,,,,,,,,,,,,,,,,,,,,,,189.9,1.899,189.9,1.899,True,189.9,1.899,189.9,1.899,True,204.9,2.049,204.9,2.049,True,204.9,2.049,204.9,2.049,True,,,,,,,,,,,,,,,,,,,,,,,,,,,,,,,,,,,,,,,,,,,,,,,,,,,,,,,,,,,,,,,,,,,,,,
2026-06-01,2026-06-01 09:30:03,158,08700158,BP Alice Springs Truckstop,BP,BP,44a (North) Stuart Hwy,ALICE SPRINGS,0870,NT,4,133.878276,-23.693574,True,True,False,http://rechargepetroleum.com.au,5,5,"DL, LAF, LPG, P95, P98","DL, LAF, LPG, P95, P98",LPG,LPG,169.9,1.699,OK,OK,https://myfuelnt.nt.gov.au/Home/Results?Location=3&FuelCode=ALLD,serverJson:root.FuelOutlet,236.9,2.369,236.9,2.369,True,236.9,2.369,236.9,2.369,True,,,,,,,,,,,,,,,,,,,,,,,,,,,,,,,,,,,,,,,,,213.9,2.1390000000000002,213.9,2.1390000000000002,True,213.9,2.1390000000000002,213.9,2.1390000000000002,True,223.9,2.239,223.9,2.239,True,223.9,2.239,223.9,2.239,True,235.9,2.359,235.9,2.359,True,235.9,2.359,235.9,2.359,True,,,,,,,,,,,,,,,,,,,,,169.9,1.699,169.9,1.699,True,169.9,1.699,169.9,1.699,True,,,,,,,,,,,,,,,,,,,,,,,,,,,,,,
2026-06-01,2026-06-01 09:30:03,159,08700159,BP Gap Road,BP,BP,73 Gap Road,ALICE SPRINGS,0870,NT,4,133.872582,-23.716921,True,True,False,www.rechargepetroleum.com.au,4,4,"DL, LAF, P95, P98","DL, LAF, P95, P98",LAF,Low Aromatic Fuel,213.9,2.1390000000000002,OK,OK,https://myfuelnt.nt.gov.au/Home/Results?Location=3&FuelCode=ALLD,serverJson:root.FuelOutlet,236.9,2.369,236.9,2.369,True,236.9,2.369,236.9,2.369,True,,,,,,,,,,,,,,,,,,,,,,,,,,,,,,,,,,,,,,,,,213.9,2.1390000000000002,213.9,2.1390000000000002,True,213.9,2.1390000000000002,213.9,2.1390000000000002,True,223.9,2.239,223.9,2.239,True,223.9,2.239,223.9,2.239,True,235.9,2.359,235.9,2.359,True,235.9,2.359,235.9,2.359,True,,,,,,,,,,,,,,,,,,,,,,,,,,,,,,,,,,,,,,,,,,,,,,,,,,,,,,,,,,,,
2026-06-01,2026-06-01 09:30:03,160,08700160,BP Sadadeen,BP,BP,70 Spearwood Road,ALICE SPRINGS,0870,NT,4,133.899943,-23.700637,True,True,False,http://rechargepetroleum.com.au,3,3,"DL, LAF, P95","DL, LAF, P95",LAF,Low Aromatic Fuel,213.9,2.1390000000000002,OK,OK,https://myfuelnt.nt.gov.au/Home/Results?Location=3&FuelCode=ALLD,serverJson:root.FuelOutlet,236.9,2.369,236.9,2.369,True,236.9,2.369,236.9,2.369,True,,,,,,,,,,,,,,,,,,,,,,,,,,,,,,,,,,,,,,,,,213.9,2.1390000000000002,213.9,2.1390000000000002,True,213.9,2.1390000000000002,213.9,2.1390000000000002,True,223.9,2.239,223.9,2.239,True,223.9,2.239,223.9,2.239,True,,,,,,,,,,,,,,,,,,,,,,,,,,,,,,,,,,,,,,,,,,,,,,,,,,,,,,,,,,,,,,,,,,,,,,
2026-06-01,2026-06-01 09:30:03,155,08720155,Independent JERVOIS STATION,IN,CA,13381 Plenty Highway via,ALICE SPRINGS,0872,NT,4,136.142942,-22.951033,True,True,False,,2,2,"DL, U91","DL, U91",U91,Unleaded 91,280.0,2.8,OK,OK,https://myfuelnt.nt.gov.au/Home/Results?Location=3&FuelCode=ALLD,serverJson:root.FuelOutlet,300.0,3.0,300.0,3.0,True,300.0,3.0,300.0,3.0,True,,,,,,,,,,,,,,,,,,,,,,,,,,,,,,,280.0,2.8,280.0,2.8,True,280.0,2.8,280.0,2.8,True,,,,,,,,,,,,,,,,,,,,,,,,,,,,,,,,,,,,,,,,,,,,,,,,,,,,,,,,,,,,,,,,,,,,,,,,,,,,,,,,,,,,,,,,,,
2026-06-01,2026-06-01 09:30:03,191,08700191,Refuel Australia Truckstop Smith Street,AM,AM,Lot 913 Smith Street,ALICE SPRINGS,0870,NT,4,133.871034,-23.692967,True,True,False,https://refuelaus.com.au,1,1,DL,DL,DL,Diesel,238.8,2.388,OK,OK,https://myfuelnt.nt.gov.au/Home/Results?Location=3&FuelCode=ALLD,serverJson:root.FuelOutlet,238.8,2.388,238.8,2.388,True,238.8,2.388,238.8,2.388,True,,,,,,,,,,,,,,,,,,,,,,,,,,,,,,,,,,,,,,,,,,,,,,,,,,,,,,,,,,,,,,,,,,,,,,,,,,,,,,,,,,,,,,,,,,,,,,,,,,,,,,,,,,,,,,,,,,,,,,,,,,,,,,,,,,
2026-06-01,2026-06-01 09:30:03,190,08700190,Refuel Depot Ghan Road,AM,AM,16 Ghan Road,ALICE SPRINGS,0870,NT,4,133.871466,-23.693791,True,True,False,http://www.refuelaus.com.au,3,3,"DL, P98, U91","DL, P98, U91",U91,Unleaded 91,215.8,2.158,OK,OK,https://myfuelnt.nt.gov.au/Home/Results?Location=3&FuelCode=ALLD,serverJson:root.FuelOutlet,238.8,2.388,238.8,2.388,True,238.8,2.388,238.8,2.388,True,,,,,,,,,,,,,,,,,,,,,,,,,,,,,,,215.8,2.158,215.8,2.158,True,215.8,2.158,215.8,2.158,True,,,,,,,,,,,,,,,,,,,,,235.8,2.358,235.8,2.358,True,235.8,2.358,235.8,2.358,True,,,,,,,,,,,,,,,,,,,,,,,,,,,,,,,,,,,,,,,,,,,,,,,,,,,,,,,,,,,,
2026-06-01,2026-06-01 09:30:03,35,08700035,SHELL REDDY EXPRESS ALICE SPRINGS GAP RD,C3,C3,2 BAGOT ST (CNR GAP RD),ALICE SPRINGS,0870,NT,4,133.878905,-23.707372,True,True,False,https://www.colesexpress.com.au/,3,0,"DL, LAF, P95",,,,,,OK,OK,https://myfuelnt.nt.gov.au/Home/Results?Location=3&FuelCode=ALLD,serverJson:root.FuelOutlet,,,261.9,2.6189999999999998,False,,,261.9,2.6189999999999998,False,,,,,,,,,,,,,,,,,,,,,,,,,,,,,,,,,,,,,,,,,,,217.5,2.175,False,,,217.5,2.175,False,,,235.0,2.35,False,,,235.0,2.35,False,,,,,,,,,,,,,,,,,,,,,,,,,,,,,,,,,,,,,,,,,,,,,,,,,,,,,,,,,,,,,,,,,,,,,,
2026-06-01,2026-06-01 09:30:03,36,08700036,SHELL REDDY EXPRESS ALICE SPRINGS MT GILLEN,C3,C3,6 LARAPINTA DRIVE,ALICE SPRINGS,0870,NT,4,133.871468,-23.701117,True,True,False,https://www.colesexpress.com.au/,3,3,"DL, LAF, P95","DL, LAF, P95",LAF,Low Aromatic Fuel,213.9,2.1390000000000002,OK,OK,https://myfuelnt.nt.gov.au/Home/Results?Location=3&FuelCode=ALLD,serverJson:root.FuelOutlet,234.9,2.349,234.9,2.349,True,234.9,2.349,234.9,2.349,True,,,,,,,,,,,,,,,,,,,,,,,,,,,,,,,,,,,,,,,,,213.9,2.1390000000000002,213.9,2.1390000000000002,True,213.9,2.1390000000000002,213.9,2.1390000000000002,True,231.4,2.314,231.4,2.314,True,231.4,2.314,231.4,2.314,True,,,,,,,,,,,,,,,,,,,,,,,,,,,,,,,,,,,,,,,,,,,,,,,,,,,,,,,,,,,,,,,,,,,,,,
2026-06-01,2026-06-01 09:30:03,37,08700037,SHELL REDDY EXPRESS ALICE SPRINGS TRUCK STOP,C3,C3,Cnr DALGETY RD & LILBILI ST,ALICE SPRINGS,0870,NT,4,133.864878,-23.66775,True,True,False,https://www.colesexpress.com.au/,3,3,"DL, LAF, P95","DL, LAF, P95",LAF,Low Aromatic Fuel,213.9,2.1390000000000002,OK,OK,https://myfuelnt.nt.gov.au/Home/Results?Location=3&FuelCode=ALLD,serverJson:root.FuelOutlet,234.9,2.349,234.9,2.349,True,234.9,2.349,234.9,2.349,True,,,,,,,,,,,,,,,,,,,,,,,,,,,,,,,,,,,,,,,,,213.9,2.1390000000000002,213.9,2.1390000000000002,True,213.9,2.1390000000000002,213.9,2.1390000000000002,True,231.4,2.314,231.4,2.314,True,231.4,2.314,231.4,2.314,True,,,,,,,,,,,,,,,,,,,,,,,,,,,,,,,,,,,,,,,,,,,,,,,,,,,,,,,,,,,,,,,,,,,,,,
2026-06-01,2026-06-01 09:30:03,73,08730073,UNITED HEAVITREE GAP SUPERMARKET. PIEFACE AND ROADHOUSE,UN,UN,70 Palm Circuit,ALICE SPRINGS,0873,NT,4,133.867248,-23.728498,True,True,False,https://www.unitedpetroleum.com.au,3,3,"DL, LAF, P95","DL, LAF, P95",LAF,Low Aromatic Fuel,213.9,2.1390000000000002,OK,OK,https://myfuelnt.nt.gov.au/Home/Results?Location=3&FuelCode=ALLD,serverJson:root.FuelOutlet,234.9,2.349,234.9,2.349,True,234.9,2.349,234.9,2.349,True,,,,,,,,,,,,,,,,,,,,,,,,,,,,,,,,,,,,,,,,,213.9,2.1390000000000002,213.9,2.1390000000000002,True,213.9,2.1390000000000002,213.9,2.1390000000000002,True,229.9,2.299,229.9,2.299,True,229.9,2.299,229.9,2.299,True,,,,,,,,,,,,,,,,,,,,,,,,,,,,,,,,,,,,,,,,,,,,,,,,,,,,,,,,,,,,,,,,,,,,,,
2026-06-01,2026-06-01 09:30:03,102,08720102,Independent WARTE STORE,IN,PM,"LOT 122, 9 Antyiper Street",ALPURURRULAM,0872,NT,5,137.849121,-20.985741,True,True,False,,2,2,"DL, LAF","DL, LAF",LAF,Low Aromatic Fuel,295.0,2.95,OK,OK,https://myfuelnt.nt.gov.au/Home/Results?Location=3&FuelCode=ALLD,serverJson:root.FuelOutlet,350.0,3.5,350.0,3.5,True,350.0,3.5,350.0,3.5,True,,,,,,,,,,,,,,,,,,,,,,,,,,,,,,,,,,,,,,,,,295.0,2.95,295.0,2.95,True,295.0,2.95,295.0,2.95,True,,,,,,,,,,,,,,,,,,,,,,,,,,,,,,,,,,,,,,,,,,,,,,,,,,,,,,,,,,,,,,,,,,,,,,,,,,,,,,,,
2026-06-01,2026-06-01 09:30:03,105,08720105,Independent AHERRENGE Community Store,IN,IN,1 Morten Street (Lot 23),AMPILATWATJA,0872,NT,4,135.224331,-21.654465,True,True,False,,2,2,"DL, LAF","DL, LAF",LAF,Low Aromatic Fuel,270.0,2.7,OK,OK,https://myfuelnt.nt.gov.au/Home/Results?Location=3&FuelCode=ALLD,serverJson:root.FuelOutlet,290.0,2.9,290.0,2.9,True,290.0,2.9,290.0,2.9,True,,,,,,,,,,,,,,,,,,,,,,,,,,,,,,,,,,,,,,,,,270.0,2.7,270.0,2.7,True,270.0,2.7,270.0,2.7,True,,,,,,,,,,,,,,,,,,,,,,,,,,,,,,,,,,,,,,,,,,,,,,,,,,,,,,,,,,,,,,,,,,,,,,,,,,,,,,,,
2026-06-01,2026-06-01 09:30:03,185,08460185,Adelaide River Mobil,MB,MB,120 Stuart Highway,Adelaide River,0846,NT,1,131.104685,-13.237805,True,True,False,,3,3,"DL, LAF, P95","DL, LAF, P95",LAF,Low Aromatic Fuel,189.9,1.899,OK,OK,https://myfuelnt.nt.gov.au/Home/Results?Location=3&FuelCode=ALLD,serverJson:root.FuelOutlet,226.9,2.269,226.9,2.269,True,226.9,2.269,226.9,2.269,True,,,,,,,,,,,,,,,,,,,,,,,,,,,,,,,,,,,,,,,,,189.9,1.899,189.9,1.899,True,189.9,1.899,189.9,1.899,True,204.9,2.049,204.9,2.049,True,204.9,2.049,204.9,2.049,True,,,,,,,,,,,,,,,,,,,,,,,,,,,,,,,,,,,,,,,,,,,,,,,,,,,,,,,,,,,,,,,,,,,,,,
2026-06-01,2026-06-01 09:30:03,163,08720163,Independent Aileron Roadhouse,IN,IN,"Aileron Access Road, 6304 Stuart Highway",Aileron,0872,NT,4,133.345577,-22.644498,True,True,False,,3,3,"DL, LAF, P95","DL, LAF, P95",LAF,Low Aromatic Fuel,330.0,3.3,OK,OK,https://myfuelnt.nt.gov.au/Home/Results?Location=3&FuelCode=ALLD,serverJson:root.FuelOutlet,350.0,3.5,350.0,3.5,True,350.0,3.5,350.0,3.5,True,,,,,,,,,,,,,,,,,,,,,,,,,,,,,,,,,,,,,,,,,330.0,3.3,330.0,3.3,True,330.0,3.3,330.0,3.3,True,330.0,3.3,330.0,3.3,True,330.0,3.3,330.0,3.3,True,,,,,,,,,,,,,,,,,,,,,,,,,,,,,,,,,,,,,,,,,,,,,,,,,,,,,,,,,,,,,,,,,,,,,,
2026-06-01,2026-06-01 09:30:03,121,08720121,Independent Murray Downs Store,IN,AF,"Murray Downs Station, Murray Downs Road",Ali Curung,0872,NT,5,134.675961,-21.04261,True,True,False,,2,2,"DL, LAF","DL, LAF",DL,Diesel,270.0,2.7,OK,OK,https://myfuelnt.nt.gov.au/Home/Results?Location=3&FuelCode=ALLD,serverJson:root.FuelOutlet,270.0,2.7,270.0,2.7,True,270.0,2.7,270.0,2.7,True,,,,,,,,,,,,,,,,,,,,,,,,,,,,,,,,,,,,,,,,,270.0,2.7,270.0,2.7,True,270.0,2.7,270.0,2.7,True,,,,,,,,,,,,,,,,,,,,,,,,,,,,,,,,,,,,,,,,,,,,,,,,,,,,,,,,,,,,,,,,,,,,,,,,,,,,,,,,
2026-06-01,2026-06-01 09:30:03,24,08720024,Mirnirri Store,PM,PM,"Lot 168, Jungara Street",Ali Curung,0872,NT,5,134.405907,-21.002413,True,True,False,https://outbackstores.com.au,2,2,"DL, LAF","DL, LAF",LAF,Low Aromatic Fuel,307.0,3.07,OK,OK,https://myfuelnt.nt.gov.au/Home/Results?Location=3&FuelCode=ALLD,serverJson:root.FuelOutlet,322.0,3.22,322.0,3.22,True,322.0,3.22,322.0,3.22,True,,,,,,,,,,,,,,,,,,,,,,,,,,,,,,,,,,,,,,,,,307.0,3.07,307.0,3.07,True,307.0,3.07,307.0,3.07,True,,,,,,,,,,,,,,,,,,,,,,,,,,,,,,,,,,,,,,,,,,,,,,,,,,,,,,,,,,,,,,,,,,,,,,,,,,,,,,,,
2026-06-01,2026-06-01 09:30:03,153,08700153,Ampol Larapinta,AM,AM,Lot 8773/26 Larapinta Drive,Alice Springs,0870,NT,4,133.85313,-23.70412,True,True,False,,3,3,"LAF, P95, PD","LAF, P95, PD",LAF,Low Aromatic Fuel,215.2,2.1519999999999997,OK,OK,https://myfuelnt.nt.gov.au/Home/Results?Location=3&FuelCode=ALLD,serverJson:root.FuelOutlet,,,,,,,,,,,239.7,2.397,239.7,2.397,True,239.7,2.397,239.7,2.397,True,,,,,,,,,,,,,,,,,,,,,,,,,,,,,,,215.2,2.1519999999999997,215.2,2.1519999999999997,True,215.2,2.1519999999999997,215.2,2.1519999999999997,True,233.0,2.33,233.0,2.33,True,233.0,2.33,233.0,2.33,True,,,,,,,,,,,,,,,,,,,,,,,,,,,,,,,,,,,,,,,,,,,,,,,,,,,,,,,,,,,,,,,,,,,,,,
2026-06-01,2026-06-01 09:30:03,183,08700183,Ampol Teppa Hill,AM,AM,3/34 North Stuart Highway,Alice Springs,0870,NT,4,133.876074,-23.691003,True,True,False,,3,3,"LAF, P95, PD","LAF, P95, PD",LAF,Low Aromatic Fuel,213.5,2.135,OK,OK,https://myfuelnt.nt.gov.au/Home/Results?Location=3&FuelCode=ALLD,serverJson:root.FuelOutlet,,,,,,,,,,,236.5,2.365,236.5,2.365,True,236.5,2.365,236.5,2.365,True,,,,,,,,,,,,,,,,,,,,,,,,,,,,,,,213.5,2.135,213.5,2.135,True,213.5,2.135,213.5,2.135,True,223.5,2.235,223.5,2.235,True,223.5,2.235,223.5,2.235,True,,,,,,,,,,,,,,,,,,,,,,,,,,,,,,,,,,,,,,,,,,,,,,,,,,,,,,,,,,,,,,,,,,,,,,
2026-06-01,2026-06-01 09:30:03,201,08700201,BP Alice Springs Depot (Recharge Petroleum),BP,BP,20 Whittaker Street,Alice Springs,0870,NT,4,133.874662,-23.695305,True,True,False,https://www.rechargepetroleum.com.au,1,1,DL,DL,DL,Diesel,234.9,2.349,OK,OK,https://myfuelnt.nt.gov.au/Home/Results?Location=3&FuelCode=ALLD,serverJson:root.FuelOutlet,234.9,2.349,234.9,2.349,True,234.9,2.349,234.9,2.349,True,,,,,,,,,,,,,,,,,,,,,,,,,,,,,,,,,,,,,,,,,,,,,,,,,,,,,,,,,,,,,,,,,,,,,,,,,,,,,,,,,,,,,,,,,,,,,,,,,,,,,,,,,,,,,,,,,,,,,,,,,,,,,,,,,,
2026-06-01,2026-06-01 09:30:03,47,08700047,EG Ampol Alice Springs,EA,EA,Corner Wills Street and Railway Terrace,Alice Springs,0870,NT,4,133.880355,-23.695662,True,True,False,https://www.woolworths.com.au/Shop/Discover/petrol,3,3,"LAF, P95, PD","LAF, P95, PD",LAF,Low Aromatic Fuel,213.9,2.1390000000000002,OK,OK,https://myfuelnt.nt.gov.au/Home/Results?Location=3&FuelCode=ALLD,serverJson:root.FuelOutlet,,,,,,,,,,,234.9,2.349,234.9,2.349,True,234.9,2.349,234.9,2.349,True,,,,,,,,,,,,,,,,,,,,,,,,,,,,,,,213.9,2.1390000000000002,213.9,2.1390000000000002,True,213.9,2.1390000000000002,213.9,2.1390000000000002,True,225.9,2.259,225.9,2.259,True,225.9,2.259,225.9,2.259,True,,,,,,,,,,,,,,,,,,,,,,,,,,,,,,,,,,,,,,,,,,,,,,,,,,,,,,,,,,,,,,,,,,,,,,
2026-06-01,2026-06-01 09:30:03,229,08700229,Mogas Alice Springs Airport OPT,MO,MO,462 Davis Drive,Alice Springs,0870,NT,4,133.901217,-23.800427,True,True,False,,2,2,"DL, LAF","DL, LAF",LAF,Low Aromatic Fuel,215.5,2.155,OK,OK,https://myfuelnt.nt.gov.au/Home/Results?Location=3&FuelCode=ALLD,serverJson:root.FuelOutlet,239.5,2.395,239.5,2.395,True,239.5,2.395,239.5,2.395,True,,,,,,,,,,,,,,,,,,,,,,,,,,,,,,,,,,,,,,,,,215.5,2.155,215.5,2.155,True,215.5,2.155,215.5,2.155,True,,,,,,,,,,,,,,,,,,,,,,,,,,,,,,,,,,,,,,,,,,,,,,,,,,,,,,,,,,,,,,,,,,,,,,,,,,,,,,,,
2026-06-01,2026-06-01 09:30:03,76,08700076,S24 Alice City,OR,OR,34 Railway Terrace,Alice Springs,0870,NT,4,133.878272,-23.698712,True,True,False,http://otr.com.au,4,4,"LAF, P95, P98, PD","LAF, P95, P98, PD",LAF,Low Aromatic Fuel,213.9,2.1390000000000002,OK,OK,https://myfuelnt.nt.gov.au/Home/Results?Location=3&FuelCode=ALLD,serverJson:root.FuelOutlet,,,,,,,,,,,236.9,2.369,236.9,2.369,True,236.9,2.369,236.9,2.369,True,,,,,,,,,,,,,,,,,,,,,,,,,,,,,,,213.9,2.1390000000000002,213.9,2.1390000000000002,True,213.9,2.1390000000000002,213.9,2.1390000000000002,True,231.4,2.314,231.4,2.314,True,231.4,2.314,231.4,2.314,True,240.9,2.4090000000000003,240.9,2.4090000000000003,True,240.9,2.4090000000000003,240.9,2.4090000000000003,True,,,,,,,,,,,,,,,,,,,,,,,,,,,,,,,,,,,,,,,,,,,,,,,,,,,,,,,,,,,,
2026-06-01,2026-06-01 09:30:03,132,08850132,Independent Alyangula Township Service Station,IN,IN,24 Hour. Rowell Highway,Alyangula,0885,NT,7,136.421326,-13.858038,True,True,False,,2,2,"DL, LAF","DL, LAF",DL,Diesel,146.8,1.4680000000000002,OK,OK,https://myfuelnt.nt.gov.au/Home/Results?Location=3&FuelCode=ALLD,serverJson:root.FuelOutlet,146.8,1.4680000000000002,146.8,1.4680000000000002,True,146.8,1.4680000000000002,146.8,1.4680000000000002,True,,,,,,,,,,,,,,,,,,,,,,,,,,,,,,,,,,,,,,,,,175.6,1.756,175.6,1.756,True,175.6,1.756,175.6,1.756,True,,,,,,,,,,,,,,,,,,,,,,,,,,,,,,,,,,,,,,,,,,,,,,,,,,,,,,,,,,,,,,,,,,,,,,,,,,,,,,,,
2026-06-01,2026-06-01 09:30:03,224,08720224,Independent Bonya Store,IN,IN,"Lot 32, Bonya Community",Anatye,0872,NT,4,136.169381,-22.789573,True,True,False,,2,2,"DL, LAF","DL, LAF",LAF,Low Aromatic Fuel,285.0,2.85,OK,OK,https://myfuelnt.nt.gov.au/Home/Results?Location=3&FuelCode=ALLD,serverJson:root.FuelOutlet,390.0,3.9,390.0,3.9,True,390.0,3.9,390.0,3.9,True,,,,,,,,,,,,,,,,,,,,,,,,,,,,,,,,,,,,,,,,,285.0,2.85,285.0,2.85,True,285.0,2.85,285.0,2.85,True,,,,,,,,,,,,,,,,,,,,,,,,,,,,,,,,,,,,,,,,,,,,,,,,,,,,,,,,,,,,,,,,,,,,,,,,,,,,,,,,
2026-06-01,2026-06-01 09:30:03,16,08220016,Independent Angurugu Community Store,IN,IN,Lot 327-373,Angurugu,0822,NT,7,136.461896,-13.981412,True,True,False,,1,1,DL,DL,DL,Diesel,240.0,2.4,OK,OK,https://myfuelnt.nt.gov.au/Home/Results?Location=3&FuelCode=ALLD,serverJson:root.FuelOutlet,240.0,2.4,240.0,2.4,True,240.0,2.4,240.0,2.4,True,,,,,,,,,,,,,,,,,,,,,,,,,,,,,,,,,,,,,,,,,,,,,,,,,,,,,,,,,,,,,,,,,,,,,,,,,,,,,,,,,,,,,,,,,,,,,,,,,,,,,,,,,,,,,,,,,,,,,,,,,,,,,,,,,,
2026-06-01,2026-06-01 09:30:03,130,08720130,Independent Tilmouth Well Roadhouse,IN,IN,16700 Tanami Road,Anmatjere,0872,NT,4,132.598933,-22.809705,True,True,False,http://www.tilmouthwell.com,2,2,"DL, P95","DL, P95",P95,Premium 95,280.0,2.8,OK,OK,https://myfuelnt.nt.gov.au/Home/Results?Location=3&FuelCode=ALLD,serverJson:root.FuelOutlet,290.0,2.9,290.0,2.9,True,290.0,2.9,290.0,2.9,True,,,,,,,,,,,,,,,,,,,,,,,,,,,,,,,,,,,,,,,,,,,,,,,,,,,280.0,2.8,280.0,2.8,True,280.0,2.8,280.0,2.8,True,,,,,,,,,,,,,,,,,,,,,,,,,,,,,,,,,,,,,,,,,,,,,,,,,,,,,,,,,,,,,,,,,,,,,,
2026-06-01,2026-06-01 09:30:03,149,08720149,Independent Aputula Store,IN,IN,Mon to Fri 9am-12pm & 2pm-4pm. Sat 9am-12pm. 20 Lapadum Street,Aputula,0872,NT,4,134.576613,-25.582525,True,True,False,,2,2,"DL, LAF","DL, LAF",LAF,Low Aromatic Fuel,328.0,3.28,OK,OK,https://myfuelnt.nt.gov.au/Home/Results?Location=3&FuelCode=ALLD,serverJson:root.FuelOutlet,389.0,3.89,389.0,3.89,True,389.0,3.89,389.0,3.89,True,,,,,,,,,,,,,,,,,,,,,,,,,,,,,,,,,,,,,,,,,328.0,3.28,328.0,3.28,True,328.0,3.28,328.0,3.28,True,,,,,,,,,,,,,,,,,,,,,,,,,,,,,,,,,,,,,,,,,,,,,,,,,,,,,,,,,,,,,,,,,,,,,,,,,,,,,,,,
2026-06-01,2026-06-01 09:30:03,150,08720150,Independent Areyonga Store,IN,IV,"Mon to Fri 9am-12pm & 2:30pm-4:30pm. Lot 2 Lydia Dora Drive, Areyonga Community",Areyonga,0872,NT,4,132.26893,-24.07402,True,True,False,,2,2,"DL, LAF","DL, LAF",LAF,Low Aromatic Fuel,320.0,3.2,OK,OK,https://myfuelnt.nt.gov.au/Home/Results?Location=3&FuelCode=ALLD,serverJson:root.FuelOutlet,420.0,4.2,420.0,4.2,True,420.0,4.2,420.0,4.2,True,,,,,,,,,,,,,,,,,,,,,,,,,,,,,,,,,,,,,,,,,320.0,3.2,320.0,3.2,True,320.0,3.2,320.0,3.2,True,,,,,,,,,,,,,,,,,,,,,,,,,,,,,,,,,,,,,,,,,,,,,,,,,,,,,,,,,,,,,,,,,,,,,,,,,,,,,,,,
2026-06-01,2026-06-01 09:30:03,193,08720193,Independent Arlparra Community Store,IN,IN,1 Sandover Highway,Arlparra,0872,NT,4,134.776019,-22.086357,True,True,False,,2,2,"DL, LAF","DL, LAF",LAF,Low Aromatic Fuel,300.0,3.0,OK,OK,https://myfuelnt.nt.gov.au/Home/Results?Location=3&FuelCode=ALLD,serverJson:root.FuelOutlet,350.0,3.5,350.0,3.5,True,350.0,3.5,350.0,3.5,True,,,,,,,,,,,,,,,,,,,,,,,,,,,,,,,,,,,,,,,,,300.0,3.0,300.0,3.0,True,300.0,3.0,300.0,3.0,True,,,,,,,,,,,,,,,,,,,,,,,,,,,,,,,,,,,,,,,,,,,,,,,,,,,,,,,,,,,,,,,,,,,,,,,,,,,,,,,,
2026-06-01,2026-06-01 09:30:03,177,08520177,Independent DUNMARRA WAYSIDE INN,IN,IN,13729 Stuart Highway,BIRDUM,0852,NT,6,133.412717,-16.679732,True,True,False,,3,3,"DL, LAF, P95","DL, LAF, P95",LAF,Low Aromatic Fuel,265.0,2.65,OK,OK,https://myfuelnt.nt.gov.au/Home/Results?Location=3&FuelCode=ALLD,serverJson:root.FuelOutlet,272.0,2.72,272.0,2.72,True,272.0,2.72,272.0,2.72,True,,,,,,,,,,,,,,,,,,,,,,,,,,,,,,,,,,,,,,,,,265.0,2.65,265.0,2.65,True,265.0,2.65,265.0,2.65,True,275.0,2.75,275.0,2.75,True,275.0,2.75,275.0,2.75,True,,,,,,,,,,,,,,,,,,,,,,,,,,,,,,,,,,,,,,,,,,,,,,,,,,,,,,,,,,,,,,,,,,,,,,
2026-06-01,2026-06-01 09:30:03,48,08310048,EG Ampol Bakewell,EA,EA,Corner Chung Wah Terrace and Lambrick Avenue,Bakewell,0831,NT,9,130.986152,-12.499875,True,True,False,https://www.woolworths.com.au/Shop/Discover/petrol,3,3,"P95, PD, U91","P95, PD, U91",U91,Unleaded 91,187.9,1.879,OK,OK,https://myfuelnt.nt.gov.au/Home/Results?Location=3&FuelCode=ALLD,serverJson:root.FuelOutlet,,,,,,,,,,,218.9,2.189,218.9,2.189,True,218.9,2.189,218.9,2.189,True,,,,,,,,,,,,,,,,,,,,,187.9,1.879,187.9,1.879,True,187.9,1.879,187.9,1.879,True,,,,,,,,,,,199.9,1.999,199.9,1.999,True,199.9,1.999,199.9,1.999,True,,,,,,,,,,,,,,,,,,,,,,,,,,,,,,,,,,,,,,,,,,,,,,,,,,,,,,,,,,,,,,,,,,,,,,
2026-06-01,2026-06-01 09:30:03,194,08720194,Independent Barrow Creek Hotel,IN,UN,"Open 7 days 07:00 - 21:00, excluding Christmas day - NT Portion 449 Stuart Highway",Barrow Creek,0872,NT,5,133.889308,-21.531326,True,True,False,,2,2,"DL, P95","DL, P95",DL,Diesel,387.9,3.8789999999999996,OK,OK,https://myfuelnt.nt.gov.au/Home/Results?Location=3&FuelCode=ALLD,serverJson:root.FuelOutlet,387.9,3.8789999999999996,387.9,3.8789999999999996,True,387.9,3.8789999999999996,387.9,3.8789999999999996,True,,,,,,,,,,,,,,,,,,,,,,,,,,,,,,,,,,,,,,,,,,,,,,,,,,,387.9,3.8789999999999996,387.9,3.8789999999999996,True,387.9,3.8789999999999996,387.9,3.8789999999999996,True,,,,,,,,,,,,,,,,,,,,,,,,,,,,,,,,,,,,,,,,,,,,,,,,,,,,,,,,,,,,,,,,,,,,,,
2026-06-01,2026-06-01 09:30:03,170,08450170,Batchelor Service Centre,AF,AF,27 Rum Jungle Road,Batchelor,0845,NT,1,131.024666,-13.046233,True,True,False,,3,3,"DL, P95, U91","DL, P95, U91",U91,Unleaded 91,220.9,2.209,OK,OK,https://myfuelnt.nt.gov.au/Home/Results?Location=3&FuelCode=ALLD,serverJson:root.FuelOutlet,239.9,2.399,239.9,2.399,True,239.9,2.399,239.9,2.399,True,,,,,,,,,,,,,,,,,,,,,,,,,,,,,,,220.9,2.209,220.9,2.209,True,220.9,2.209,220.9,2.209,True,,,,,,,,,,,275.0,2.75,275.0,2.75,True,275.0,2.75,275.0,2.75,True,,,,,,,,,,,,,,,,,,,,,,,,,,,,,,,,,,,,,,,,,,,,,,,,,,,,,,,,,,,,,,,,,,,,,,
2026-06-01,2026-06-01 09:30:03,98,08450098,Independent Batchelor General Store & Fuel,IN,IN,20 Tarkarri Road,Batchelor,0845,NT,1,131.027699,-13.046505,True,True,False,,3,3,"DL, P95, U91","DL, P95, U91",U91,Unleaded 91,220.0,2.2,OK,OK,https://myfuelnt.nt.gov.au/Home/Results?Location=3&FuelCode=ALLD,serverJson:root.FuelOutlet,235.0,2.35,235.0,2.35,True,235.0,2.35,235.0,2.35,True,,,,,,,,,,,,,,,,,,,,,,,,,,,,,,,220.0,2.2,220.0,2.2,True,220.0,2.2,220.0,2.2,True,,,,,,,,,,,250.0,2.5,250.0,2.5,True,250.0,2.5,250.0,2.5,True,,,,,,,,,,,,,,,,,,,,,,,,,,,,,,,,,,,,,,,,,,,,,,,,,,,,,,,,,,,,,,,,,,,,,,
2026-06-01,2026-06-01 09:30:03,178,08450178,Litchfield Outback Resort,BP,BP,49 Rum Jungle Rd,Batchelor,0845,NT,1,131.024511,-13.041652,True,True,False,http://www.litchfieldoutbackresort.com.au/,3,3,"DL, P95, U91","DL, P95, U91",U91,Unleaded 91,220.0,2.2,OK,OK,https://myfuelnt.nt.gov.au/Home/Results?Location=3&FuelCode=ALLD,serverJson:root.FuelOutlet,235.0,2.35,235.0,2.35,True,235.0,2.35,235.0,2.35,True,,,,,,,,,,,,,,,,,,,,,,,,,,,,,,,220.0,2.2,220.0,2.2,True,220.0,2.2,220.0,2.2,True,,,,,,,,,,,250.0,2.5,250.0,2.5,True,250.0,2.5,250.0,2.5,True,,,,,,,,,,,,,,,,,,,,,,,,,,,,,,,,,,,,,,,,,,,,,,,,,,,,,,,,,,,,,,,,,,,,,,
2026-06-01,2026-06-01 09:30:03,116,08220116,Belyuen Store,PM,PM,"Lot 297, Cox Peninsula Road, Belyuen Community",Belyuen,0822,NT,1,130.698544,-12.53659,True,True,False,https://www.belyuen.nt.gov.au,2,2,"DL, U91","DL, U91",U91,Unleaded 91,210.0,2.1,OK,OK,https://myfuelnt.nt.gov.au/Home/Results?Location=3&FuelCode=ALLD,serverJson:root.FuelOutlet,270.0,2.7,270.0,2.7,True,270.0,2.7,270.0,2.7,True,,,,,,,,,,,,,,,,,,,,,,,,,,,,,,,210.0,2.1,210.0,2.1,True,210.0,2.1,210.0,2.1,True,,,,,,,,,,,,,,,,,,,,,,,,,,,,,,,,,,,,,,,,,,,,,,,,,,,,,,,,,,,,,,,,,,,,,,,,,,,,,,,,,,,,,,,,,,
2026-06-01,2026-06-01 09:30:03,46,08280046,Ampol Foodary Berrimah,AM,AM,92 Jessop Cres,Berrimah,0828,NT,3,130.9131,-12.427976,True,True,False,https://www.ampol.com.au,4,4,"P95, P98, PD, U91","P95, P98, PD, U91",U91,Unleaded 91,186.9,1.869,OK,OK,https://myfuelnt.nt.gov.au/Home/Results?Location=3&FuelCode=ALLD,serverJson:root.FuelOutlet,,,,,,,,,,,220.9,2.209,220.9,2.209,True,220.9,2.209,220.9,2.209,True,,,,,,,,,,,,,,,,,,,,,186.9,1.869,186.9,1.869,True,186.9,1.869,186.9,1.869,True,,,,,,,,,,,203.9,2.039,203.9,2.039,True,203.9,2.039,203.9,2.039,True,225.9,2.259,225.9,2.259,True,225.9,2.259,225.9,2.259,True,,,,,,,,,,,,,,,,,,,,,,,,,,,,,,,,,,,,,,,,,,,,,,,,,,,,,,,,,,,,
2026-06-01,2026-06-01 09:30:03,186,08280186,BP Berrimah OPT (Recharge Petroleum),BP,BP,Cnr Angliss Rd and Fotiades Rd,Berrimah,0828,NT,3,130.94755,-12.447604,True,True,False,http://www.rechargepetroleum.com.au,1,1,DL,DL,DL,Diesel,215.9,2.1590000000000003,OK,OK,https://myfuelnt.nt.gov.au/Home/Results?Location=3&FuelCode=ALLD,serverJson:root.FuelOutlet,215.9,2.1590000000000003,215.9,2.1590000000000003,True,215.9,2.1590000000000003,215.9,2.1590000000000003,True,,,,,,,,,,,,,,,,,,,,,,,,,,,,,,,,,,,,,,,,,,,,,,,,,,,,,,,,,,,,,,,,,,,,,,,,,,,,,,,,,,,,,,,,,,,,,,,,,,,,,,,,,,,,,,,,,,,,,,,,,,,,,,,,,,
2026-06-01,2026-06-01 09:30:03,93,08280093,S24 Berrimah,OR,OR,3921 Berrimah Road,Berrimah,0828,NT,3,130.923847,-12.434533,True,True,False,https://www.otr.com.au,4,4,"P95, P98, PD, U91","P95, P98, PD, U91",U91,Unleaded 91,186.9,1.869,OK,OK,https://myfuelnt.nt.gov.au/Home/Results?Location=3&FuelCode=ALLD,serverJson:root.FuelOutlet,,,,,,,,,,,218.9,2.189,218.9,2.189,True,218.9,2.189,218.9,2.189,True,,,,,,,,,,,,,,,,,,,,,186.9,1.869,186.9,1.869,True,186.9,1.869,186.9,1.869,True,,,,,,,,,,,204.4,2.044,204.4,2.044,True,204.4,2.044,204.4,2.044,True,213.9,2.1390000000000002,213.9,2.1390000000000002,True,213.9,2.1390000000000002,213.9,2.1390000000000002,True,,,,,,,,,,,,,,,,,,,,,,,,,,,,,,,,,,,,,,,,,,,,,,,,,,,,,,,,,,,,
2026-06-01,2026-06-01 09:30:03,84,08280084,S24 Knuckey Lagoon,OR,OR,687 Stuart Highway,Berrimah,0828,NT,3,130.924834,-12.433454,True,True,False,https://www.otr.com.au,3,3,"P98, PD, U91","P98, PD, U91",U91,Unleaded 91,186.9,1.869,OK,OK,https://myfuelnt.nt.gov.au/Home/Results?Location=3&FuelCode=ALLD,serverJson:root.FuelOutlet,,,,,,,,,,,218.9,2.189,218.9,2.189,True,218.9,2.189,218.9,2.189,True,,,,,,,,,,,,,,,,,,,,,186.9,1.869,186.9,1.869,True,186.9,1.869,186.9,1.869,True,,,,,,,,,,,,,,,,,,,,,213.9,2.1390000000000002,213.9,2.1390000000000002,True,213.9,2.1390000000000002,213.9,2.1390000000000002,True,,,,,,,,,,,,,,,,,,,,,,,,,,,,,,,,,,,,,,,,,,,,,,,,,,,,,,,,,,,,
2026-06-01,2026-06-01 09:30:03,214,08380214,Caltex Berry Springs,CA,PM,795 Cox Peninsula Road,Berry Springs,0838,NT,2,131.015543,-12.701106,True,True,False,https://www.pumaenergy.com.au,4,4,"P95, P98, PD, U91","P95, P98, PD, U91",U91,Unleaded 91,187.9,1.879,OK,OK,https://myfuelnt.nt.gov.au/Home/Results?Location=3&FuelCode=ALLD,serverJson:root.FuelOutlet,,,,,,,,,,,222.9,2.229,222.9,2.229,True,222.9,2.229,222.9,2.229,True,,,,,,,,,,,,,,,,,,,,,187.9,1.879,187.9,1.879,True,187.9,1.879,187.9,1.879,True,,,,,,,,,,,203.9,2.039,203.9,2.039,True,203.9,2.039,203.9,2.039,True,229.9,2.299,229.9,2.299,True,229.9,2.299,229.9,2.299,True,,,,,,,,,,,,,,,,,,,,,,,,,,,,,,,,,,,,,,,,,,,,,,,,,,,,,,,,,,,,
2026-06-01,2026-06-01 09:30:03,15,08520015,Beswick Store,PM,PM,52 Ngalagan Street,Beswick,0852,NT,6,133.116874,-14.561027,True,True,False,https://outbackstores.com.au,2,2,"DL, LAF","DL, LAF",LAF,Low Aromatic Fuel,253.0,2.53,OK,OK,https://myfuelnt.nt.gov.au/Home/Results?Location=3&FuelCode=ALLD,serverJson:root.FuelOutlet,299.0,2.99,299.0,2.99,True,299.0,2.99,299.0,2.99,True,,,,,,,,,,,,,,,,,,,,,,,,,,,,,,,,,,,,,,,,,253.0,2.53,253.0,2.53,True,253.0,2.53,253.0,2.53,True,,,,,,,,,,,,,,,,,,,,,,,,,,,,,,,,,,,,,,,,,,,,,,,,,,,,,,,,,,,,,,,,,,,,,,,,,,,,,,,,
2026-06-01,2026-06-01 09:30:03,138,08540138,Gulf Mini Mart,BP,CA,153 Robinson Road,Borroloola,0854,NT,6,136.307645,-16.073598,True,True,False,,2,2,"DL, U91","DL, U91",U91,Unleaded 91,225.0,2.25,OK,OK,https://myfuelnt.nt.gov.au/Home/Results?Location=3&FuelCode=ALLD,serverJson:root.FuelOutlet,269.0,2.69,269.0,2.69,True,269.0,2.69,269.0,2.69,True,,,,,,,,,,,,,,,,,,,,,,,,,,,,,,,225.0,2.25,225.0,2.25,True,225.0,2.25,225.0,2.25,True,,,,,,,,,,,,,,,,,,,,,,,,,,,,,,,,,,,,,,,,,,,,,,,,,,,,,,,,,,,,,,,,,,,,,,,,,,,,,,,,,,,,,,,,,,
2026-06-01,2026-06-01 09:30:03,146,08540146,Heartbreak Hotel,BP,BP,27101 Carpentaria Highway,Borroloola,0854,NT,6,135.726721,-16.683417,True,True,False,http://www.heartbreakhotel.com.au,2,2,"DL, U91","DL, U91",U91,Unleaded 91,280.0,2.8,OK,OK,https://myfuelnt.nt.gov.au/Home/Results?Location=3&FuelCode=ALLD,serverJson:root.FuelOutlet,299.0,2.99,299.0,2.99,True,299.0,2.99,299.0,2.99,True,,,,,,,,,,,,,,,,,,,,,,,,,,,,,,,280.0,2.8,280.0,2.8,True,280.0,2.8,280.0,2.8,True,,,,,,,,,,,,,,,,,,,,,,,,,,,,,,,,,,,,,,,,,,,,,,,,,,,,,,,,,,,,,,,,,,,,,,,,,,,,,,,,,,,,,,,,,,
2026-06-01,2026-06-01 09:30:03,9,08540009,Malandari Store,UN,UN,ENTRY BY PERMIT ONLY. 330 Robinson Rd,Borroloola,0854,NT,6,136.307327,-16.057088,True,True,False,https://www.alpa.asn.au,2,2,"DL, LAF","DL, LAF",LAF,Low Aromatic Fuel,225.0,2.25,OK,OK,https://myfuelnt.nt.gov.au/Home/Results?Location=3&FuelCode=ALLD,serverJson:root.FuelOutlet,269.0,2.69,269.0,2.69,True,269.0,2.69,269.0,2.69,True,,,,,,,,,,,,,,,,,,,,,,,,,,,,,,,,,,,,,,,,,225.0,2.25,225.0,2.25,True,225.0,2.25,225.0,2.25,True,,,,,,,,,,,,,,,,,,,,,,,,,,,,,,,,,,,,,,,,,,,,,,,,,,,,,,,,,,,,,,,,,,,,,,,,,,,,,,,,
2026-06-01,2026-06-01 09:30:03,28,08540028,TJS One Stop,UN,UN,Lot 535 & 796 Robinson Rd,Borroloola,0854,NT,6,136.306301,-16.05368,True,True,False,,3,3,"DL, P95, U91","DL, P95, U91",U91,Unleaded 91,220.0,2.2,OK,OK,https://myfuelnt.nt.gov.au/Home/Results?Location=3&FuelCode=ALLD,serverJson:root.FuelOutlet,252.0,2.52,252.0,2.52,True,252.0,2.52,252.0,2.52,True,,,,,,,,,,,,,,,,,,,,,,,,,,,,,,,220.0,2.2,220.0,2.2,True,220.0,2.2,220.0,2.2,True,,,,,,,,,,,246.0,2.46,246.0,2.46,True,246.0,2.46,246.0,2.46,True,,,,,,,,,,,,,,,,,,,,,,,,,,,,,,,,,,,,,,,,,,,,,,,,,,,,,,,,,,,,,,,,,,,,,,
2026-06-01,2026-06-01 09:30:03,204,08700204,Alice Springs Depot,OR,PM,12 Dalgety Road,Braitling,0870,NT,4,133.864862,-23.669213,True,True,False,https://www.otr.com.au,3,3,"DL, LAF, P98","DL, LAF, P98",LAF,Low Aromatic Fuel,215.5,2.155,OK,OK,https://myfuelnt.nt.gov.au/Home/Results?Location=3&FuelCode=ALLD,serverJson:root.FuelOutlet,236.5,2.365,236.5,2.365,True,236.5,2.365,236.5,2.365,True,,,,,,,,,,,,,,,,,,,,,,,,,,,,,,,,,,,,,,,,,215.5,2.155,215.5,2.155,True,215.5,2.155,215.5,2.155,True,,,,,,,,,,,235.9,2.359,235.9,2.359,True,235.9,2.359,235.9,2.359,True,,,,,,,,,,,,,,,,,,,,,,,,,,,,,,,,,,,,,,,,,,,,,,,,,,,,,,,,,,,,
2026-06-01,2026-06-01 09:30:03,25,08520025,Gulin Gulin Store,PM,PM,Bulman via Central Arnhem Highway NT,Bulman,0852,NT,6,134.333928,-13.665901,True,True,False,https://outbackstores.com.au,2,2,"DL, LAF","DL, LAF",LAF,Low Aromatic Fuel,260.0,2.6,OK,OK,https://myfuelnt.nt.gov.au/Home/Results?Location=3&FuelCode=ALLD,serverJson:root.FuelOutlet,306.0,3.06,306.0,3.06,True,306.0,3.06,306.0,3.06,True,,,,,,,,,,,,,,,,,,,,,,,,,,,,,,,,,,,,,,,,,260.0,2.6,260.0,2.6,True,260.0,2.6,260.0,2.6,True,,,,,,,,,,,,,,,,,,,,,,,,,,,,,,,,,,,,,,,,,,,,,,,,,,,,,,,,,,,,,,,,,,,,,,,,,,,,,,,,
2026-06-01,2026-06-01 09:30:03,1,08220001,Independent Sandpalms Tropical Resort,IN,IN,Lot 29 Bynoe Haven Rd,Bynoe Haven,0822,NT,2,130.615763,-12.81274,True,True,False,,2,2,"DL, U91","DL, U91",U91,Unleaded 91,198.0,1.98,OK,OK,https://myfuelnt.nt.gov.au/Home/Results?Location=3&FuelCode=ALLD,serverJson:root.FuelOutlet,255.0,2.55,255.0,2.55,True,255.0,2.55,255.0,2.55,True,,,,,,,,,,,,,,,,,,,,,,,,,,,,,,,198.0,1.98,198.0,1.98,True,198.0,1.98,198.0,1.98,True,,,,,,,,,,,,,,,,,,,,,,,,,,,,,,,,,,,,,,,,,,,,,,,,,,,,,,,,,,,,,,,,,,,,,,,,,,,,,,,,,,,,,,,,,,
2026-06-01,2026-06-01 09:30:03,41,08100041,Solo Casuarina,SO,SO,"247 Trower Road, Cnr Dripstone Casuarina 0810",CASUARINA,0810,NT,3,130.882005,-12.376822,True,True,False,,5,4,"DL, P95, P98, PD, U91","DL, P95, P98, U91",U91,Unleaded 91,184.9,1.849,OK,OK,https://myfuelnt.nt.gov.au/Home/Results?Location=3&FuelCode=ALLD,serverJson:root.FuelOutlet,216.9,2.169,216.9,2.169,True,216.9,2.169,216.9,2.169,True,,,221.9,2.219,False,,,221.9,2.219,False,,,,,,,,,,,,,,,,,,,,,184.9,1.849,184.9,1.849,True,184.9,1.849,184.9,1.849,True,,,,,,,,,,,196.9,1.969,196.9,1.969,True,196.9,1.969,196.9,1.969,True,211.9,2.119,211.9,2.119,True,211.9,2.119,211.9,2.119,True,,,,,,,,,,,,,,,,,,,,,,,,,,,,,,,,,,,,,,,,,,,,,,,,,,,,,,,,,,,,
2026-06-01,2026-06-01 09:30:03,103,08860103,Cooinda Lodge Kakadu Service Station,BP,PM,Lot 341580,COOINDA,0886,NT,1,132.521309,-12.905407,True,True,False,https://www.kakadutourism.com,3,3,"DL, LAF, P95","DL, LAF, P95",LAF,Low Aromatic Fuel,232.0,2.32,OK,OK,https://myfuelnt.nt.gov.au/Home/Results?Location=3&FuelCode=ALLD,serverJson:root.FuelOutlet,290.0,2.9,290.0,2.9,True,290.0,2.9,290.0,2.9,True,,,,,,,,,,,,,,,,,,,,,,,,,,,,,,,,,,,,,,,,,232.0,2.32,232.0,2.32,True,232.0,2.32,232.0,2.32,True,244.0,2.44,244.0,2.44,True,244.0,2.44,244.0,2.44,True,,,,,,,,,,,,,,,,,,,,,,,,,,,,,,,,,,,,,,,,,,,,,,,,,,,,,,,,,,,,,,,,,,,,,,
2026-06-01,2026-06-01 09:30:03,29,08350029,Caltex Coolalinga,CA,PM,465 Stuart Highway,COOLALINGA,0835,NT,2,131.04365,-12.52364,True,True,False,https://www.pumaenergy.com.au,3,3,"P95, PD, U91","P95, PD, U91",U91,Unleaded 91,187.9,1.879,OK,OK,https://myfuelnt.nt.gov.au/Home/Results?Location=3&FuelCode=ALLD,serverJson:root.FuelOutlet,,,,,,,,,,,219.9,2.199,219.9,2.199,True,219.9,2.199,219.9,2.199,True,,,,,,,,,,,,,,,,,,,,,187.9,1.879,187.9,1.879,True,187.9,1.879,187.9,1.879,True,,,,,,,,,,,202.9,2.029,202.9,2.029,True,202.9,2.029,202.9,2.029,True,,,,,,,,,,,,,,,,,,,,,,,,,,,,,,,,,,,,,,,,,,,,,,,,,,,,,,,,,,,,,,,,,,,,,,
2026-06-01,2026-06-01 09:30:03,34,08390034,SHELL REDDY EXPRESS COOLALINGA,C3,C3,425 STUART HWY,COOLALINGA,0839,NT,2,131.04209,-12.52248,True,True,False,https://www.colesexpress.com.au/,3,3,"DL, P95, U91","DL, P95, U91",U91,Unleaded 91,187.9,1.879,OK,OK,https://myfuelnt.nt.gov.au/Home/Results?Location=3&FuelCode=ALLD,serverJson:root.FuelOutlet,217.9,2.1790000000000003,217.9,2.1790000000000003,True,217.9,2.1790000000000003,217.9,2.1790000000000003,True,,,,,,,,,,,,,,,,,,,,,,,,,,,,,,,187.9,1.879,187.9,1.879,True,187.9,1.879,187.9,1.879,True,,,,,,,,,,,205.4,2.0540000000000003,205.4,2.0540000000000003,True,205.4,2.0540000000000003,205.4,2.0540000000000003,True,,,,,,,,,,,,,,,,,,,,,,,,,,,,,,,,,,,,,,,,,,,,,,,,,,,,,,,,,,,,,,,,,,,,,,
2026-06-01,2026-06-01 09:30:03,62,08390062,UNITED COOLALINGA PIEFACE & ROADHOUSE,UN,UN,Lot 2 420 Stuart Hwy,COOLALINGA,0839,NT,2,131.040123,-12.522443,True,True,False,https://www.unitedpetroleum.com.au,5,5,"DL, P95, P98, PD, U91","DL, P95, P98, PD, U91",U91,Unleaded 91,187.9,1.879,OK,OK,https://myfuelnt.nt.gov.au/Home/Results?Location=3&FuelCode=ALLD,serverJson:root.FuelOutlet,217.9,2.1790000000000003,217.9,2.1790000000000003,True,217.9,2.1790000000000003,217.9,2.1790000000000003,True,219.9,2.199,219.9,2.199,True,219.9,2.199,219.9,2.199,True,,,,,,,,,,,,,,,,,,,,,187.9,1.879,187.9,1.879,True,187.9,1.879,187.9,1.879,True,,,,,,,,,,,203.9,2.039,203.9,2.039,True,203.9,2.039,203.9,2.039,True,232.9,2.329,232.9,2.329,True,232.9,2.329,232.9,2.329,True,,,,,,,,,,,,,,,,,,,,,,,,,,,,,,,,,,,,,,,,,,,,,,,,,,,,,,,,,,,,
2026-06-01,2026-06-01 09:30:03,26,08720026,Canteen Creek Store,PM,PM,Lot 48 Canteen Creek Davenport Ranges,Canteen Creek,0872,NT,5,135.585732,-20.644573,True,True,False,https://outbackstores.com.au,2,2,"DL, LAF","DL, LAF",LAF,Low Aromatic Fuel,285.0,2.85,OK,OK,https://myfuelnt.nt.gov.au/Home/Results?Location=3&FuelCode=ALLD,serverJson:root.FuelOutlet,295.0,2.95,295.0,2.95,True,295.0,2.95,295.0,2.95,True,,,,,,,,,,,,,,,,,,,,,,,,,,,,,,,,,,,,,,,,,285.0,2.85,285.0,2.85,True,285.0,2.85,285.0,2.85,True,,,,,,,,,,,,,,,,,,,,,,,,,,,,,,,,,,,,,,,,,,,,,,,,,,,,,,,,,,,,,,,,,,,,,,,,,,,,,,,,
2026-06-01,2026-06-01 09:30:03,49,08100049,EG Ampol Casuarina,EA,EA,283 Trower Road,Casuarina,0810,NT,3,130.8837,-12.37214,True,True,False,https://www.woolworths.com.au/Shop/Discover/petrol,3,3,"P95, PD, U91","P95, PD, U91",U91,Unleaded 91,184.9,1.849,OK,OK,https://myfuelnt.nt.gov.au/Home/Results?Location=3&FuelCode=ALLD,serverJson:root.FuelOutlet,,,,,,,,,,,217.9,2.1790000000000003,217.9,2.1790000000000003,True,217.9,2.1790000000000003,217.9,2.1790000000000003,True,,,,,,,,,,,,,,,,,,,,,184.9,1.849,184.9,1.849,True,184.9,1.849,184.9,1.849,True,,,,,,,,,,,196.9,1.969,196.9,1.969,True,196.9,1.969,196.9,1.969,True,,,,,,,,,,,,,,,,,,,,,,,,,,,,,,,,,,,,,,,,,,,,,,,,,,,,,,,,,,,,,,,,,,,,,,
2026-06-01,2026-06-01 09:30:03,85,08100085,S24 Casuarina Cityway,OR,OR,274 Trower Road,Casuarina,0810,NT,3,130.883836,-12.373514,True,True,False,https://www.otr.com.au,4,4,"P95, P98, PD, U91","P95, P98, PD, U91",U91,Unleaded 91,184.9,1.849,OK,OK,https://myfuelnt.nt.gov.au/Home/Results?Location=3&FuelCode=ALLD,serverJson:root.FuelOutlet,,,,,,,,,,,217.9,2.1790000000000003,217.9,2.1790000000000003,True,217.9,2.1790000000000003,217.9,2.1790000000000003,True,,,,,,,,,,,,,,,,,,,,,184.9,1.849,184.9,1.849,True,184.9,1.849,184.9,1.849,True,,,,,,,,,,,202.4,2.024,202.4,2.024,True,202.4,2.024,202.4,2.024,True,211.9,2.119,211.9,2.119,True,211.9,2.119,211.9,2.119,True,,,,,,,,,,,,,,,,,,,,,,,,,,,,,,,,,,,,,,,,,,,,,,,,,,,,,,,,,,,,
2026-06-01,2026-06-01 09:30:03,228,08700228,Alice Springs OPT,MO,IN,4 Dowdy Court,Ciccone,0870,NT,4,133.86375,-23.69296,True,True,False,www.mogasregional.com.au,1,1,DL,DL,DL,Diesel,233.5,2.335,OK,OK,https://myfuelnt.nt.gov.au/Home/Results?Location=3&FuelCode=ALLD,serverJson:root.FuelOutlet,233.5,2.335,233.5,2.335,True,233.5,2.335,233.5,2.335,True,,,,,,,,,,,,,,,,,,,,,,,,,,,,,,,,,,,,,,,,,,,,,,,,,,,,,,,,,,,,,,,,,,,,,,,,,,,,,,,,,,,,,,,,,,,,,,,,,,,,,,,,,,,,,,,,,,,,,,,,,,,,,,,,,,
2026-06-01,2026-06-01 09:30:03,222,08100222,BP Coconut Grove,BP,BP,331 Bagot Road,Coconut Grove,0810,NT,3,130.85574,-12.394908,True,True,False,,4,4,"DL, P95, P98, U91","DL, P95, P98, U91",U91,Unleaded 91,185.9,1.859,OK,OK,https://myfuelnt.nt.gov.au/Home/Results?Location=3&FuelCode=ALLD,serverJson:root.FuelOutlet,215.9,2.1590000000000003,215.9,2.1590000000000003,True,215.9,2.1590000000000003,215.9,2.1590000000000003,True,,,,,,,,,,,,,,,,,,,,,,,,,,,,,,,185.9,1.859,185.9,1.859,True,185.9,1.859,185.9,1.859,True,,,,,,,,,,,195.9,1.959,195.9,1.959,True,195.9,1.959,195.9,1.959,True,207.9,2.079,207.9,2.079,True,207.9,2.079,207.9,2.079,True,,,,,,,,,,,,,,,,,,,,,,,,,,,,,,,,,,,,,,,,,,,,,,,,,,,,,,,,,,,,
2026-06-01,2026-06-01 09:30:03,59,08100059,UNITED COCONUT GROVE (BAGOT ROAD) PIEFACE,UN,UN,253 Bagot Road,Coconut Grove,0810,NT,3,130.855703,-12.402207,True,True,False,https://www.unitedpetroleum.com.au,3,3,"DL, P95, U91","DL, P95, U91",U91,Unleaded 91,184.9,1.849,OK,OK,https://myfuelnt.nt.gov.au/Home/Results?Location=3&FuelCode=ALLD,serverJson:root.FuelOutlet,215.9,2.1590000000000003,215.9,2.1590000000000003,True,215.9,2.1590000000000003,215.9,2.1590000000000003,True,,,,,,,,,,,,,,,,,,,,,,,,,,,,,,,184.9,1.849,184.9,1.849,True,184.9,1.849,184.9,1.849,True,,,,,,,,,,,200.9,2.009,200.9,2.009,True,200.9,2.009,200.9,2.009,True,,,,,,,,,,,,,,,,,,,,,,,,,,,,,,,,,,,,,,,,,,,,,,,,,,,,,,,,,,,,,,,,,,,,,,
2026-06-01,2026-06-01 09:30:03,50,08360050,EG Ampol Coolalinga,EA,EA,20 Henning Road,Coolalinga,0836,NT,2,131.042567,-12.524825,True,True,False,https://www.woolworths.com.au/Shop/Discover/petrol,3,3,"P95, PD, U91","P95, PD, U91",U91,Unleaded 91,187.9,1.879,OK,OK,https://myfuelnt.nt.gov.au/Home/Results?Location=3&FuelCode=ALLD,serverJson:root.FuelOutlet,,,,,,,,,,,217.9,2.1790000000000003,217.9,2.1790000000000003,True,217.9,2.1790000000000003,217.9,2.1790000000000003,True,,,,,,,,,,,,,,,,,,,,,187.9,1.879,187.9,1.879,True,187.9,1.879,187.9,1.879,True,,,,,,,,,,,199.9,1.999,199.9,1.999,True,199.9,1.999,199.9,1.999,True,,,,,,,,,,,,,,,,,,,,,,,,,,,,,,,,,,,,,,,,,,,,,,,,,,,,,,,,,,,,,,,,,,,,,,
2026-06-01,2026-06-01 09:30:03,39,08000039,SHELL REDDY EXPRESS DARWIN CITY,C3,C3,37 DALY ST,DARWIN,0800,NT,3,130.838773,-12.454479,True,True,False,https://www.colesexpress.com.au/,3,3,"DL, P95, U91","DL, P95, U91",U91,Unleaded 91,184.9,1.849,OK,OK,https://myfuelnt.nt.gov.au/Home/Results?Location=3&FuelCode=ALLD,serverJson:root.FuelOutlet,215.9,2.1590000000000003,215.9,2.1590000000000003,True,215.9,2.1590000000000003,215.9,2.1590000000000003,True,,,,,,,,,,,,,,,,,,,,,,,,,,,,,,,184.9,1.849,184.9,1.849,True,184.9,1.849,184.9,1.849,True,,,,,,,,,,,202.4,2.024,202.4,2.024,True,202.4,2.024,202.4,2.024,True,,,,,,,,,,,,,,,,,,,,,,,,,,,,,,,,,,,,,,,,,,,,,,,,,,,,,,,,,,,,,,,,,,,,,,
2026-06-01,2026-06-01 09:30:03,174,08220174,Daly River Inn,PM,PM,Daly River Road,Daly River,0822,NT,1,130.709128,-13.765407,True,True,False,https://dalyriverinn.com.au,2,0,"DL, U91",,,,,,OK,OK,https://myfuelnt.nt.gov.au/Home/Results?Location=3&FuelCode=ALLD,serverJson:root.FuelOutlet,,,245.0,2.45,False,,,245.0,2.45,False,,,,,,,,,,,,,,,,,,,,,,,,,,,,,,,,,215.0,2.15,False,,,215.0,2.15,False,,,,,,,,,,,,,,,,,,,,,,,,,,,,,,,,,,,,,,,,,,,,,,,,,,,,,,,,,,,,,,,,,,,,,,,,,,,,,,,,,,,,,,,,,,
2026-06-01,2026-06-01 09:30:03,10,08220010,Nauiyu Store,PM,PM,Lot 88 Nauiyu - 1 Main Street,Daly River,0822,NT,1,130.690265,-13.75048,True,True,False,https://www.outbackstores.com.au,2,2,"DL, LAF","DL, LAF",LAF,Low Aromatic Fuel,225.0,2.25,OK,OK,https://myfuelnt.nt.gov.au/Home/Results?Location=3&FuelCode=ALLD,serverJson:root.FuelOutlet,265.0,2.65,265.0,2.65,True,265.0,2.65,265.0,2.65,True,,,,,,,,,,,,,,,,,,,,,,,,,,,,,,,,,,,,,,,,,225.0,2.25,225.0,2.25,True,225.0,2.25,225.0,2.25,True,,,,,,,,,,,,,,,,,,,,,,,,,,,,,,,,,,,,,,,,,,,,,,,,,,,,,,,,,,,,,,,,,,,,,,,,,,,,,,,,
2026-06-01,2026-06-01 09:30:03,140,08520140,Daly Waters Hi-Way Inn,PM,PM,Cnr Stuart Highway and Carpentaria Highway,Daly Waters,0852,NT,6,133.385469,-16.307701,True,True,False,http://dalywaters-hi-wayinn.webs.com,2,2,"DL, LAF","DL, LAF",LAF,Low Aromatic Fuel,205.9,2.059,OK,OK,https://myfuelnt.nt.gov.au/Home/Results?Location=3&FuelCode=ALLD,serverJson:root.FuelOutlet,273.9,2.739,273.9,2.739,True,273.9,2.739,273.9,2.739,True,,,,,,,,,,,,,,,,,,,,,,,,,,,,,,,,,,,,,,,,,205.9,2.059,205.9,2.059,True,205.9,2.059,205.9,2.059,True,,,,,,,,,,,,,,,,,,,,,,,,,,,,,,,,,,,,,,,,,,,,,,,,,,,,,,,,,,,,,,,,,,,,,,,,,,,,,,,,
2026-06-01,2026-06-01 09:30:03,180,08520180,Daly Waters Pub,PM,PM,Lot 24 Stuart Street,Daly Waters,0852,NT,6,133.369345,-16.253798,True,True,False,http://www.dalywaterspub.com,3,3,"DL, LAF, P95","DL, LAF, P95",LAF,Low Aromatic Fuel,205.9,2.059,OK,OK,https://myfuelnt.nt.gov.au/Home/Results?Location=3&FuelCode=ALLD,serverJson:root.FuelOutlet,273.9,2.739,273.9,2.739,True,273.9,2.739,273.9,2.739,True,,,,,,,,,,,,,,,,,,,,,,,,,,,,,,,,,,,,,,,,,205.9,2.059,205.9,2.059,True,205.9,2.059,205.9,2.059,True,259.9,2.5989999999999998,259.9,2.5989999999999998,True,259.9,2.5989999999999998,259.9,2.5989999999999998,True,,,,,,,,,,,,,,,,,,,,,,,,,,,,,,,,,,,,,,,,,,,,,,,,,,,,,,,,,,,,,,,,,,,,,,
2026-06-01,2026-06-01 09:30:03,60,08000060,UNITED DARWIN (SMITH STREET) PIEFACE,UN,UN,103 Smith Street,Darwin,0800,NT,3,130.836149,-12.458111,True,True,False,https://www.unitedpetroleum.com.au,4,4,"DL, P95, P98, U91","DL, P95, P98, U91",U91,Unleaded 91,183.9,1.839,OK,OK,https://myfuelnt.nt.gov.au/Home/Results?Location=3&FuelCode=ALLD,serverJson:root.FuelOutlet,214.9,2.149,214.9,2.149,True,214.9,2.149,214.9,2.149,True,,,,,,,,,,,,,,,,,,,,,,,,,,,,,,,183.9,1.839,183.9,1.839,True,183.9,1.839,183.9,1.839,True,,,,,,,,,,,199.9,1.999,199.9,1.999,True,199.9,1.999,199.9,1.999,True,228.9,2.289,228.9,2.289,True,228.9,2.289,228.9,2.289,True,,,,,,,,,,,,,,,,,,,,,,,,,,,,,,,,,,,,,,,,,,,,,,,,,,,,,,,,,,,,
2026-06-01,2026-06-01 09:30:03,168,08410168,Darwin River Supermarket,AF,AF,175 Darwin River Road,Darwin River,0841,NT,2,130.962569,-12.780692,True,True,False,https://darwinrivertavern.com.au,2,2,"DL, U91","DL, U91",U91,Unleaded 91,196.9,1.969,OK,OK,https://myfuelnt.nt.gov.au/Home/Results?Location=3&FuelCode=ALLD,serverJson:root.FuelOutlet,235.9,2.359,235.9,2.359,True,235.9,2.359,235.9,2.359,True,,,,,,,,,,,,,,,,,,,,,,,,,,,,,,,196.9,1.969,196.9,1.969,True,196.9,1.969,196.9,1.969,True,,,,,,,,,,,,,,,,,,,,,,,,,,,,,,,,,,,,,,,,,,,,,,,,,,,,,,,,,,,,,,,,,,,,,,,,,,,,,,,,,,,,,,,,,,
2026-06-01,2026-06-01 09:30:03,129,08720129,Devils Marbles Hotel,BP,BP,11275 Stuart Highway,Davenport,0872,NT,5,134.222481,-20.640889,True,True,False,http://www.devilsmarbleshotel.com.au,2,2,"DL, LAF","DL, LAF",LAF,Low Aromatic Fuel,285.0,2.85,OK,OK,https://myfuelnt.nt.gov.au/Home/Results?Location=3&FuelCode=ALLD,serverJson:root.FuelOutlet,340.0,3.4,340.0,3.4,True,340.0,3.4,340.0,3.4,True,,,,,,,,,,,,,,,,,,,,,,,,,,,,,,,,,,,,,,,,,285.0,2.85,285.0,2.85,True,285.0,2.85,285.0,2.85,True,,,,,,,,,,,,,,,,,,,,,,,,,,,,,,,,,,,,,,,,,,,,,,,,,,,,,,,,,,,,,,,,,,,,,,,,,,,,,,,,
2026-06-01,2026-06-01 09:30:03,119,08710119,Independent Epenarra Store,IN,PM,Epenarra/Murray Downs Road,Davenport,0871,NT,5,135.262611,-20.443972,True,True,False,,2,2,"DL, LAF","DL, LAF",LAF,Low Aromatic Fuel,269.0,2.69,OK,OK,https://myfuelnt.nt.gov.au/Home/Results?Location=3&FuelCode=ALLD,serverJson:root.FuelOutlet,293.0,2.93,293.0,2.93,True,293.0,2.93,293.0,2.93,True,,,,,,,,,,,,,,,,,,,,,,,,,,,,,,,,,,,,,,,,,269.0,2.69,269.0,2.69,True,269.0,2.69,269.0,2.69,True,,,,,,,,,,,,,,,,,,,,,,,,,,,,,,,,,,,,,,,,,,,,,,,,,,,,,,,,,,,,,,,,,,,,,,,,,,,,,,,,
2026-06-01,2026-06-01 09:30:03,2,08220002,Douglas Daly Holiday Park,PM,PM,Portion 3360 Oolloo Road,Douglas Daly,0822,NT,1,131.370842,-13.546532,True,True,False,https://www.douglasdalypark.com.au,2,0,"DL, LAF",,,,,,OK,OK,https://myfuelnt.nt.gov.au/Home/Results?Location=3&FuelCode=ALLD,serverJson:root.FuelOutlet,,,245.0,2.45,False,,,245.0,2.45,False,,,,,,,,,,,,,,,,,,,,,,,,,,,,,,,,,,,,,,,,,,,230.0,2.3,False,,,230.0,2.3,False,,,,,,,,,,,,,,,,,,,,,,,,,,,,,,,,,,,,,,,,,,,,,,,,,,,,,,,,,,,,,,,,,,,,,,,,,,,,,,,,
2026-06-01,2026-06-01 09:30:03,137,08400137,Independent The Lodge of Dundee,IN,PM,20 Dundee Place,Dundee Beach,0840,NT,1,130.349783,-12.717801,True,True,False,http://www.thelodgeofdundee.com.au,2,2,"DL, U91","DL, U91",U91,Unleaded 91,210.9,2.109,OK,OK,https://myfuelnt.nt.gov.au/Home/Results?Location=3&FuelCode=ALLD,serverJson:root.FuelOutlet,234.9,2.349,234.9,2.349,True,234.9,2.349,234.9,2.349,True,,,,,,,,,,,,,,,,,,,,,,,,,,,,,,,210.9,2.109,210.9,2.109,True,210.9,2.109,210.9,2.109,True,,,,,,,,,,,,,,,,,,,,,,,,,,,,,,,,,,,,,,,,,,,,,,,,,,,,,,,,,,,,,,,,,,,,,,,,,,,,,,,,,,,,,,,,,,
2026-06-01,2026-06-01 09:30:03,225,08720225,Independent Engawala Store,IN,PM,"Lot 35, Webb Street",ENGAWALA,0872,NT,4,134.454302,-22.803378,True,True,False,,2,2,"DL, LAF","DL, LAF",LAF,Low Aromatic Fuel,310.0,3.1,OK,OK,https://myfuelnt.nt.gov.au/Home/Results?Location=3&FuelCode=ALLD,serverJson:root.FuelOutlet,319.0,3.19,319.0,3.19,True,319.0,3.19,319.0,3.19,True,,,,,,,,,,,,,,,,,,,,,,,,,,,,,,,,,,,,,,,,,310.0,3.1,310.0,3.1,True,310.0,3.1,310.0,3.1,True,,,,,,,,,,,,,,,,,,,,,,,,,,,,,,,,,,,,,,,,,,,,,,,,,,,,,,,,,,,,,,,,,,,,,,,,,,,,,,,,
2026-06-01,2026-06-01 09:30:03,57,08200057,Ampol Foodary Eaton,AM,AM,Cnr McMillans Rd & Neale St,Eaton,0820,NT,3,130.86025,-12.39749,True,True,False,https://www.ampol.com.au,4,4,"P95, P98, PD, U91","P95, P98, PD, U91",U91,Unleaded 91,185.9,1.859,OK,OK,https://myfuelnt.nt.gov.au/Home/Results?Location=3&FuelCode=ALLD,serverJson:root.FuelOutlet,,,,,,,,,,,219.9,2.199,219.9,2.199,True,219.9,2.199,219.9,2.199,True,,,,,,,,,,,,,,,,,,,,,185.9,1.859,185.9,1.859,True,185.9,1.859,185.9,1.859,True,,,,,,,,,,,202.9,2.029,202.9,2.029,True,202.9,2.029,202.9,2.029,True,224.9,2.249,224.9,2.249,True,224.9,2.249,224.9,2.249,True,,,,,,,,,,,,,,,,,,,,,,,,,,,,,,,,,,,,,,,,,,,,,,,,,,,,,,,,,,,,
2026-06-01,2026-06-01 09:30:03,188,08620188,Independent Midland Caravan Park,IN,CA,102 Stuart Highway,Elliott,0862,NT,5,133.548101,-17.555759,True,True,False,,3,3,"DL, P95, U91","DL, P95, U91",U91,Unleaded 91,275.0,2.75,OK,OK,https://myfuelnt.nt.gov.au/Home/Results?Location=3&FuelCode=ALLD,serverJson:root.FuelOutlet,365.0,3.65,365.0,3.65,True,365.0,3.65,365.0,3.65,True,,,,,,,,,,,,,,,,,,,,,,,,,,,,,,,275.0,2.75,275.0,2.75,True,275.0,2.75,275.0,2.75,True,,,,,,,,,,,310.0,3.1,310.0,3.1,True,310.0,3.1,310.0,3.1,True,,,,,,,,,,,,,,,,,,,,,,,,,,,,,,,,,,,,,,,,,,,,,,,,,,,,,,,,,,,,,,,,,,,,,,
2026-06-01,2026-06-01 09:30:03,234,08600234,MOBIL Perrys Elliott,MB,MB,53 Stuart Highway,Elliott,0860,NT,5,133.551676,-17.558353,True,True,False,https://www.perrys.com.au,1,1,DL,DL,DL,Diesel,299.9,2.9989999999999997,OK,OK,https://myfuelnt.nt.gov.au/Home/Results?Location=3&FuelCode=ALLD,serverJson:root.FuelOutlet,299.9,2.9989999999999997,299.9,2.9989999999999997,True,299.9,2.9989999999999997,299.9,2.9989999999999997,True,,,,,,,,,,,,,,,,,,,,,,,,,,,,,,,,,,,,,,,,,,,,,,,,,,,,,,,,,,,,,,,,,,,,,,,,,,,,,,,,,,,,,,,,,,,,,,,,,,,,,,,,,,,,,,,,,,,,,,,,,,,,,,,,,,
2026-06-01,2026-06-01 09:30:03,171,08620171,The Elliott Store NT,BP,BP,83 Stuart Highway,Elliott,0862,NT,5,133.54445,-17.553517,True,True,False,https://www.elliottstore.com.au,3,3,"DL, P95, U91","DL, P95, U91",U91,Unleaded 91,243.0,2.43,OK,OK,https://myfuelnt.nt.gov.au/Home/Results?Location=3&FuelCode=ALLD,serverJson:root.FuelOutlet,275.0,2.75,275.0,2.75,True,275.0,2.75,275.0,2.75,True,,,,,,,,,,,,,,,,,,,,,,,,,,,,,,,243.0,2.43,243.0,2.43,True,243.0,2.43,243.0,2.43,True,,,,,,,,,,,253.0,2.53,253.0,2.53,True,253.0,2.53,253.0,2.53,True,,,,,,,,,,,,,,,,,,,,,,,,,,,,,,,,,,,,,,,,,,,,,,,,,,,,,,,,,,,,,,,,,,,,,,
2026-06-01,2026-06-01 09:30:03,203,08500203,Katherine Depot,OR,PM,40 Emungalan Road,Emungalan,0850,NT,6,132.249913,-14.448127,True,True,False,https://www.otr.com.au,1,1,DL,DL,DL,Diesel,224.5,2.245,OK,OK,https://myfuelnt.nt.gov.au/Home/Results?Location=3&FuelCode=ALLD,serverJson:root.FuelOutlet,224.5,2.245,224.5,2.245,True,224.5,2.245,224.5,2.245,True,,,,,,,,,,,,,,,,,,,,,,,,,,,,,,,,,,,,,,,,,,,,,,,,,,,,,,,,,,,,,,,,,,,,,,,,,,,,,,,,,,,,,,,,,,,,,,,,,,,,,,,,,,,,,,,,,,,,,,,,,,,,,,,,,,
2026-06-01,2026-06-01 09:30:03,78,08200078,OTR Fannie Bay,OR,OR,88 Ross Smith Avenue,Fannie Bay,0820,NT,3,130.839007,-12.424795,True,True,False,https://otr.com.au,4,4,"P95, P98, PD, U91","P95, P98, PD, U91",U91,Unleaded 91,184.9,1.849,OK,OK,https://myfuelnt.nt.gov.au/Home/Results?Location=3&FuelCode=ALLD,serverJson:root.FuelOutlet,,,,,,,,,,,217.9,2.1790000000000003,217.9,2.1790000000000003,True,217.9,2.1790000000000003,217.9,2.1790000000000003,True,,,,,,,,,,,,,,,,,,,,,184.9,1.849,184.9,1.849,True,184.9,1.849,184.9,1.849,True,,,,,,,,,,,202.4,2.024,202.4,2.024,True,202.4,2.024,202.4,2.024,True,211.9,2.119,211.9,2.119,True,211.9,2.119,211.9,2.119,True,,,,,,,,,,,,,,,,,,,,,,,,,,,,,,,,,,,,,,,,,,,,,,,,,,,,,,,,,,,,
2026-06-01,2026-06-01 09:30:03,108,08520108,Independent Mainoru Store,IN,IN,Central Arnhem Road,Flying Fox,0852,NT,6,133.963894,-13.952403,True,True,False,,2,2,"DL, P95","DL, P95",P95,Premium 95,270.0,2.7,OK,OK,https://myfuelnt.nt.gov.au/Home/Results?Location=3&FuelCode=ALLD,serverJson:root.FuelOutlet,295.0,2.95,295.0,2.95,True,295.0,2.95,295.0,2.95,True,,,,,,,,,,,,,,,,,,,,,,,,,,,,,,,,,,,,,,,,,,,,,,,,,,,270.0,2.7,270.0,2.7,True,270.0,2.7,270.0,2.7,True,,,,,,,,,,,,,,,,,,,,,,,,,,,,,,,,,,,,,,,,,,,,,,,,,,,,,,,,,,,,,,,,,,,,,,
2026-06-01,2026-06-01 09:30:03,107,08220107,Independent ELCHO FUEL,IN,PM,561 Galawarra Road,GALIWINKU,0822,NT,7,135.568356,-12.030372,True,True,False,,2,2,"DL, LAF","DL, LAF",DL,Diesel,350.0,3.5,OK,OK,https://myfuelnt.nt.gov.au/Home/Results?Location=3&FuelCode=ALLD,serverJson:root.FuelOutlet,350.0,3.5,350.0,3.5,True,350.0,3.5,350.0,3.5,True,,,,,,,,,,,,,,,,,,,,,,,,,,,,,,,,,,,,,,,,,370.0,3.7,370.0,3.7,True,370.0,3.7,370.0,3.7,True,,,,,,,,,,,,,,,,,,,,,,,,,,,,,,,,,,,,,,,,,,,,,,,,,,,,,,,,,,,,,,,,,,,,,,,,,,,,,,,,
2026-06-01,2026-06-01 09:30:03,133,08800133,East Arnhem Regional Council Fuel Distribution Service Station,PM,PM,Lot 101 Gapuwiyak Road,Gapuwiyak,0880,NT,7,135.803116,-12.502206,True,True,False,,2,2,"DL, LAF","DL, LAF",DL,Diesel,369.0,3.69,OK,OK,https://myfuelnt.nt.gov.au/Home/Results?Location=3&FuelCode=ALLD,serverJson:root.FuelOutlet,369.0,3.69,369.0,3.69,True,369.0,3.69,369.0,3.69,True,,,,,,,,,,,,,,,,,,,,,,,,,,,,,,,,,,,,,,,,,378.0,3.78,378.0,3.78,True,378.0,3.78,378.0,3.78,True,,,,,,,,,,,,,,,,,,,,,,,,,,,,,,,,,,,,,,,,,,,,,,,,,,,,,,,,,,,,,,,,,,,,,,,,,,,,,,,,
2026-06-01,2026-06-01 09:30:03,147,08720147,Erldunda Desert Oaks,SH,SH,19668 Stuart Highway,Ghan,0872,NT,4,133.201056,-25.197583,True,True,False,http://erldundaroadhouse.com,3,3,"DL, LAF, P98","DL, LAF, P98",LAF,Low Aromatic Fuel,275.0,2.75,OK,OK,https://myfuelnt.nt.gov.au/Home/Results?Location=3&FuelCode=ALLD,serverJson:root.FuelOutlet,316.0,3.16,316.0,3.16,True,316.0,3.16,316.0,3.16,True,,,,,,,,,,,,,,,,,,,,,,,,,,,,,,,,,,,,,,,,,275.0,2.75,275.0,2.75,True,275.0,2.75,275.0,2.75,True,,,,,,,,,,,295.0,2.95,295.0,2.95,True,295.0,2.95,295.0,2.95,True,,,,,,,,,,,,,,,,,,,,,,,,,,,,,,,,,,,,,,,,,,,,,,,,,,,,,,,,,,,,
2026-06-01,2026-06-01 09:30:03,154,08720154,Stuarts Well Roadhouse,AM,AM,8864 Stuart Highway,HUGH,0872,NT,4,133.458759,-24.340135,True,True,False,http://www.stuartswellroadhouse.com.au/,2,2,"DL, U91","DL, U91",U91,Unleaded 91,275.0,2.75,OK,OK,https://myfuelnt.nt.gov.au/Home/Results?Location=3&FuelCode=ALLD,serverJson:root.FuelOutlet,315.9,3.159,315.9,3.159,True,315.9,3.159,315.9,3.159,True,,,,,,,,,,,,,,,,,,,,,,,,,,,,,,,275.0,2.75,275.0,2.75,True,275.0,2.75,275.0,2.75,True,,,,,,,,,,,,,,,,,,,,,,,,,,,,,,,,,,,,,,,,,,,,,,,,,,,,,,,,,,,,,,,,,,,,,,,,,,,,,,,,,,,,,,,,,,
2026-06-01,2026-06-01 09:30:03,64,08360064,UNITED HUMPTY DOO,UN,UN,340 Arnhem Highway,HUMPTY DOO,0836,NT,2,131.10414,-12.572874,True,True,False,https://www.unitedpetroleum.com.au,3,3,"DL, P95, U91","DL, P95, U91",U91,Unleaded 91,187.9,1.879,OK,OK,https://myfuelnt.nt.gov.au/Home/Results?Location=3&FuelCode=ALLD,serverJson:root.FuelOutlet,217.9,2.1790000000000003,217.9,2.1790000000000003,True,217.9,2.1790000000000003,217.9,2.1790000000000003,True,,,,,,,,,,,,,,,,,,,,,,,,,,,,,,,187.9,1.879,187.9,1.879,True,187.9,1.879,187.9,1.879,True,,,,,,,,,,,203.9,2.039,203.9,2.039,True,203.9,2.039,203.9,2.039,True,,,,,,,,,,,,,,,,,,,,,,,,,,,,,,,,,,,,,,,,,,,,,,,,,,,,,,,,,,,,,,,,,,,,,,
2026-06-01,2026-06-01 09:30:03,166,08720166,Independent Kanparrka Store,IN,IN,23 Multa Road,Haasts Bluff,0872,NT,4,131.881686,-23.447896,True,True,False,http://www.maiwiru.org.au,2,2,"DL, LAF","DL, LAF",LAF,Low Aromatic Fuel,290.0,2.9,OK,OK,https://myfuelnt.nt.gov.au/Home/Results?Location=3&FuelCode=ALLD,serverJson:root.FuelOutlet,300.0,3.0,300.0,3.0,True,300.0,3.0,300.0,3.0,True,,,,,,,,,,,,,,,,,,,,,,,,,,,,,,,,,,,,,,,,,290.0,2.9,290.0,2.9,True,290.0,2.9,290.0,2.9,True,,,,,,,,,,,,,,,,,,,,,,,,,,,,,,,,,,,,,,,,,,,,,,,,,,,,,,,,,,,,,,,,,,,,,,,,,,,,,,,,
2026-06-01,2026-06-01 09:30:03,213,08720213,Ross River Resort,AF,AF,7829 Ross Highway,Hale,0872,NT,4,134.493035,-23.593343,True,True,False,http://www.rossriverresort.com.au,2,1,"DL, U91",DL,DL,Diesel,280.0,2.8,OK,OK,https://myfuelnt.nt.gov.au/Home/Results?Location=3&FuelCode=ALLD,serverJson:root.FuelOutlet,280.0,2.8,280.0,2.8,True,280.0,2.8,280.0,2.8,True,,,,,,,,,,,,,,,,,,,,,,,,,,,,,,,,,310.0,3.1,False,,,310.0,3.1,False,,,,,,,,,,,,,,,,,,,,,,,,,,,,,,,,,,,,,,,,,,,,,,,,,,,,,,,,,,,,,,,,,,,,,,,,,,,,,,,,,,,,,,,,,,
2026-06-01,2026-06-01 09:30:03,136,08720136,Independent Atitjere Homelands Store,IN,IN,"Mon to Fri 9am-1pm & 2pm-5pm, Sat 9am-12pm. 123/Lot 16 Mica Road",Harts Range,0872,NT,4,134.935567,-22.984263,True,True,False,,2,2,"DL, P95","DL, P95",P95,Premium 95,319.0,3.19,OK,OK,https://myfuelnt.nt.gov.au/Home/Results?Location=3&FuelCode=ALLD,serverJson:root.FuelOutlet,349.0,3.49,349.0,3.49,True,349.0,3.49,349.0,3.49,True,,,,,,,,,,,,,,,,,,,,,,,,,,,,,,,,,,,,,,,,,,,,,,,,,,,319.0,3.19,319.0,3.19,True,319.0,3.19,319.0,3.19,True,,,,,,,,,,,,,,,,,,,,,,,,,,,,,,,,,,,,,,,,,,,,,,,,,,,,,,,,,,,,,,,,,,,,,,
2026-06-01,2026-06-01 09:30:03,215,08720215,Independent MacDonald Downs Store,IN,IV,Plenty Highway,Harts Range,0872,NT,4,135.036634,-22.612895,True,True,False,,2,2,"DL, U91","DL, U91",DL,Diesel,300.0,3.0,OK,OK,https://myfuelnt.nt.gov.au/Home/Results?Location=3&FuelCode=ALLD,serverJson:root.FuelOutlet,300.0,3.0,300.0,3.0,True,300.0,3.0,300.0,3.0,True,,,,,,,,,,,,,,,,,,,,,,,,,,,,,,,300.0,3.0,300.0,3.0,True,300.0,3.0,300.0,3.0,True,,,,,,,,,,,,,,,,,,,,,,,,,,,,,,,,,,,,,,,,,,,,,,,,,,,,,,,,,,,,,,,,,,,,,,,,,,,,,,,,,,,,,,,,,,
2026-06-01,2026-06-01 09:30:03,97,08720097,Independent Ntaria Supermarket and Takeaway,IN,IV,27-28 Tjalkabota Road,Hermannsburg,0872,NT,4,132.779855,-23.942104,True,True,False,,2,2,"DL, LAF","DL, LAF",LAF,Low Aromatic Fuel,285.0,2.85,OK,OK,https://myfuelnt.nt.gov.au/Home/Results?Location=3&FuelCode=ALLD,serverJson:root.FuelOutlet,332.0,3.32,332.0,3.32,True,332.0,3.32,332.0,3.32,True,,,,,,,,,,,,,,,,,,,,,,,,,,,,,,,,,,,,,,,,,285.0,2.85,285.0,2.85,True,285.0,2.85,285.0,2.85,True,,,,,,,,,,,,,,,,,,,,,,,,,,,,,,,,,,,,,,,,,,,,,,,,,,,,,,,,,,,,,,,,,,,,,,,,,,,,,,,,
2026-06-01,2026-06-01 09:30:03,209,08350209,BP PINELANDS (HZE),BP,BP,869 Stuart Highway,Holtze,0829,NT,2,130.96321,-12.45187,True,True,False,,4,4,"DL, P95, P98, U91","DL, P95, P98, U91",U91,Unleaded 91,195.5,1.955,OK,OK,https://myfuelnt.nt.gov.au/Home/Results?Location=3&FuelCode=ALLD,serverJson:root.FuelOutlet,255.5,2.555,255.5,2.555,True,255.5,2.555,255.5,2.555,True,,,,,,,,,,,,,,,,,,,,,,,,,,,,,,,195.5,1.955,195.5,1.955,True,195.5,1.955,195.5,1.955,True,,,,,,,,,,,205.5,2.055,205.5,2.055,True,205.5,2.055,205.5,2.055,True,217.5,2.175,217.5,2.175,True,217.5,2.175,217.5,2.175,True,,,,,,,,,,,,,,,,,,,,,,,,,,,,,,,,,,,,,,,,,,,,,,,,,,,,,,,,,,,,
2026-06-01,2026-06-01 09:30:03,55,08350055,EG Ampol Holtze,EA,EA,883 Stuart Highway,Holtze,0835,NT,2,130.965929,-12.454353,True,True,False,https://www.woolworths.com.au/Shop/Discover/petrol,4,4,"DL, P95, PD, U91","DL, P95, PD, U91",U91,Unleaded 91,187.9,1.879,OK,OK,https://myfuelnt.nt.gov.au/Home/Results?Location=3&FuelCode=ALLD,serverJson:root.FuelOutlet,216.9,2.169,216.9,2.169,True,216.9,2.169,216.9,2.169,True,218.9,2.189,218.9,2.189,True,218.9,2.189,218.9,2.189,True,,,,,,,,,,,,,,,,,,,,,187.9,1.879,187.9,1.879,True,187.9,1.879,187.9,1.879,True,,,,,,,,,,,197.9,1.979,197.9,1.979,True,197.9,1.979,197.9,1.979,True,,,,,,,,,,,,,,,,,,,,,,,,,,,,,,,,,,,,,,,,,,,,,,,,,,,,,,,,,,,,,,,,,,,,,,
2026-06-01,2026-06-01 09:30:03,82,08320082,UNITED HOLTZE PIEFACE,UN,UN,905 Stuart Highway,Holtze,0832,NT,2,130.971118,-12.458593,True,True,False,https://www.unitedpetroleum.com.au,4,4,"DL, P95, P98, U91","DL, P95, P98, U91",U91,Unleaded 91,187.9,1.879,OK,OK,https://myfuelnt.nt.gov.au/Home/Results?Location=3&FuelCode=ALLD,serverJson:root.FuelOutlet,216.9,2.169,216.9,2.169,True,216.9,2.169,216.9,2.169,True,,,,,,,,,,,,,,,,,,,,,,,,,,,,,,,187.9,1.879,187.9,1.879,True,187.9,1.879,187.9,1.879,True,,,,,,,,,,,203.9,2.039,203.9,2.039,True,203.9,2.039,203.9,2.039,True,232.9,2.329,232.9,2.329,True,232.9,2.329,232.9,2.329,True,,,,,,,,,,,,,,,,,,,,,,,,,,,,,,,,,,,,,,,,,,,,,,,,,,,,,,,,,,,,
2026-06-01,2026-06-01 09:30:03,79,08350079,S24 Howard Springs,OR,OR,150 Whitewood Road,Howard Springs,0835,NT,2,131.031436,-12.49654,True,True,False,https://otr.com.au,3,3,"P95, PD, U91","P95, PD, U91",U91,Unleaded 91,187.9,1.879,OK,OK,https://myfuelnt.nt.gov.au/Home/Results?Location=3&FuelCode=ALLD,serverJson:root.FuelOutlet,,,,,,,,,,,219.9,2.199,219.9,2.199,True,219.9,2.199,219.9,2.199,True,,,,,,,,,,,,,,,,,,,,,187.9,1.879,187.9,1.879,True,187.9,1.879,187.9,1.879,True,,,,,,,,,,,205.4,2.0540000000000003,205.4,2.0540000000000003,True,205.4,2.0540000000000003,205.4,2.0540000000000003,True,,,,,,,,,,,,,,,,,,,,,,,,,,,,,,,,,,,,,,,,,,,,,,,,,,,,,,,,,,,,,,,,,,,,,,
2026-06-01,2026-06-01 09:30:03,87,08360087,S24 Humpty Doo,OR,OR,"Lot 2, 600 Arnhem Highway",Humpty Doo,0836,NT,2,131.127682,-12.578209,True,True,False,https://www.otr.com.au,4,4,"P95, P98, PD, U91","P95, P98, PD, U91",U91,Unleaded 91,187.9,1.879,OK,OK,https://myfuelnt.nt.gov.au/Home/Results?Location=3&FuelCode=ALLD,serverJson:root.FuelOutlet,,,,,,,,,,,219.9,2.199,219.9,2.199,True,219.9,2.199,219.9,2.199,True,,,,,,,,,,,,,,,,,,,,,187.9,1.879,187.9,1.879,True,187.9,1.879,187.9,1.879,True,,,,,,,,,,,205.4,2.0540000000000003,205.4,2.0540000000000003,True,205.4,2.0540000000000003,205.4,2.0540000000000003,True,214.9,2.149,214.9,2.149,True,214.9,2.149,214.9,2.149,True,,,,,,,,,,,,,,,,,,,,,,,,,,,,,,,,,,,,,,,,,,,,,,,,,,,,,,,,,,,,
2026-06-01,2026-06-01 09:30:03,231,08720231,Independent Imanpa General Store,IN,IN,"6 Mumu Street, Imanpa",Imanpa Community,0872,NT,4,132.571464,-25.128982,True,True,False,,1,1,DL,DL,DL,Diesel,310.0,3.1,OK,OK,https://myfuelnt.nt.gov.au/Home/Results?Location=3&FuelCode=ALLD,serverJson:root.FuelOutlet,310.0,3.1,310.0,3.1,True,310.0,3.1,310.0,3.1,True,,,,,,,,,,,,,,,,,,,,,,,,,,,,,,,,,,,,,,,,,,,,,,,,,,,,,,,,,,,,,,,,,,,,,,,,,,,,,,,,,,,,,,,,,,,,,,,,,,,,,,,,,,,,,,,,,,,,,,,,,,,,,,,,,,
2026-06-01,2026-06-01 09:30:03,114,08860114,Ausfuel Jabiru,AF,AF,1 Lakeside Drive,Jabiru,0886,NT,1,132.834532,-12.670233,True,True,False,https://www.bp.com/en_au/australia/home.html,4,4,"DL, LAF, P95, P98","DL, LAF, P95, P98",LAF,Low Aromatic Fuel,247.6,2.476,OK,OK,https://myfuelnt.nt.gov.au/Home/Results?Location=3&FuelCode=ALLD,serverJson:root.FuelOutlet,260.7,2.6069999999999998,260.7,2.6069999999999998,True,260.7,2.6069999999999998,260.7,2.6069999999999998,True,,,,,,,,,,,,,,,,,,,,,,,,,,,,,,,,,,,,,,,,,247.6,2.476,247.6,2.476,True,247.6,2.476,247.6,2.476,True,265.0,2.65,265.0,2.65,True,265.0,2.65,265.0,2.65,True,315.0,3.15,315.0,3.15,True,315.0,3.15,315.0,3.15,True,,,,,,,,,,,,,,,,,,,,,,,,,,,,,,,,,,,,,,,,,,,,,,,,,,,,,,,,,,,,
2026-06-01,2026-06-01 09:30:03,88,08100088,S24 Jingili,OR,OR,231 McMillans Road,Jingili,0810,NT,3,130.87797,-12.394744,True,True,False,https://www.otr.com.au,3,3,"P95, PD, U91","P95, PD, U91",U91,Unleaded 91,185.9,1.859,OK,OK,https://myfuelnt.nt.gov.au/Home/Results?Location=3&FuelCode=ALLD,serverJson:root.FuelOutlet,,,,,,,,,,,217.9,2.1790000000000003,217.9,2.1790000000000003,True,217.9,2.1790000000000003,217.9,2.1790000000000003,True,,,,,,,,,,,,,,,,,,,,,185.9,1.859,185.9,1.859,True,185.9,1.859,185.9,1.859,True,,,,,,,,,,,203.4,2.0340000000000003,203.4,2.0340000000000003,True,203.4,2.0340000000000003,203.4,2.0340000000000003,True,,,,,,,,,,,,,,,,,,,,,,,,,,,,,,,,,,,,,,,,,,,,,,,,,,,,,,,,,,,,,,,,,,,,,,
2026-06-01,2026-06-01 09:30:03,38,08500038,SHELL REDDY EXPRESS KATHERINE,C3,C3,30 KATHERINE TERRACE,KATHERINE,0850,NT,6,132.262743,-14.46551,True,True,False,https://www.colesexpress.com.au/,3,3,"DL, LAF, P95","DL, LAF, P95",LAF,Low Aromatic Fuel,181.9,1.819,OK,OK,https://myfuelnt.nt.gov.au/Home/Results?Location=3&FuelCode=ALLD,serverJson:root.FuelOutlet,223.9,2.239,223.9,2.239,True,223.9,2.239,223.9,2.239,True,,,,,,,,,,,,,,,,,,,,,,,,,,,,,,,,,,,,,,,,,181.9,1.819,181.9,1.819,True,181.9,1.819,181.9,1.819,True,199.4,1.994,199.4,1.994,True,199.4,1.994,199.4,1.994,True,,,,,,,,,,,,,,,,,,,,,,,,,,,,,,,,,,,,,,,,,,,,,,,,,,,,,,,,,,,,,,,,,,,,,,
2026-06-01,2026-06-01 09:30:03,67,08500067,UNITED KATHERINE DEPOT,UN,UN,4A Emungalan Road,KATHERINE,0850,NT,6,132.248104,-14.450602,True,True,False,https://www.unitedpetroleum.com.au,3,3,"DL, LAF, P95","DL, LAF, P95",LAF,Low Aromatic Fuel,189.9,1.899,OK,OK,https://myfuelnt.nt.gov.au/Home/Results?Location=3&FuelCode=ALLD,serverJson:root.FuelOutlet,226.5,2.265,226.5,2.265,True,226.5,2.265,226.5,2.265,True,,,,,,,,,,,,,,,,,,,,,,,,,,,,,,,,,,,,,,,,,189.9,1.899,189.9,1.899,True,189.9,1.899,189.9,1.899,True,199.5,1.995,199.5,1.995,True,199.5,1.995,199.5,1.995,True,,,,,,,,,,,,,,,,,,,,,,,,,,,,,,,,,,,,,,,,,,,,,,,,,,,,,,,,,,,,,,,,,,,,,,
2026-06-01,2026-06-01 09:30:03,72,08500072,UNITED KATHERINE SOUTH,UN,UN,440 Victoria Hwy,KATHERINE SOUTH,0850,NT,6,132.2575,-14.485745,True,True,False,https://www.unitedpetroleum.com.au,3,3,"DL, LAF, P95","DL, LAF, P95",LAF,Low Aromatic Fuel,179.5,1.795,OK,OK,https://myfuelnt.nt.gov.au/Home/Results?Location=3&FuelCode=ALLD,serverJson:root.FuelOutlet,219.9,2.199,219.9,2.199,True,219.9,2.199,219.9,2.199,True,,,,,,,,,,,,,,,,,,,,,,,,,,,,,,,,,,,,,,,,,179.5,1.795,179.5,1.795,True,179.5,1.795,179.5,1.795,True,195.5,1.955,195.5,1.955,True,195.5,1.955,195.5,1.955,True,,,,,,,,,,,,,,,,,,,,,,,,,,,,,,,,,,,,,,,,,,,,,,,,,,,,,,,,,,,,,,,,,,,,,,
2026-06-01,2026-06-01 09:30:03,5,08520005,Kalkaringi Store,PM,PM,ENTRY BY PERMIT ONLY. 66 Buntine Highway,Kalkarindji,0852,NT,6,130.833808,-17.447503,True,True,False,https://www.alpa.asn.au,2,2,"DL, LAF","DL, LAF",LAF,Low Aromatic Fuel,260.0,2.6,OK,OK,https://myfuelnt.nt.gov.au/Home/Results?Location=3&FuelCode=ALLD,serverJson:root.FuelOutlet,309.0,3.09,309.0,3.09,True,309.0,3.09,309.0,3.09,True,,,,,,,,,,,,,,,,,,,,,,,,,,,,,,,,,,,,,,,,,260.0,2.6,260.0,2.6,True,260.0,2.6,260.0,2.6,True,,,,,,,,,,,,,,,,,,,,,,,,,,,,,,,,,,,,,,,,,,,,,,,,,,,,,,,,,,,,,,,,,,,,,,,,,,,,,,,,
2026-06-01,2026-06-01 09:30:03,104,08720104,Independent Docker River Store,IN,IN,Lot 116 Lasseter Road - Kaltukatjara Community,Kaltukatjara,0872,NT,4,129.083471,-24.873506,True,True,False,,2,2,"DL, LAF","DL, LAF",DL,Diesel,360.0,3.6,OK,OK,https://myfuelnt.nt.gov.au/Home/Results?Location=3&FuelCode=ALLD,serverJson:root.FuelOutlet,360.0,3.6,360.0,3.6,True,360.0,3.6,360.0,3.6,True,,,,,,,,,,,,,,,,,,,,,,,,,,,,,,,,,,,,,,,,,374.0,3.74,374.0,3.74,True,374.0,3.74,374.0,3.74,True,,,,,,,,,,,,,,,,,,,,,,,,,,,,,,,,,,,,,,,,,,,,,,,,,,,,,,,,,,,,,,,,,,,,,,,,,,,,,,,,
2026-06-01,2026-06-01 09:30:03,51,08120051,EG Ampol Karama,EA,EA,37 Kalymnos Drive,Karama,0812,NT,3,130.916358,-12.401029,True,True,False,https://www.woolworths.com.au/Shop/Discover/petrol,3,3,"P95, PD, U91","P95, PD, U91",U91,Unleaded 91,186.9,1.869,OK,OK,https://myfuelnt.nt.gov.au/Home/Results?Location=3&FuelCode=ALLD,serverJson:root.FuelOutlet,,,,,,,,,,,218.9,2.189,218.9,2.189,True,218.9,2.189,218.9,2.189,True,,,,,,,,,,,,,,,,,,,,,186.9,1.869,186.9,1.869,True,186.9,1.869,186.9,1.869,True,,,,,,,,,,,198.9,1.989,198.9,1.989,True,198.9,1.989,198.9,1.989,True,,,,,,,,,,,,,,,,,,,,,,,,,,,,,,,,,,,,,,,,,,,,,,,,,,,,,,,,,,,,,,,,,,,,,,
2026-06-01,2026-06-01 09:30:03,110,08500110,BP Katherine,BP,BP,6 Katherine Terrace,Katherine,0850,NT,6,132.264715,-14.466846,True,True,False,https://www.bp.com/en_au/australia.html,3,3,"DL, LAF, P95","DL, LAF, P95",LAF,Low Aromatic Fuel,184.9,1.849,OK,OK,https://myfuelnt.nt.gov.au/Home/Results?Location=3&FuelCode=ALLD,serverJson:root.FuelOutlet,226.9,2.269,226.9,2.269,True,226.9,2.269,226.9,2.269,True,,,,,,,,,,,,,,,,,,,,,,,,,,,,,,,,,,,,,,,,,184.9,1.849,184.9,1.849,True,184.9,1.849,184.9,1.849,True,197.9,1.979,197.9,1.979,True,197.9,1.979,197.9,1.979,True,,,,,,,,,,,,,,,,,,,,,,,,,,,,,,,,,,,,,,,,,,,,,,,,,,,,,,,,,,,,,,,,,,,,,,
2026-06-01,2026-06-01 09:30:03,202,08500202,BP Katherine Depot (Recharge Petroleum),BP,BP,Corner Zimin Drive and Gillard Crescent,Katherine,0850,NT,6,132.24627,-14.4535,True,True,False,https://www.rechargepetroleum.com.au,4,4,"DL, LAF, P95, P98","DL, LAF, P95, P98",LAF,Low Aromatic Fuel,181.9,1.819,OK,OK,https://myfuelnt.nt.gov.au/Home/Results?Location=3&FuelCode=ALLD,serverJson:root.FuelOutlet,221.9,2.219,221.9,2.219,True,221.9,2.219,221.9,2.219,True,,,,,,,,,,,,,,,,,,,,,,,,,,,,,,,,,,,,,,,,,181.9,1.819,181.9,1.819,True,181.9,1.819,181.9,1.819,True,191.9,1.919,191.9,1.919,True,191.9,1.919,191.9,1.919,True,203.9,2.039,203.9,2.039,True,203.9,2.039,203.9,2.039,True,,,,,,,,,,,,,,,,,,,,,,,,,,,,,,,,,,,,,,,,,,,,,,,,,,,,,,,,,,,,
2026-06-01,2026-06-01 09:30:03,52,08500052,EG Ampol Katherine,EA,EA,Corner Lindsay and First Streets,Katherine,0850,NT,6,132.26618,-14.465399,True,True,False,https://www.woolworths.com.au/Shop/Discover/petrol,3,3,"LAF, P95, PD","LAF, P95, PD",LAF,Low Aromatic Fuel,181.9,1.819,OK,OK,https://myfuelnt.nt.gov.au/Home/Results?Location=3&FuelCode=ALLD,serverJson:root.FuelOutlet,,,,,,,,,,,221.9,2.219,221.9,2.219,True,221.9,2.219,221.9,2.219,True,,,,,,,,,,,,,,,,,,,,,,,,,,,,,,,181.9,1.819,181.9,1.819,True,181.9,1.819,181.9,1.819,True,193.9,1.939,193.9,1.939,True,193.9,1.939,193.9,1.939,True,,,,,,,,,,,,,,,,,,,,,,,,,,,,,,,,,,,,,,,,,,,,,,,,,,,,,,,,,,,,,,,,,,,,,,
2026-06-01,2026-06-01 09:30:03,195,08500195,Liberty Katherine,Li,Li,7 Gillard Crescent - Corner Zimin Drive,Katherine,0850,NT,6,132.245342,-14.454156,True,True,False,,4,4,"DL, LAF, P95, P98","DL, LAF, P95, P98",LAF,Low Aromatic Fuel,179.5,1.795,OK,OK,https://myfuelnt.nt.gov.au/Home/Results?Location=3&FuelCode=ALLD,serverJson:root.FuelOutlet,219.9,2.199,219.9,2.199,True,219.9,2.199,219.9,2.199,True,,,,,,,,,,,,,,,,,,,,,,,,,,,,,,,,,,,,,,,,,179.5,1.795,179.5,1.795,True,179.5,1.795,179.5,1.795,True,192.5,1.925,192.5,1.925,True,192.5,1.925,192.5,1.925,True,219.5,2.195,219.5,2.195,True,219.5,2.195,219.5,2.195,True,,,,,,,,,,,,,,,,,,,,,,,,,,,,,,,,,,,,,,,,,,,,,,,,,,,,,,,,,,,,
2026-06-01,2026-06-01 09:30:03,61,08500061,UNITED KATHERINE PIEFACE,UN,UN,37 Katherine Terrace,Katherine,0850,NT,6,132.260655,-14.462967,True,True,False,https://www.unitedpetroleum.com.au,4,4,"DL, LAF, P95, P98","DL, LAF, P95, P98",LAF,Low Aromatic Fuel,179.5,1.795,OK,OK,https://myfuelnt.nt.gov.au/Home/Results?Location=3&FuelCode=ALLD,serverJson:root.FuelOutlet,219.9,2.199,219.9,2.199,True,219.9,2.199,219.9,2.199,True,,,,,,,,,,,,,,,,,,,,,,,,,,,,,,,,,,,,,,,,,179.5,1.795,179.5,1.795,True,179.5,1.795,179.5,1.795,True,195.5,1.955,195.5,1.955,True,195.5,1.955,195.5,1.955,True,224.5,2.245,224.5,2.245,True,224.5,2.245,224.5,2.245,True,,,,,,,,,,,,,,,,,,,,,,,,,,,,,,,,,,,,,,,,,,,,,,,,,,,,,,,,,,,,
2026-06-01,2026-06-01 09:30:03,125,08500125,Boab Caravan Park,PM,PM,42 Victoria Highway,Katherine South,0850,NT,6,132.257286,-14.476213,True,True,False,https://boabcaravanpark.com.au/,2,2,"DL, LAF","DL, LAF",LAF,Low Aromatic Fuel,192.0,1.92,OK,OK,https://myfuelnt.nt.gov.au/Home/Results?Location=3&FuelCode=ALLD,serverJson:root.FuelOutlet,267.0,2.67,267.0,2.67,True,267.0,2.67,267.0,2.67,True,,,,,,,,,,,,,,,,,,,,,,,,,,,,,,,,,,,,,,,,,192.0,1.92,192.0,1.92,True,192.0,1.92,192.0,1.92,True,,,,,,,,,,,,,,,,,,,,,,,,,,,,,,,,,,,,,,,,,,,,,,,,,,,,,,,,,,,,,,,,,,,,,,,,,,,,,,,,
2026-06-01,2026-06-01 09:30:03,210,08500210,OTR Katherine Truckstop,OR,OR,85 Bicentennial Road,Katherine South,0850,NT,6,132.27509,-14.47085,True,True,False,https://www.otr.com.au,4,4,"LAF, P95, P98, PD","LAF, P95, P98, PD",LAF,Low Aromatic Fuel,181.9,1.819,OK,OK,https://myfuelnt.nt.gov.au/Home/Results?Location=3&FuelCode=ALLD,serverJson:root.FuelOutlet,,,,,,,,,,,221.9,2.219,221.9,2.219,True,221.9,2.219,221.9,2.219,True,,,,,,,,,,,,,,,,,,,,,,,,,,,,,,,181.9,1.819,181.9,1.819,True,181.9,1.819,181.9,1.819,True,200.4,2.004,200.4,2.004,True,200.4,2.004,200.4,2.004,True,209.9,2.099,209.9,2.099,True,209.9,2.099,209.9,2.099,True,,,,,,,,,,,,,,,,,,,,,,,,,,,,,,,,,,,,,,,,,,,,,,,,,,,,,,,,,,,,
2026-06-01,2026-06-01 09:30:03,205,08500205,Refuel Australia Katherine OPT,AM,AM,4 Bicentennial Road,Katherine South,0850,NT,6,132.25816,-14.487214,True,True,False,,0,0,,,,,,,Review,No listed fuels,https://myfuelnt.nt.gov.au/Home/Results?Location=3&FuelCode=ALLD,serverJson:root.FuelOutlet,,,,,,,,,,,,,,,,,,,,,,,,,,,,,,,,,,,,,,,,,,,,,,,,,,,,,,,,,,,,,,,,,,,,,,,,,,,,,,,,,,,,,,,,,,,,,,,,,,,,,,,,,,,,,,,,,,,,,,,,,,,,,,,,,,,,,,,,,,,,
2026-06-01,2026-06-01 09:30:03,101,08540101,Independent King Ash Bay Service Station,IN,PM,1 Batten Road,King Ash Bay,0854,NT,6,136.478018,-15.933263,True,True,False,http://www.kingashbay.com.au/king-ash-bay-service-station-supermarket/,3,3,"DL, P95, U91","DL, P95, U91",U91,Unleaded 91,225.0,2.25,OK,OK,https://myfuelnt.nt.gov.au/Home/Results?Location=3&FuelCode=ALLD,serverJson:root.FuelOutlet,269.0,2.69,269.0,2.69,True,269.0,2.69,269.0,2.69,True,,,,,,,,,,,,,,,,,,,,,,,,,,,,,,,225.0,2.25,225.0,2.25,True,225.0,2.25,225.0,2.25,True,,,,,,,,,,,235.0,2.35,235.0,2.35,True,235.0,2.35,235.0,2.35,True,,,,,,,,,,,,,,,,,,,,,,,,,,,,,,,,,,,,,,,,,,,,,,,,,,,,,,,,,,,,,,,,,,,,,,
2026-06-01,2026-06-01 09:30:03,31,08700031,Independent Kintore Store,IN,CA,Lot 116 Kintore Community,Kintore,0870,NT,4,129.388544,-23.275545,True,True,False,,2,2,"DL, LAF","DL, LAF",LAF,Low Aromatic Fuel,295.0,2.95,OK,OK,https://myfuelnt.nt.gov.au/Home/Results?Location=3&FuelCode=ALLD,serverJson:root.FuelOutlet,321.0,3.21,321.0,3.21,True,321.0,3.21,321.0,3.21,True,,,,,,,,,,,,,,,,,,,,,,,,,,,,,,,,,,,,,,,,,295.0,2.95,295.0,2.95,True,295.0,2.95,295.0,2.95,True,,,,,,,,,,,,,,,,,,,,,,,,,,,,,,,,,,,,,,,,,,,,,,,,,,,,,,,,,,,,,,,,,,,,,,,,,,,,,,,,
2026-06-01,2026-06-01 09:30:03,131,08720131,Independent Kulgera Roadhouse Hotel,IN,IN,1 South Stuart Highway,Kulgera,0872,NT,4,133.300233,-25.839525,True,True,False,https://kulgeraroadhouse.com.au,4,3,"DL, LAF, LPG, P95","DL, LAF, P95",LAF,Low Aromatic Fuel,290.0,2.9,OK,OK,https://myfuelnt.nt.gov.au/Home/Results?Location=3&FuelCode=ALLD,serverJson:root.FuelOutlet,315.0,3.15,315.0,3.15,True,315.0,3.15,315.0,3.15,True,,,,,,,,,,,,,,,,,,,,,,,,,,,,,,,,,,,,,,,,,290.0,2.9,290.0,2.9,True,290.0,2.9,290.0,2.9,True,300.0,3.0,300.0,3.0,True,300.0,3.0,300.0,3.0,True,,,,,,,,,,,,,,,,,,,,,,,,,,,,,,,,,189.0,1.89,False,,,189.0,1.89,False,,,,,,,,,,,,,,,,,,,,,,,,,,,,,,
2026-06-01,2026-06-01 09:30:03,65,08200065,UNITED LUDMILLA,UN,UN,187 Bagot Road,LUDMILLA,0820,NT,3,130.855712,-12.40943,True,True,False,https://www.unitedpetroleum.com.au,3,3,"DL, P95, U91","DL, P95, U91",U91,Unleaded 91,184.9,1.849,OK,OK,https://myfuelnt.nt.gov.au/Home/Results?Location=3&FuelCode=ALLD,serverJson:root.FuelOutlet,215.9,2.1590000000000003,215.9,2.1590000000000003,True,215.9,2.1590000000000003,215.9,2.1590000000000003,True,,,,,,,,,,,,,,,,,,,,,,,,,,,,,,,184.9,1.849,184.9,1.849,True,184.9,1.849,184.9,1.849,True,,,,,,,,,,,200.9,2.009,200.9,2.009,True,200.9,2.009,200.9,2.009,True,,,,,,,,,,,,,,,,,,,,,,,,,,,,,,,,,,,,,,,,,,,,,,,,,,,,,,,,,,,,,,,,,,,,,,
2026-06-01,2026-06-01 09:30:03,7,08520007,Lajamanu Store & Service Station,PM,PM,ENTRY BY PERMIT ONLY. Lot 315,Lajamanu,0852,NT,6,130.637291,-18.335695,True,True,False,https://www.alpa.asn.au,2,2,"DL, LAF","DL, LAF",LAF,Low Aromatic Fuel,347.0,3.47,OK,OK,https://myfuelnt.nt.gov.au/Home/Results?Location=3&FuelCode=ALLD,serverJson:root.FuelOutlet,399.0,3.99,399.0,3.99,True,399.0,3.99,399.0,3.99,True,,,,,,,,,,,,,,,,,,,,,,,,,,,,,,,,,,,,,,,,,347.0,3.47,347.0,3.47,True,347.0,3.47,347.0,3.47,True,,,,,,,,,,,,,,,,,,,,,,,,,,,,,,,,,,,,,,,,,,,,,,,,,,,,,,,,,,,,,,,,,,,,,,,,,,,,,,,,
2026-06-01,2026-06-01 09:30:03,112,08720112,Independent Laramba Community Store,IN,IN,Lot 82 - Store Street,Laramba,0872,NT,4,132.754003,-22.534303,True,True,False,,2,2,"DL, LAF","DL, LAF",DL,Diesel,332.0,3.32,OK,OK,https://myfuelnt.nt.gov.au/Home/Results?Location=3&FuelCode=ALLD,serverJson:root.FuelOutlet,332.0,3.32,332.0,3.32,True,332.0,3.32,332.0,3.32,True,,,,,,,,,,,,,,,,,,,,,,,,,,,,,,,,,,,,,,,,,333.0,3.33,333.0,3.33,True,333.0,3.33,333.0,3.33,True,,,,,,,,,,,,,,,,,,,,,,,,,,,,,,,,,,,,,,,,,,,,,,,,,,,,,,,,,,,,,,,,,,,,,,,,,,,,,,,,
2026-06-01,2026-06-01 09:30:03,181,08200181,Independent Roper Bar,IN,IN,"1 Jetty Road, Roper Highway",Limmen,0852,NT,6,134.528786,-14.735076,True,True,False,,2,0,"DL, LAF",,,,,,OK,OK,https://myfuelnt.nt.gov.au/Home/Results?Location=3&FuelCode=ALLD,serverJson:root.FuelOutlet,,,350.0,3.5,False,,,350.0,3.5,False,,,,,,,,,,,,,,,,,,,,,,,,,,,,,,,,,,,,,,,,,,,300.0,3.0,False,,,300.0,3.0,False,,,,,,,,,,,,,,,,,,,,,,,,,,,,,,,,,,,,,,,,,,,,,,,,,,,,,,,,,,,,,,,,,,,,,,,,,,,,,,,,
2026-06-01,2026-06-01 09:30:03,90,08200090,S24 Ludmilla,OR,OR,25 Bagot Road,Ludmilla,0820,NT,3,130.855965,-12.426896,True,True,False,https://otr.com.au,4,4,"P95, P98, PD, U91","P95, P98, PD, U91",U91,Unleaded 91,184.9,1.849,OK,OK,https://myfuelnt.nt.gov.au/Home/Results?Location=3&FuelCode=ALLD,serverJson:root.FuelOutlet,,,,,,,,,,,217.9,2.1790000000000003,217.9,2.1790000000000003,True,217.9,2.1790000000000003,217.9,2.1790000000000003,True,,,,,,,,,,,,,,,,,,,,,184.9,1.849,184.9,1.849,True,184.9,1.849,184.9,1.849,True,,,,,,,,,,,202.4,2.024,202.4,2.024,True,202.4,2.024,202.4,2.024,True,211.9,2.119,211.9,2.119,True,211.9,2.119,211.9,2.119,True,,,,,,,,,,,,,,,,,,,,,,,,,,,,,,,,,,,,,,,,,,,,,,,,,,,,,,,,,,,,
2026-06-01,2026-06-01 09:30:03,80,08120080,S24 Malak,OR,OR,Chambers Place (Crn Holzerland St & Malak Place),Malak,0812,NT,3,130.90436,-12.396662,True,True,False,https://www.otr.com.au,4,4,"P95, P98, PD, U91","P95, P98, PD, U91",U91,Unleaded 91,186.9,1.869,OK,OK,https://myfuelnt.nt.gov.au/Home/Results?Location=3&FuelCode=ALLD,serverJson:root.FuelOutlet,,,,,,,,,,,218.9,2.189,218.9,2.189,True,218.9,2.189,218.9,2.189,True,,,,,,,,,,,,,,,,,,,,,186.9,1.869,186.9,1.869,True,186.9,1.869,186.9,1.869,True,,,,,,,,,,,204.4,2.044,204.4,2.044,True,204.4,2.044,204.4,2.044,True,213.9,2.1390000000000002,213.9,2.1390000000000002,True,213.9,2.1390000000000002,213.9,2.1390000000000002,True,,,,,,,,,,,,,,,,,,,,,,,,,,,,,,,,,,,,,,,,,,,,,,,,,,,,,,,,,,,,
2026-06-01,2026-06-01 09:30:03,145,08220145,Barlmarrk Service Station,PM,PM,Lot 628 Maningrida,Maningrida,0822,NT,1,134.22924,-12.055045,True,True,False,https://www.bawinanga.com,2,2,"DL, LAF","DL, LAF",LAF,Low Aromatic Fuel,382.0,3.82,OK,OK,https://myfuelnt.nt.gov.au/Home/Results?Location=3&FuelCode=ALLD,serverJson:root.FuelOutlet,389.0,3.89,389.0,3.89,True,389.0,3.89,389.0,3.89,True,,,,,,,,,,,,,,,,,,,,,,,,,,,,,,,,,,,,,,,,,382.0,3.82,382.0,3.82,True,382.0,3.82,382.0,3.82,True,,,,,,,,,,,,,,,,,,,,,,,,,,,,,,,,,,,,,,,,,,,,,,,,,,,,,,,,,,,,,,,,,,,,,,,,,,,,,,,,
2026-06-01,2026-06-01 09:30:03,100,08220100,Independent MPA Fuel Station,IN,PM,Lot 526 Maningrida St,Maningrida,0822,NT,1,134.225488,-12.049776,True,True,False,N/A,2,2,"DL, LAF","DL, LAF",DL,Diesel,360.0,3.6,OK,OK,https://myfuelnt.nt.gov.au/Home/Results?Location=3&FuelCode=ALLD,serverJson:root.FuelOutlet,360.0,3.6,360.0,3.6,True,360.0,3.6,360.0,3.6,True,,,,,,,,,,,,,,,,,,,,,,,,,,,,,,,,,,,,,,,,,382.0,3.82,382.0,3.82,True,382.0,3.82,382.0,3.82,True,,,,,,,,,,,,,,,,,,,,,,,,,,,,,,,,,,,,,,,,,,,,,,,,,,,,,,,,,,,,,,,,,,,,,,,,,,,,,,,,
2026-06-01,2026-06-01 09:30:03,127,08220127,Corroboree Park Tavern,PM,PM,Lot 3095 Arnhem Highway,Marrakai,0822,NT,1,131.50097,-12.761847,True,True,False,http://corroboreeparktavern.com.au,3,3,"DL, P95, U91","DL, P95, U91",U91,Unleaded 91,199.9,1.999,OK,OK,https://myfuelnt.nt.gov.au/Home/Results?Location=3&FuelCode=ALLD,serverJson:root.FuelOutlet,235.9,2.359,235.9,2.359,True,235.9,2.359,235.9,2.359,True,,,,,,,,,,,,,,,,,,,,,,,,,,,,,,,199.9,1.999,199.9,1.999,True,199.9,1.999,199.9,1.999,True,,,,,,,,,,,217.9,2.1790000000000003,217.9,2.1790000000000003,True,217.9,2.1790000000000003,217.9,2.1790000000000003,True,,,,,,,,,,,,,,,,,,,,,,,,,,,,,,,,,,,,,,,,,,,,,,,,,,,,,,,,,,,,,,,,,,,,,,
2026-06-01,2026-06-01 09:30:03,211,08720211,Maryvale Store,PM,PM,Old South Road,Maryvale,0872,NT,4,134.072466,-24.667734,True,True,False,,2,0,"DL, U91",,,,,,OK,OK,https://myfuelnt.nt.gov.au/Home/Results?Location=3&FuelCode=ALLD,serverJson:root.FuelOutlet,,,250.0,2.5,False,,,250.0,2.5,False,,,,,,,,,,,,,,,,,,,,,,,,,,,,,,,,,250.0,2.5,False,,,250.0,2.5,False,,,,,,,,,,,,,,,,,,,,,,,,,,,,,,,,,,,,,,,,,,,,,,,,,,,,,,,,,,,,,,,,,,,,,,,,,,,,,,,,,,,,,,,,,,
2026-06-01,2026-06-01 09:30:03,118,08520118,BP Mataranka Roadhouse,BP,BP,Lot 118 Roper Terrace,Mataranka,0852,NT,6,133.066228,-14.92301,True,True,False,,2,2,"DL, P95","DL, P95",P95,Premium 95,244.9,2.449,OK,OK,https://myfuelnt.nt.gov.au/Home/Results?Location=3&FuelCode=ALLD,serverJson:root.FuelOutlet,289.9,2.8989999999999996,289.9,2.8989999999999996,True,289.9,2.8989999999999996,289.9,2.8989999999999996,True,,,,,,,,,,,,,,,,,,,,,,,,,,,,,,,,,,,,,,,,,,,,,,,,,,,244.9,2.449,244.9,2.449,True,244.9,2.449,244.9,2.449,True,,,,,,,,,,,,,,,,,,,,,,,,,,,,,,,,,,,,,,,,,,,,,,,,,,,,,,,,,,,,,,,,,,,,,,
2026-06-01,2026-06-01 09:30:03,175,08520175,Independent Mataranka Central,IN,IN,13 Roper Terrace,Mataranka,0852,NT,6,133.067712,-14.924114,True,True,False,,3,0,"DL, LAF, P95",,,,,,OK,OK,https://myfuelnt.nt.gov.au/Home/Results?Location=3&FuelCode=ALLD,serverJson:root.FuelOutlet,,,299.0,2.99,False,,,299.0,2.99,False,,,,,,,,,,,,,,,,,,,,,,,,,,,,,,,,,,,,,,,,,,,246.0,2.46,False,,,246.0,2.46,False,,,262.0,2.62,False,,,262.0,2.62,False,,,,,,,,,,,,,,,,,,,,,,,,,,,,,,,,,,,,,,,,,,,,,,,,,,,,,,,,,,,,,,,,,,,,,,
2026-06-01,2026-06-01 09:30:03,122,08520122,Mataranka Store and Service Station,PM,PM,67 Roper Terrace,Mataranka,0852,NT,6,133.069039,-14.92541,True,True,False,,3,1,"DL, LAF, P95",P95,P95,Premium 95,244.5,2.445,OK,OK,https://myfuelnt.nt.gov.au/Home/Results?Location=3&FuelCode=ALLD,serverJson:root.FuelOutlet,,,285.9,2.859,False,,,285.9,2.859,False,,,,,,,,,,,,,,,,,,,,,,,,,,,,,,,,,,,,,,,,,,,246.5,2.465,False,,,246.5,2.465,False,244.5,2.445,244.5,2.445,True,244.5,2.445,244.5,2.445,True,,,,,,,,,,,,,,,,,,,,,,,,,,,,,,,,,,,,,,,,,,,,,,,,,,,,,,,,,,,,,,,,,,,,,,
2026-06-01,2026-06-01 09:30:03,143,08220143,Independent Tiwi Islands Regional Council - Milikapiti,IN,PM,Lot 188 Milikapiti,Milikapiti - Snake Bay,0822,NT,8,130.676005,-11.424561,True,True,False,,2,2,"DL, U91","DL, U91",DL,Diesel,337.0,3.37,OK,OK,https://myfuelnt.nt.gov.au/Home/Results?Location=3&FuelCode=ALLD,serverJson:root.FuelOutlet,337.0,3.37,337.0,3.37,True,337.0,3.37,337.0,3.37,True,,,,,,,,,,,,,,,,,,,,,,,,,,,,,,,337.0,3.37,337.0,3.37,True,337.0,3.37,337.0,3.37,True,,,,,,,,,,,,,,,,,,,,,,,,,,,,,,,,,,,,,,,,,,,,,,,,,,,,,,,,,,,,,,,,,,,,,,,,,,,,,,,,,,,,,,,,,,
2026-06-01,2026-06-01 09:30:03,4,08220004,Milingimbi Store,PM,PM,ENTRY BY PERMIT ONLY. Gadapu Road,Milingimbi,0822,NT,7,134.919574,-12.103322,True,True,False,https://www.alpa.asn.au,2,2,"DL, LAF","DL, LAF",LAF,Low Aromatic Fuel,325.0,3.25,OK,OK,https://myfuelnt.nt.gov.au/Home/Results?Location=3&FuelCode=ALLD,serverJson:root.FuelOutlet,375.0,3.75,375.0,3.75,True,375.0,3.75,375.0,3.75,True,,,,,,,,,,,,,,,,,,,,,,,,,,,,,,,,,,,,,,,,,325.0,3.25,325.0,3.25,True,325.0,3.25,325.0,3.25,True,,,,,,,,,,,,,,,,,,,,,,,,,,,,,,,,,,,,,,,,,,,,,,,,,,,,,,,,,,,,,,,,,,,,,,,,,,,,,,,,
2026-06-01,2026-06-01 09:30:03,23,08220023,Lagulalya Store,PM,PM,Lot 7,Milyakburra,0822,NT,7,136.194962,-13.782702,True,True,False,https://outbackstores.com.au,2,2,"DL, LAF","DL, LAF",LAF,Low Aromatic Fuel,334.0,3.34,OK,OK,https://myfuelnt.nt.gov.au/Home/Results?Location=3&FuelCode=ALLD,serverJson:root.FuelOutlet,347.0,3.47,347.0,3.47,True,347.0,3.47,347.0,3.47,True,,,,,,,,,,,,,,,,,,,,,,,,,,,,,,,,,,,,,,,,,334.0,3.34,334.0,3.34,True,334.0,3.34,334.0,3.34,True,,,,,,,,,,,,,,,,,,,,,,,,,,,,,,,,,,,,,,,,,,,,,,,,,,,,,,,,,,,,,,,,,,,,,,,,,,,,,,,,
2026-06-01,2026-06-01 09:30:03,232,08520232,Warliburru Store,MO,MO,"ENTRY BY PERMIT ONLY. Lot 64, Miniyeri Community",Miniyeri,0852,NT,6,134.083791,-15.218716,True,True,False,,2,2,"DL, LAF","DL, LAF",LAF,Low Aromatic Fuel,246.0,2.46,OK,OK,https://myfuelnt.nt.gov.au/Home/Results?Location=3&FuelCode=ALLD,serverJson:root.FuelOutlet,319.0,3.19,319.0,3.19,True,319.0,3.19,319.0,3.19,True,,,,,,,,,,,,,,,,,,,,,,,,,,,,,,,,,,,,,,,,,246.0,2.46,246.0,2.46,True,246.0,2.46,246.0,2.46,True,,,,,,,,,,,,,,,,,,,,,,,,,,,,,,,,,,,,,,,,,,,,,,,,,,,,,,,,,,,,,,,,,,,,,,,,,,,,,,,,
2026-06-01,2026-06-01 09:30:03,165,08220165,Independent WARC Minjilang Fuel,IN,IN,"Lot 168, Sheperdson Road",Minjilang,0822,NT,1,132.577987,-11.150366,True,True,False,,2,2,"DL, LAF","DL, LAF",LAF,Low Aromatic Fuel,350.0,3.5,OK,OK,https://myfuelnt.nt.gov.au/Home/Results?Location=3&FuelCode=ALLD,serverJson:root.FuelOutlet,432.0,4.32,432.0,4.32,True,432.0,4.32,432.0,4.32,True,,,,,,,,,,,,,,,,,,,,,,,,,,,,,,,,,,,,,,,,,350.0,3.5,350.0,3.5,True,350.0,3.5,350.0,3.5,True,,,,,,,,,,,,,,,,,,,,,,,,,,,,,,,,,,,,,,,,,,,,,,,,,,,,,,,,,,,,,,,,,,,,,,,,,,,,,,,,
2026-06-01,2026-06-01 09:30:03,219,08220219,The Bark Hut Inn,BP,BP,3737 Arnhem Highway,Mount Bundey,0822,NT,1,131.67569,-12.9001,True,True,False,,3,3,"DL, P95, U91","DL, P95, U91",U91,Unleaded 91,201.9,2.019,OK,OK,https://myfuelnt.nt.gov.au/Home/Results?Location=3&FuelCode=ALLD,serverJson:root.FuelOutlet,239.9,2.399,239.9,2.399,True,239.9,2.399,239.9,2.399,True,,,,,,,,,,,,,,,,,,,,,,,,,,,,,,,201.9,2.019,201.9,2.019,True,201.9,2.019,201.9,2.019,True,,,,,,,,,,,220.9,2.209,220.9,2.209,True,220.9,2.209,220.9,2.209,True,,,,,,,,,,,,,,,,,,,,,,,,,,,,,,,,,,,,,,,,,,,,,,,,,,,,,,,,,,,,,,,,,,,,,,
2026-06-01,2026-06-01 09:30:03,22,08700022,Independent Mt Liebig Store,IN,IN,20 Kely Road,Mount Liebig,0872,NT,4,131.272643,-23.266204,True,True,False,https://outbackstores.com.au,2,2,"DL, LAF","DL, LAF",LAF,Low Aromatic Fuel,280.0,2.8,OK,OK,https://myfuelnt.nt.gov.au/Home/Results?Location=3&FuelCode=ALLD,serverJson:root.FuelOutlet,325.0,3.25,325.0,3.25,True,325.0,3.25,325.0,3.25,True,,,,,,,,,,,,,,,,,,,,,,,,,,,,,,,,,,,,,,,,,280.0,2.8,280.0,2.8,True,280.0,2.8,280.0,2.8,True,,,,,,,,,,,,,,,,,,,,,,,,,,,,,,,,,,,,,,,,,,,,,,,,,,,,,,,,,,,,,,,,,,,,,,,,,,,,,,,,
2026-06-01,2026-06-01 09:30:03,167,08720167,Independent Ininti Store,IN,IV,ENTRY BY PERMIT ONLY. Mutitjula Community,Mutitjula,0872,NT,4,131.064519,-25.347579,True,True,False,,2,2,"DL, LAF","DL, LAF",LAF,Low Aromatic Fuel,269.0,2.69,OK,OK,https://myfuelnt.nt.gov.au/Home/Results?Location=3&FuelCode=ALLD,serverJson:root.FuelOutlet,299.0,2.99,299.0,2.99,True,299.0,2.99,299.0,2.99,True,,,,,,,,,,,,,,,,,,,,,,,,,,,,,,,,,,,,,,,,,269.0,2.69,269.0,2.69,True,269.0,2.69,269.0,2.69,True,,,,,,,,,,,,,,,,,,,,,,,,,,,,,,,,,,,,,,,,,,,,,,,,,,,,,,,,,,,,,,,,,,,,,,,,,,,,,,,,
2026-06-01,2026-06-01 09:30:03,44,08100044,SHELL REDDY EXPRESS NIGHTCLIFF,C3,C3,37 PROGRESS DRIVE,NIGHTCLIFF,0810,NT,3,130.851979,-12.388251,True,True,False,https://www.colesexpress.com.au/,3,3,"DL, P95, U91","DL, P95, U91",U91,Unleaded 91,185.9,1.859,OK,OK,https://myfuelnt.nt.gov.au/Home/Results?Location=3&FuelCode=ALLD,serverJson:root.FuelOutlet,215.9,2.1590000000000003,215.9,2.1590000000000003,True,215.9,2.1590000000000003,215.9,2.1590000000000003,True,,,,,,,,,,,,,,,,,,,,,,,,,,,,,,,185.9,1.859,185.9,1.859,True,185.9,1.859,185.9,1.859,True,,,,,,,,,,,203.4,2.0340000000000003,203.4,2.0340000000000003,True,203.4,2.0340000000000003,203.4,2.0340000000000003,True,,,,,,,,,,,,,,,,,,,,,,,,,,,,,,,,,,,,,,,,,,,,,,,,,,,,,,,,,,,,,,,,,,,,,,
2026-06-01,2026-06-01 09:30:03,63,08370063,UNITED NOONAMAH ROADHOUSE,UN,UN,1805 Stuart Highway,NOONAMAH,0837,NT,2,131.074496,-12.633774,True,True,False,https://www.unitedpetroleum.com.au,5,5,"DL, P95, P98, PD, U91","DL, P95, P98, PD, U91",U91,Unleaded 91,187.9,1.879,OK,OK,https://myfuelnt.nt.gov.au/Home/Results?Location=3&FuelCode=ALLD,serverJson:root.FuelOutlet,217.9,2.1790000000000003,217.9,2.1790000000000003,True,217.9,2.1790000000000003,217.9,2.1790000000000003,True,219.9,2.199,219.9,2.199,True,219.9,2.199,219.9,2.199,True,,,,,,,,,,,,,,,,,,,,,187.9,1.879,187.9,1.879,True,187.9,1.879,187.9,1.879,True,,,,,,,,,,,203.9,2.039,203.9,2.039,True,203.9,2.039,203.9,2.039,True,232.9,2.329,232.9,2.329,True,232.9,2.329,232.9,2.329,True,,,,,,,,,,,,,,,,,,,,,,,,,,,,,,,,,,,,,,,,,,,,,,,,,,,,,,,,,,,,
2026-06-01,2026-06-01 09:30:03,11,08220011,Nganmarriyanga Community Store,PM,PM,ENTRY BY PERMIT ONLY. Lot 103,Nganmarriyanga,0822,NT,1,129.882286,-14.353405,True,True,False,https://www.alpa.asn.au,2,2,"DL, LAF","DL, LAF",DL,Diesel,281.0,2.81,OK,OK,https://myfuelnt.nt.gov.au/Home/Results?Location=3&FuelCode=ALLD,serverJson:root.FuelOutlet,281.0,2.81,281.0,2.81,True,281.0,2.81,281.0,2.81,True,,,,,,,,,,,,,,,,,,,,,,,,,,,,,,,,,,,,,,,,,281.0,2.81,281.0,2.81,True,281.0,2.81,281.0,2.81,True,,,,,,,,,,,,,,,,,,,,,,,,,,,,,,,,,,,,,,,,,,,,,,,,,,,,,,,,,,,,,,,,,,,,,,,,,,,,,,,,
2026-06-01,2026-06-01 09:30:03,21,08520021,Ngukurr Store,PM,PM,"Lot 339, Balamurra St",Ngukurr,0852,NT,6,134.73355,-14.733209,True,True,False,https://outbackstores.com.au,2,2,"DL, LAF","DL, LAF",LAF,Low Aromatic Fuel,303.0,3.03,OK,OK,https://myfuelnt.nt.gov.au/Home/Results?Location=3&FuelCode=ALLD,serverJson:root.FuelOutlet,321.0,3.21,321.0,3.21,True,321.0,3.21,321.0,3.21,True,,,,,,,,,,,,,,,,,,,,,,,,,,,,,,,,,,,,,,,,,303.0,3.03,303.0,3.03,True,303.0,3.03,303.0,3.03,True,,,,,,,,,,,,,,,,,,,,,,,,,,,,,,,,,,,,,,,,,,,,,,,,,,,,,,,,,,,,,,,,,,,,,,,,,,,,,,,,
2026-06-01,2026-06-01 09:30:03,128,08800128,BP Service Station Nhulunbuy,BP,BP,Cnr Matthew Flinders Way and Westal Street,Nhulunbuy,0880,NT,7,136.78794,-12.185616,True,True,False,https://www.bp.com,3,3,"DL, LAF, P95","DL, LAF, P95",LAF,Low Aromatic Fuel,275.5,2.755,OK,OK,https://myfuelnt.nt.gov.au/Home/Results?Location=3&FuelCode=ALLD,serverJson:root.FuelOutlet,276.6,2.766,276.6,2.766,True,276.6,2.766,276.6,2.766,True,,,,,,,,,,,,,,,,,,,,,,,,,,,,,,,,,,,,,,,,,275.5,2.755,275.5,2.755,True,275.5,2.755,275.5,2.755,True,296.8,2.968,296.8,2.968,True,296.8,2.968,296.8,2.968,True,,,,,,,,,,,,,,,,,,,,,,,,,,,,,,,,,,,,,,,,,,,,,,,,,,,,,,,,,,,,,,,,,,,,,,
2026-06-01,2026-06-01 09:30:03,53,08140053,EG Ampol Nightcliff,EA,EA,159 Dick Ward Drive,Nightcliff,0814,NT,3,130.851965,-12.389526,True,True,False,https://www.woolworths.com.au/Shop/Discover/petrol,3,3,"P95, PD, U91","P95, PD, U91",U91,Unleaded 91,185.9,1.859,OK,OK,https://myfuelnt.nt.gov.au/Home/Results?Location=3&FuelCode=ALLD,serverJson:root.FuelOutlet,,,,,,,,,,,215.9,2.1590000000000003,215.9,2.1590000000000003,True,215.9,2.1590000000000003,215.9,2.1590000000000003,True,,,,,,,,,,,,,,,,,,,,,185.9,1.859,185.9,1.859,True,185.9,1.859,185.9,1.859,True,,,,,,,,,,,197.9,1.979,197.9,1.979,True,197.9,1.979,197.9,1.979,True,,,,,,,,,,,,,,,,,,,,,,,,,,,,,,,,,,,,,,,,,,,,,,,,,,,,,,,,,,,,,,,,,,,,,,
2026-06-01,2026-06-01 09:30:03,81,08100081,S24 Nightcliff,OR,OR,26 Progress Drive,Nightcliff,0810,NT,3,130.85206,-12.3877,True,True,False,https://www.otr.com.au,4,4,"P95, P98, PD, U91","P95, P98, PD, U91",U91,Unleaded 91,185.9,1.859,OK,OK,https://myfuelnt.nt.gov.au/Home/Results?Location=3&FuelCode=ALLD,serverJson:root.FuelOutlet,,,,,,,,,,,217.9,2.1790000000000003,217.9,2.1790000000000003,True,217.9,2.1790000000000003,217.9,2.1790000000000003,True,,,,,,,,,,,,,,,,,,,,,185.9,1.859,185.9,1.859,True,185.9,1.859,185.9,1.859,True,,,,,,,,,,,203.4,2.0340000000000003,203.4,2.0340000000000003,True,203.4,2.0340000000000003,203.4,2.0340000000000003,True,212.9,2.129,212.9,2.129,True,212.9,2.129,212.9,2.129,True,,,,,,,,,,,,,,,,,,,,,,,,,,,,,,,,,,,,,,,,,,,,,,,,,,,,,,,,,,,,
2026-06-01,2026-06-01 09:30:03,106,08520106,Numbulwar Workshop,PM,PM,Lot 53 Numbulwar,Numbalwar,0852,NT,7,135.725471,-14.283876,True,True,False,,2,2,"DL, LAF","DL, LAF",LAF,Low Aromatic Fuel,250.0,2.5,OK,OK,https://myfuelnt.nt.gov.au/Home/Results?Location=3&FuelCode=ALLD,serverJson:root.FuelOutlet,306.0,3.06,306.0,3.06,True,306.0,3.06,306.0,3.06,True,,,,,,,,,,,,,,,,,,,,,,,,,,,,,,,,,,,,,,,,,250.0,2.5,250.0,2.5,True,250.0,2.5,250.0,2.5,True,,,,,,,,,,,,,,,,,,,,,,,,,,,,,,,,,,,,,,,,,,,,,,,,,,,,,,,,,,,,,,,,,,,,,,,,,,,,,,,,
2026-06-01,2026-06-01 09:30:03,27,08720027,Independent Nyirripi Store,IN,IN,"Lot 22, Nyirripi Community off Tanami Track",Nyirripi,0872,NT,4,130.552139,-22.649659,True,True,False,https://outbackstores.com.au,2,2,"DL, LAF","DL, LAF",LAF,Low Aromatic Fuel,324.0,3.24,OK,OK,https://myfuelnt.nt.gov.au/Home/Results?Location=3&FuelCode=ALLD,serverJson:root.FuelOutlet,390.0,3.9,390.0,3.9,True,390.0,3.9,390.0,3.9,True,,,,,,,,,,,,,,,,,,,,,,,,,,,,,,,,,,,,,,,,,324.0,3.24,324.0,3.24,True,324.0,3.24,324.0,3.24,True,,,,,,,,,,,,,,,,,,,,,,,,,,,,,,,,,,,,,,,,,,,,,,,,,,,,,,,,,,,,,,,,,,,,,,,,,,,,,,,,
2026-06-01,2026-06-01 09:30:03,152,08220152,Independent GUNBALANYA SERVICE STATION,IN,IN,Main Street,OENPELLI,0822,NT,1,133.055317,-12.326299,True,True,False,,2,2,"DL, LAF","DL, LAF",LAF,Low Aromatic Fuel,265.0,2.65,OK,OK,https://myfuelnt.nt.gov.au/Home/Results?Location=3&FuelCode=ALLD,serverJson:root.FuelOutlet,345.0,3.45,345.0,3.45,True,345.0,3.45,345.0,3.45,True,,,,,,,,,,,,,,,,,,,,,,,,,,,,,,,,,,,,,,,,,265.0,2.65,265.0,2.65,True,265.0,2.65,265.0,2.65,True,,,,,,,,,,,,,,,,,,,,,,,,,,,,,,,,,,,,,,,,,,,,,,,,,,,,,,,,,,,,,,,,,,,,,,,,,,,,,,,,
2026-06-01,2026-06-01 09:30:03,43,08300043,SHELL REDDY EXPRESS FAIRWAY WATERS,C3,C3,130 UNIVERSITY AVENUE,PALMERSTON,0830,NT,9,130.970135,-12.480144,True,True,False,https://www.colesexpress.com.au/,3,3,"DL, P95, U91","DL, P95, U91",U91,Unleaded 91,187.9,1.879,OK,OK,https://myfuelnt.nt.gov.au/Home/Results?Location=3&FuelCode=ALLD,serverJson:root.FuelOutlet,216.9,2.169,216.9,2.169,True,216.9,2.169,216.9,2.169,True,,,,,,,,,,,,,,,,,,,,,,,,,,,,,,,187.9,1.879,187.9,1.879,True,187.9,1.879,187.9,1.879,True,,,,,,,,,,,205.4,2.0540000000000003,205.4,2.0540000000000003,True,205.4,2.0540000000000003,205.4,2.0540000000000003,True,,,,,,,,,,,,,,,,,,,,,,,,,,,,,,,,,,,,,,,,,,,,,,,,,,,,,,,,,,,,,,,,,,,,,,
2026-06-01,2026-06-01 09:30:03,42,08300042,SHELL REDDY EXPRESS PALMERSTON,C3,C3,2 YARRAWONGA RD (CNR ROYSTONEA AVE),PALMERSTON,0830,NT,9,130.9841,-12.473721,True,True,False,https://www.colesexpress.com.au/,4,4,"DL, LAF, P95, U91","DL, LAF, P95, U91",LAF,Low Aromatic Fuel,187.9,1.879,OK,OK,https://myfuelnt.nt.gov.au/Home/Results?Location=3&FuelCode=ALLD,serverJson:root.FuelOutlet,216.9,2.169,216.9,2.169,True,216.9,2.169,216.9,2.169,True,,,,,,,,,,,,,,,,,,,,,,,,,,,,,,,187.9,1.879,187.9,1.879,True,187.9,1.879,187.9,1.879,True,187.9,1.879,187.9,1.879,True,187.9,1.879,187.9,1.879,True,205.4,2.0540000000000003,205.4,2.0540000000000003,True,205.4,2.0540000000000003,205.4,2.0540000000000003,True,,,,,,,,,,,,,,,,,,,,,,,,,,,,,,,,,,,,,,,,,,,,,,,,,,,,,,,,,,,,,,,,,,,,,,
2026-06-01,2026-06-01 09:30:03,69,08200069,UNITED PARAP PIEFACE,UN,UN,209 Stuart Hwy,PARAP,0820,NT,3,130.848332,-12.4329,True,True,False,https://www.unitedpetroleum.com.au,5,5,"DL, E85, P95, P98, U91","DL, E85, P95, P98, U91",U91,Unleaded 91,183.9,1.839,OK,OK,https://myfuelnt.nt.gov.au/Home/Results?Location=3&FuelCode=ALLD,serverJson:root.FuelOutlet,214.9,2.149,214.9,2.149,True,214.9,2.149,214.9,2.149,True,,,,,,,,,,,,,,,,,,,,,,,,,,,,,,,183.9,1.839,183.9,1.839,True,183.9,1.839,183.9,1.839,True,,,,,,,,,,,199.9,1.999,199.9,1.999,True,199.9,1.999,199.9,1.999,True,228.9,2.289,228.9,2.289,True,228.9,2.289,228.9,2.289,True,,,,,,,,,,,249.9,2.499,249.9,2.499,True,249.9,2.499,249.9,2.499,True,,,,,,,,,,,,,,,,,,,,,,,,,,,,,,,,,,,,,,,,
2026-06-01,2026-06-01 09:30:03,75,08470075,UNITED PINE CREEK HOLIDAY PARK & ROADHOUSE,UN,UN,47 Moule Street,PINE CREEK,0847,NT,6,131.83516,-13.825006,True,True,False,https://www.unitedpetroleum.com.au,3,3,"DL, LAF, P95","DL, LAF, P95",LAF,Low Aromatic Fuel,205.9,2.059,OK,OK,https://myfuelnt.nt.gov.au/Home/Results?Location=3&FuelCode=ALLD,serverJson:root.FuelOutlet,239.9,2.399,239.9,2.399,True,239.9,2.399,239.9,2.399,True,,,,,,,,,,,,,,,,,,,,,,,,,,,,,,,,,,,,,,,,,205.9,2.059,205.9,2.059,True,205.9,2.059,205.9,2.059,True,215.9,2.1590000000000003,215.9,2.1590000000000003,True,215.9,2.1590000000000003,215.9,2.1590000000000003,True,,,,,,,,,,,,,,,,,,,,,,,,,,,,,,,,,,,,,,,,,,,,,,,,,,,,,,,,,,,,,,,,,,,,,,
2026-06-01,2026-06-01 09:30:03,12,08220012,Pirlangimpi Community Store,PM,PM,ENTRY BY PERMIT ONLY. LOT 262,PIRLANGIMPI,0822,NT,8,130.417765,-11.40313,True,True,False,https://www.alpa.asn.au,2,2,"DL, LAF","DL, LAF",DL,Diesel,356.0,3.56,OK,OK,https://myfuelnt.nt.gov.au/Home/Results?Location=3&FuelCode=ALLD,serverJson:root.FuelOutlet,356.0,3.56,356.0,3.56,True,356.0,3.56,356.0,3.56,True,,,,,,,,,,,,,,,,,,,,,,,,,,,,,,,,,,,,,,,,,360.0,3.6,360.0,3.6,True,360.0,3.6,360.0,3.6,True,,,,,,,,,,,,,,,,,,,,,,,,,,,,,,,,,,,,,,,,,,,,,,,,,,,,,,,,,,,,,,,,,,,,,,,,,,,,,,,,
2026-06-01,2026-06-01 09:30:03,54,08310054,EG Ampol Palmerston,EA,EA,15 Yarrawonga Road,Palmerston,0831,NT,9,130.98502,-12.47022,True,True,False,https://www.woolworths.com.au/Shop/Discover/petrol,4,4,"DL, P95, PD, U91","DL, P95, PD, U91",U91,Unleaded 91,187.9,1.879,OK,OK,https://myfuelnt.nt.gov.au/Home/Results?Location=3&FuelCode=ALLD,serverJson:root.FuelOutlet,216.9,2.169,216.9,2.169,True,216.9,2.169,216.9,2.169,True,218.9,2.189,218.9,2.189,True,218.9,2.189,218.9,2.189,True,,,,,,,,,,,,,,,,,,,,,187.9,1.879,187.9,1.879,True,187.9,1.879,187.9,1.879,True,,,,,,,,,,,199.9,1.999,199.9,1.999,True,199.9,1.999,199.9,1.999,True,,,,,,,,,,,,,,,,,,,,,,,,,,,,,,,,,,,,,,,,,,,,,,,,,,,,,,,,,,,,,,,,,,,,,,
2026-06-01,2026-06-01 09:30:03,217,08300217,FuelXpress Palmerston,FX,FX,Cnr Roystonea Avenue & Temple Terrace,Palmerston,0830,NT,9,130.98852,-12.478572,True,True,False,https://www.fuelxpress.com.au,5,5,"DL, P95, P98, PD, U91","DL, P95, P98, PD, U91",U91,Unleaded 91,186.5,1.865,OK,OK,https://myfuelnt.nt.gov.au/Home/Results?Location=3&FuelCode=ALLD,serverJson:root.FuelOutlet,216.5,2.165,216.5,2.165,True,216.5,2.165,216.5,2.165,True,216.5,2.165,216.5,2.165,True,216.5,2.165,216.5,2.165,True,,,,,,,,,,,,,,,,,,,,,186.5,1.865,186.5,1.865,True,186.5,1.865,186.5,1.865,True,,,,,,,,,,,201.5,2.015,201.5,2.015,True,201.5,2.015,201.5,2.015,True,214.5,2.145,214.5,2.145,True,214.5,2.145,214.5,2.145,True,,,,,,,,,,,,,,,,,,,,,,,,,,,,,,,,,,,,,,,,,,,,,,,,,,,,,,,,,,,,
2026-06-01,2026-06-01 09:30:03,91,08300091,OTR Palmerston,OR,OR,Cnr Chung Wah Tce & Temple Tce,Palmerston,0830,NT,9,130.985802,-12.482142,True,True,False,https://www.otr.com.au,4,4,"P95, P98, PD, U91","P95, P98, PD, U91",U91,Unleaded 91,187.9,1.879,OK,OK,https://myfuelnt.nt.gov.au/Home/Results?Location=3&FuelCode=ALLD,serverJson:root.FuelOutlet,,,,,,,,,,,218.9,2.189,218.9,2.189,True,218.9,2.189,218.9,2.189,True,,,,,,,,,,,,,,,,,,,,,187.9,1.879,187.9,1.879,True,187.9,1.879,187.9,1.879,True,,,,,,,,,,,205.4,2.0540000000000003,205.4,2.0540000000000003,True,205.4,2.0540000000000003,205.4,2.0540000000000003,True,214.9,2.149,214.9,2.149,True,214.9,2.149,214.9,2.149,True,,,,,,,,,,,,,,,,,,,,,,,,,,,,,,,,,,,,,,,,,,,,,,,,,,,,,,,,,,,,
2026-06-01,2026-06-01 09:30:03,96,08720096,Independent Papunya Community Store,IN,IN,Lot 219 Nyananyana Street,Papunya,0872,NT,4,131.912206,-23.202401,True,True,False,https://outbackstores.com.au,2,2,"DL, LAF","DL, LAF",LAF,Low Aromatic Fuel,280.0,2.8,OK,OK,https://myfuelnt.nt.gov.au/Home/Results?Location=3&FuelCode=ALLD,serverJson:root.FuelOutlet,330.0,3.3,330.0,3.3,True,330.0,3.3,330.0,3.3,True,,,,,,,,,,,,,,,,,,,,,,,,,,,,,,,,,,,,,,,,,280.0,2.8,280.0,2.8,True,280.0,2.8,280.0,2.8,True,,,,,,,,,,,,,,,,,,,,,,,,,,,,,,,,,,,,,,,,,,,,,,,,,,,,,,,,,,,,,,,,,,,,,,,,,,,,,,,,
2026-06-01,2026-06-01 09:30:03,134,08220134,Independent Peppimenarti Store,IN,MO,"Lot 15, Peppi Main Road",Peppimenarti,0822,NT,1,130.081742,-14.156288,True,True,False,,2,2,"DL, LAF","DL, LAF",LAF,Low Aromatic Fuel,260.0,2.6,OK,OK,https://myfuelnt.nt.gov.au/Home/Results?Location=3&FuelCode=ALLD,serverJson:root.FuelOutlet,295.0,2.95,295.0,2.95,True,295.0,2.95,295.0,2.95,True,,,,,,,,,,,,,,,,,,,,,,,,,,,,,,,,,,,,,,,,,260.0,2.6,260.0,2.6,True,260.0,2.6,260.0,2.6,True,,,,,,,,,,,,,,,,,,,,,,,,,,,,,,,,,,,,,,,,,,,,,,,,,,,,,,,,,,,,,,,,,,,,,,,,,,,,,,,,
2026-06-01,2026-06-01 09:30:03,115,08720115,Independent Curtin Springs Wayside Inn,IN,IN,16042 Lasseter Hwy,Petermann,0872,NT,4,131.756548,-25.314986,True,True,False,https://www.curtinsprings.com,3,3,"DL, LAF, U91","DL, LAF, U91",LAF,Low Aromatic Fuel,345.9,3.4589999999999996,OK,OK,https://myfuelnt.nt.gov.au/Home/Results?Location=3&FuelCode=ALLD,serverJson:root.FuelOutlet,395.9,3.9589999999999996,395.9,3.9589999999999996,True,395.9,3.9589999999999996,395.9,3.9589999999999996,True,,,,,,,,,,,,,,,,,,,,,,,,,,,,,,,345.9,3.4589999999999996,345.9,3.4589999999999996,True,345.9,3.4589999999999996,345.9,3.4589999999999996,True,345.9,3.4589999999999996,345.9,3.4589999999999996,True,345.9,3.4589999999999996,345.9,3.4589999999999996,True,,,,,,,,,,,,,,,,,,,,,,,,,,,,,,,,,,,,,,,,,,,,,,,,,,,,,,,,,,,,,,,,,,,,,,,,,,,,,,,,
2026-06-01,2026-06-01 09:30:03,172,08720172,Independent Kings Canyon Resort Service Station and General Store,IN,CA,Luritja Road,Petermann,0872,NT,4,131.511377,-24.250572,True,True,False,,2,2,"DL, P95","DL, P95",P95,Premium 95,311.0,3.11,OK,OK,https://myfuelnt.nt.gov.au/Home/Results?Location=3&FuelCode=ALLD,serverJson:root.FuelOutlet,330.0,3.3,330.0,3.3,True,330.0,3.3,330.0,3.3,True,,,,,,,,,,,,,,,,,,,,,,,,,,,,,,,,,,,,,,,,,,,,,,,,,,,311.0,3.11,311.0,3.11,True,311.0,3.11,311.0,3.11,True,,,,,,,,,,,,,,,,,,,,,,,,,,,,,,,,,,,,,,,,,,,,,,,,,,,,,,,,,,,,,,,,,,,,,,
2026-06-01,2026-06-01 09:30:03,123,08470123,Independent Lazy Lizard Caravan Park,IN,IN,299 Millar Terrace,Pine Creek,0847,NT,6,131.834886,-13.821815,True,True,False,,3,3,"DL, LAF, P95","DL, LAF, P95",LAF,Low Aromatic Fuel,213.9,2.1390000000000002,OK,OK,https://myfuelnt.nt.gov.au/Home/Results?Location=3&FuelCode=ALLD,serverJson:root.FuelOutlet,242.9,2.4290000000000003,242.9,2.4290000000000003,True,242.9,2.4290000000000003,242.9,2.4290000000000003,True,,,,,,,,,,,,,,,,,,,,,,,,,,,,,,,,,,,,,,,,,213.9,2.1390000000000002,213.9,2.1390000000000002,True,213.9,2.1390000000000002,213.9,2.1390000000000002,True,222.9,2.229,222.9,2.229,True,222.9,2.229,222.9,2.229,True,,,,,,,,,,,,,,,,,,,,,,,,,,,,,,,,,,,,,,,,,,,,,,,,,,,,,,,,,,,,,,,,,,,,,,
2026-06-01,2026-06-01 09:30:03,92,08280092,BP Eleven Mile,BP,BP,890 Stuart Highway,Pinelands,0828,NT,9,130.966706,-12.456695,True,True,False,,4,4,"DL, P95, P98, U91","DL, P95, P98, U91",U91,Unleaded 91,187.9,1.879,OK,OK,https://myfuelnt.nt.gov.au/Home/Results?Location=3&FuelCode=ALLD,serverJson:root.FuelOutlet,218.9,2.189,218.9,2.189,True,218.9,2.189,218.9,2.189,True,,,,,,,,,,,,,,,,,,,,,,,,,,,,,,,187.9,1.879,187.9,1.879,True,187.9,1.879,187.9,1.879,True,,,,,,,,,,,197.9,1.979,197.9,1.979,True,197.9,1.979,197.9,1.979,True,209.9,2.099,209.9,2.099,True,209.9,2.099,209.9,2.099,True,,,,,,,,,,,,,,,,,,,,,,,,,,,,,,,,,,,,,,,,,,,,,,,,,,,,,,,,,,,,
2026-06-01,2026-06-01 09:30:03,71,08320071,UNITED PALMERSTON (ROSEBERY) PIEFACE,UN,UN,"Lot 1102, 164 Forrest Parade",ROSEBERY,0832,NT,9,130.99037,-12.50878,True,True,False,https://www.unitedpetroleum.com.au,5,5,"DL, E85, P95, P98, U91","DL, E85, P95, P98, U91",U91,Unleaded 91,187.9,1.879,OK,OK,https://myfuelnt.nt.gov.au/Home/Results?Location=3&FuelCode=ALLD,serverJson:root.FuelOutlet,216.9,2.169,216.9,2.169,True,216.9,2.169,216.9,2.169,True,,,,,,,,,,,,,,,,,,,,,,,,,,,,,,,187.9,1.879,187.9,1.879,True,187.9,1.879,187.9,1.879,True,,,,,,,,,,,203.9,2.039,203.9,2.039,True,203.9,2.039,203.9,2.039,True,232.9,2.329,232.9,2.329,True,232.9,2.329,232.9,2.329,True,,,,,,,,,,,249.9,2.499,249.9,2.499,True,249.9,2.499,249.9,2.499,True,,,,,,,,,,,,,,,,,,,,,,,,,,,,,,,,,,,,,,,,
2026-06-01,2026-06-01 09:30:03,6,08220006,Ramingining Xpress,PM,PM,ENTRY BY PERMIT ONLY. 22 Ganinydja Road,Ramingining,0822,NT,7,134.925448,-12.332083,True,True,False,https://www.alpa.asn.au,2,2,"DL, LAF","DL, LAF",LAF,Low Aromatic Fuel,364.0,3.64,OK,OK,https://myfuelnt.nt.gov.au/Home/Results?Location=3&FuelCode=ALLD,serverJson:root.FuelOutlet,399.0,3.99,399.0,3.99,True,399.0,3.99,399.0,3.99,True,,,,,,,,,,,,,,,,,,,,,,,,,,,,,,,,,,,,,,,,,364.0,3.64,364.0,3.64,True,364.0,3.64,364.0,3.64,True,,,,,,,,,,,,,,,,,,,,,,,,,,,,,,,,,,,,,,,,,,,,,,,,,,,,,,,,,,,,,,,,,,,,,,,,,,,,,,,,
2026-06-01,2026-06-01 09:30:03,117,08620117,BP Renner Springs Desert Inn,BP,BP,9047 Stuart Highway,Renner Springs,0862,NT,5,133.795469,-18.318526,True,True,False,http://www.rennerspringshotel.com.au,2,2,"P95, U91","P95, U91",U91,Unleaded 91,245.0,2.45,OK,OK,https://myfuelnt.nt.gov.au/Home/Results?Location=3&FuelCode=ALLD,serverJson:root.FuelOutlet,,,,,,,,,,,,,,,,,,,,,,,,,,,,,,,,,,,,,,,,,245.0,2.45,245.0,2.45,True,245.0,2.45,245.0,2.45,True,,,,,,,,,,,258.0,2.58,258.0,2.58,True,258.0,2.58,258.0,2.58,True,,,,,,,,,,,,,,,,,,,,,,,,,,,,,,,,,,,,,,,,,,,,,,,,,,,,,,,,,,,,,,,,,,,,,,
2026-06-01,2026-06-01 09:30:03,226,08620226,Renner Springs Desert Inn (BP Fuel),BP,BP,9047 Stuart Highway - 24/7,Renner Springs,0862,NT,5,133.79596,-18.3186,True,True,False,http://www.rennerspringshotel.com.au,1,1,DL,DL,DL,Diesel,265.0,2.65,OK,OK,https://myfuelnt.nt.gov.au/Home/Results?Location=3&FuelCode=ALLD,serverJson:root.FuelOutlet,265.0,2.65,265.0,2.65,True,265.0,2.65,265.0,2.65,True,,,,,,,,,,,,,,,,,,,,,,,,,,,,,,,,,,,,,,,,,,,,,,,,,,,,,,,,,,,,,,,,,,,,,,,,,,,,,,,,,,,,,,,,,,,,,,,,,,,,,,,,,,,,,,,,,,,,,,,,,,,,,,,,,,
2026-06-01,2026-06-01 09:30:03,8,08520008,Robinson River Store,PM,PM,Robinson River Rd,Robinson River,0852,NT,6,136.983529,-16.758521,True,True,False,https://www.alpa.asn.au,2,2,"DL, LAF","DL, LAF",DL,Diesel,239.0,2.39,OK,OK,https://myfuelnt.nt.gov.au/Home/Results?Location=3&FuelCode=ALLD,serverJson:root.FuelOutlet,239.0,2.39,239.0,2.39,True,239.0,2.39,239.0,2.39,True,,,,,,,,,,,,,,,,,,,,,,,,,,,,,,,,,,,,,,,,,259.0,2.59,259.0,2.59,True,259.0,2.59,259.0,2.59,True,,,,,,,,,,,,,,,,,,,,,,,,,,,,,,,,,,,,,,,,,,,,,,,,,,,,,,,,,,,,,,,,,,,,,,,,,,,,,,,,
2026-06-01,2026-06-01 09:30:03,18,08700018,Independent Santa Teresa Store,IN,IN,Cnr Store Rd/Alice Rd (Lot 132),Santa Teresa,0870,NT,4,134.372429,-24.1299,True,True,False,https://outbackstores.com.au,2,2,"DL, LAF","DL, LAF",LAF,Low Aromatic Fuel,305.0,3.05,OK,OK,https://myfuelnt.nt.gov.au/Home/Results?Location=3&FuelCode=ALLD,serverJson:root.FuelOutlet,359.0,3.59,359.0,3.59,True,359.0,3.59,359.0,3.59,True,,,,,,,,,,,,,,,,,,,,,,,,,,,,,,,,,,,,,,,,,305.0,3.05,305.0,3.05,True,305.0,3.05,305.0,3.05,True,,,,,,,,,,,,,,,,,,,,,,,,,,,,,,,,,,,,,,,,,,,,,,,,,,,,,,,,,,,,,,,,,,,,,,,,,,,,,,,,
2026-06-01,2026-06-01 09:30:03,113,08520113,Independent Victoria River Roadhouse,IN,IN,19405 Victoria Highway,South Gregory,0851,NT,6,131.127829,-15.616434,True,True,False,,3,3,"DL, P95, U91","DL, P95, U91",U91,Unleaded 91,200.0,2.0,OK,OK,https://myfuelnt.nt.gov.au/Home/Results?Location=3&FuelCode=ALLD,serverJson:root.FuelOutlet,230.0,2.3,230.0,2.3,True,230.0,2.3,230.0,2.3,True,,,,,,,,,,,,,,,,,,,,,,,,,,,,,,,200.0,2.0,200.0,2.0,True,200.0,2.0,200.0,2.0,True,,,,,,,,,,,297.0,2.97,297.0,2.97,True,297.0,2.97,297.0,2.97,True,,,,,,,,,,,,,,,,,,,,,,,,,,,,,,,,,,,,,,,,,,,,,,,,,,,,,,,,,,,,,,,,,,,,,,
2026-06-01,2026-06-01 09:30:03,230,08200230,Solo Stuart Park,SO,SO,34-36 Stuart Highway,Stuart Park,0820,NT,3,130.8415,-12.448807,True,True,False,,4,4,"DL, P95, P98, U91","DL, P95, P98, U91",U91,Unleaded 91,183.9,1.839,OK,OK,https://myfuelnt.nt.gov.au/Home/Results?Location=3&FuelCode=ALLD,serverJson:root.FuelOutlet,214.9,2.149,214.9,2.149,True,216.9,2.169,216.9,2.169,True,,,,,,,,,,,,,,,,,,,,,,,,,,,,,,,183.9,1.839,183.9,1.839,True,183.9,1.839,183.9,1.839,True,,,,,,,,,,,198.9,1.989,198.9,1.989,True,198.9,1.989,198.9,1.989,True,210.9,2.109,210.9,2.109,True,210.9,2.109,210.9,2.109,True,,,,,,,,,,,,,,,,,,,,,,,,,,,,,,,,,,,,,,,,,,,,,,,,,,,,,,,,,,,,
2026-06-01,2026-06-01 09:30:03,162,08720162,Independent Red Centre Farm,IN,IN,278 Woodforde Rd (Stuart Highway),TI TREE,0872,NT,4,133.420507,-22.24557,True,True,False,,2,2,"DL, P95","DL, P95",DL,Diesel,260.0,2.6,OK,OK,https://myfuelnt.nt.gov.au/Home/Results?Location=3&FuelCode=ALLD,serverJson:root.FuelOutlet,260.0,2.6,260.0,2.6,True,260.0,2.6,260.0,2.6,True,,,,,,,,,,,,,,,,,,,,,,,,,,,,,,,,,,,,,,,,,,,,,,,,,,,260.0,2.6,260.0,2.6,True,260.0,2.6,260.0,2.6,True,,,,,,,,,,,,,,,,,,,,,,,,,,,,,,,,,,,,,,,,,,,,,,,,,,,,,,,,,,,,,,,,,,,,,,
2026-06-01,2026-06-01 09:30:03,148,08520148,Timber Creek Travellers Rest,BP,BP,(Lot 94) 78 Victoria Highway,TIMBER CREEK,0852,NT,6,130.480501,-15.661786,True,True,False,http://timbercreektr.com.au,3,3,"DL, P95, U91","DL, P95, U91",U91,Unleaded 91,219.0,2.19,OK,OK,https://myfuelnt.nt.gov.au/Home/Results?Location=3&FuelCode=ALLD,serverJson:root.FuelOutlet,265.0,2.65,265.0,2.65,True,265.0,2.65,265.0,2.65,True,,,,,,,,,,,,,,,,,,,,,,,,,,,,,,,219.0,2.19,219.0,2.19,True,219.0,2.19,219.0,2.19,True,,,,,,,,,,,225.0,2.25,225.0,2.25,True,225.0,2.25,225.0,2.25,True,,,,,,,,,,,,,,,,,,,,,,,,,,,,,,,,,,,,,,,,,,,,,,,,,,,,,,,,,,,,,,,,,,,,,,
2026-06-01,2026-06-01 09:30:03,124,08560124,Independent Army & Airforce Canteen Service Tindal,IN,BP,"Bldg 260-261 Newham Circuit, RAAF Base Tindal",TINDAL,0856,NT,6,132.396529,-14.499858,True,True,False,https://www.aafcans.gov.au,3,3,"DL, LAF, P95","DL, LAF, P95",LAF,Low Aromatic Fuel,192.0,1.92,OK,OK,https://myfuelnt.nt.gov.au/Home/Results?Location=3&FuelCode=ALLD,serverJson:root.FuelOutlet,229.0,2.29,229.0,2.29,True,229.0,2.29,229.0,2.29,True,,,,,,,,,,,,,,,,,,,,,,,,,,,,,,,,,,,,,,,,,192.0,1.92,192.0,1.92,True,192.0,1.92,192.0,1.92,True,204.0,2.04,204.0,2.04,True,204.0,2.04,204.0,2.04,True,,,,,,,,,,,,,,,,,,,,,,,,,,,,,,,,,,,,,,,,,,,,,,,,,,,,,,,,,,,,,,,,,,,,,,
2026-06-01,2026-06-01 09:30:03,156,08520156,TOP SPRINGS HOTEL,PM,IN,147 Buchanan Highway (Crn Buntine & Buchanan Highway,TOP SPRINGS,0852,NT,6,131.796902,-16.543589,True,True,False,https://www.topspringshotel.com.au/,2,2,"DL, LAF","DL, LAF",LAF,Low Aromatic Fuel,245.0,2.45,OK,OK,https://myfuelnt.nt.gov.au/Home/Results?Location=3&FuelCode=ALLD,serverJson:root.FuelOutlet,280.0,2.8,280.0,2.8,True,280.0,2.8,280.0,2.8,True,,,,,,,,,,,,,,,,,,,,,,,,,,,,,,,,,,,,,,,,,245.0,2.45,245.0,2.45,True,245.0,2.45,245.0,2.45,True,,,,,,,,,,,,,,,,,,,,,,,,,,,,,,,,,,,,,,,,,,,,,,,,,,,,,,,,,,,,,,,,,,,,,,,,,,,,,,,,
2026-06-01,2026-06-01 09:30:03,111,08620111,Independent Barkly Homestead,IN,IN,2 Barkly Hwy (Cnr Barkly and Tablelands Highways),Tablelands,0862,NT,5,135.827585,-19.710849,True,True,False,https://www.barklyhomestead.com.au/,3,3,"DL, P95, U91","DL, P95, U91",U91,Unleaded 91,244.0,2.44,OK,OK,https://myfuelnt.nt.gov.au/Home/Results?Location=3&FuelCode=ALLD,serverJson:root.FuelOutlet,267.0,2.67,267.0,2.67,True,267.0,2.67,267.0,2.67,True,,,,,,,,,,,,,,,,,,,,,,,,,,,,,,,244.0,2.44,244.0,2.44,True,244.0,2.44,244.0,2.44,True,,,,,,,,,,,253.0,2.53,253.0,2.53,True,253.0,2.53,253.0,2.53,True,,,,,,,,,,,,,,,,,,,,,,,,,,,,,,,,,,,,,,,,,,,,,,,,,,,,,,,,,,,,,,,,,,,,,,
2026-06-01,2026-06-01 09:30:03,179,08610179,BP Complex Tennant Creek,BP,BP,"Lot 1041, 216 Paterson Street",Tennant Creek,0861,NT,5,134.192328,-19.637121,True,True,False,,4,4,"DL, LAF, P95, P98","DL, LAF, P95, P98",LAF,Low Aromatic Fuel,216.9,2.169,OK,OK,https://myfuelnt.nt.gov.au/Home/Results?Location=3&FuelCode=ALLD,serverJson:root.FuelOutlet,239.9,2.399,239.9,2.399,True,239.9,2.399,239.9,2.399,True,,,,,,,,,,,,,,,,,,,,,,,,,,,,,,,,,,,,,,,,,216.9,2.169,216.9,2.169,True,216.9,2.169,216.9,2.169,True,229.9,2.299,229.9,2.299,True,229.9,2.299,229.9,2.299,True,249.9,2.499,249.9,2.499,True,249.9,2.499,249.9,2.499,True,,,,,,,,,,,,,,,,,,,,,,,,,,,,,,,,,,,,,,,,,,,,,,,,,,,,,,,,,,,,
2026-06-01,2026-06-01 09:30:03,207,08600207,Independent Red Shop,IN,IN,71 Peko Road,Tennant Creek,0860,NT,5,134.19919,-19.646463,True,True,False,www.outbacktennantcreek.com.au,2,2,"DL, LAF","DL, LAF",LAF,Low Aromatic Fuel,210.0,2.1,OK,OK,https://myfuelnt.nt.gov.au/Home/Results?Location=3&FuelCode=ALLD,serverJson:root.FuelOutlet,240.0,2.4,240.0,2.4,True,240.0,2.4,240.0,2.4,True,,,,,,,,,,,,,,,,,,,,,,,,,,,,,,,,,,,,,,,,,210.0,2.1,210.0,2.1,True,210.0,2.1,210.0,2.1,True,,,,,,,,,,,,,,,,,,,,,,,,,,,,,,,,,,,,,,,,,,,,,,,,,,,,,,,,,,,,,,,,,,,,,,,,,,,,,,,,
2026-06-01,2026-06-01 09:30:03,3,08600003,Lone Star Service Station,AM,AM,3 Lot 1192 Paterson Street,Tennant Creek,0860,NT,5,134.187991,-19.653985,True,True,False,,3,3,"LAF, P95, PD","LAF, P95, PD",LAF,Low Aromatic Fuel,199.9,1.999,OK,OK,https://myfuelnt.nt.gov.au/Home/Results?Location=3&FuelCode=ALLD,serverJson:root.FuelOutlet,,,,,,,,,,,235.9,2.359,235.9,2.359,True,235.9,2.359,235.9,2.359,True,,,,,,,,,,,,,,,,,,,,,,,,,,,,,,,199.9,1.999,199.9,1.999,True,199.9,1.999,199.9,1.999,True,225.9,2.259,225.9,2.259,True,225.9,2.259,225.9,2.259,True,,,,,,,,,,,,,,,,,,,,,,,,,,,,,,,,,,,,,,,,,,,,,,,,,,,,,,,,,,,,,,,,,,,,,,
2026-06-01,2026-06-01 09:30:03,218,08600218,Refuel Australia Tennant Creek,AM,AM,25 Standley Street,Tennant Creek,0860,NT,5,134.185093,-19.654691,True,True,False,https://www.refuelaus.com.au/,1,1,DL,DL,DL,Diesel,246.8,2.468,OK,OK,https://myfuelnt.nt.gov.au/Home/Results?Location=3&FuelCode=ALLD,serverJson:root.FuelOutlet,246.8,2.468,246.8,2.468,True,246.8,2.468,246.8,2.468,True,,,,,,,,,,,,,,,,,,,,,,,,,,,,,,,,,,,,,,,,,,,,,,,,,,,,,,,,,,,,,,,,,,,,,,,,,,,,,,,,,,,,,,,,,,,,,,,,,,,,,,,,,,,,,,,,,,,,,,,,,,,,,,,,,,
2026-06-01,2026-06-01 09:30:03,187,08600187,Tennant Creek Service Station,AS,AS,222 Paterson Street,Tennant Creek,0860,NT,5,134.192451,-19.636383,True,True,False,,3,3,"DL, LAF, P95","DL, LAF, P95",LAF,Low Aromatic Fuel,225.0,2.25,OK,OK,https://myfuelnt.nt.gov.au/Home/Results?Location=3&FuelCode=ALLD,serverJson:root.FuelOutlet,247.7,2.477,247.7,2.477,True,247.7,2.477,247.7,2.477,True,,,,,,,,,,,,,,,,,,,,,,,,,,,,,,,,,,,,,,,,,225.0,2.25,225.0,2.25,True,225.0,2.25,225.0,2.25,True,237.8,2.378,237.8,2.378,True,237.8,2.378,237.8,2.378,True,,,,,,,,,,,,,,,,,,,,,,,,,,,,,,,,,,,,,,,,,,,,,,,,,,,,,,,,,,,,,,,,,,,,,,
2026-06-01,2026-06-01 09:30:03,135,08610135,Threeways,SH,SH,Cnr Stuart Highway and Barkly Highway,Tennant Creek,0861,NT,5,134.208254,-19.436597,True,True,False,http://threewaysroadhouse.com.au,3,3,"DL, LAF, P95","DL, LAF, P95",LAF,Low Aromatic Fuel,254.0,2.54,OK,OK,https://myfuelnt.nt.gov.au/Home/Results?Location=3&FuelCode=ALLD,serverJson:root.FuelOutlet,265.0,2.65,265.0,2.65,True,265.0,2.65,265.0,2.65,True,,,,,,,,,,,,,,,,,,,,,,,,,,,,,,,,,,,,,,,,,254.0,2.54,254.0,2.54,True,254.0,2.54,254.0,2.54,True,265.0,2.65,265.0,2.65,True,265.0,2.65,265.0,2.65,True,,,,,,,,,,,,,,,,,,,,,,,,,,,,,,,,,,,,,,,,,,,,,,,,,,,,,,,,,,,,,,,,,,,,,,
2026-06-01,2026-06-01 09:30:03,196,08720196,Independent Ti Tree Farm Garden,IN,IN,26 Spencer Street,Ti Tree,0872,NT,4,133.41331,-22.12836,True,True,False,,2,2,"DL, P95","DL, P95",P95,Premium 95,299.0,2.99,OK,OK,https://myfuelnt.nt.gov.au/Home/Results?Location=3&FuelCode=ALLD,serverJson:root.FuelOutlet,359.0,3.59,359.0,3.59,True,359.0,3.59,359.0,3.59,True,,,,,,,,,,,,,,,,,,,,,,,,,,,,,,,,,,,,,,,,,,,,,,,,,,,299.0,2.99,299.0,2.99,True,299.0,2.99,299.0,2.99,True,,,,,,,,,,,,,,,,,,,,,,,,,,,,,,,,,,,,,,,,,,,,,,,,,,,,,,,,,,,,,,,,,,,,,,
2026-06-01,2026-06-01 09:30:03,197,08720197,Ti Tree Roadhouse,AM,AM,Lot 3 Stuart Highway,Ti Tree,0872,NT,4,133.423997,-22.097869,True,True,False,,3,2,"DL, P95, U91","DL, U91",U91,Unleaded 91,280.0,2.8,OK,OK,https://myfuelnt.nt.gov.au/Home/Results?Location=3&FuelCode=ALLD,serverJson:root.FuelOutlet,320.0,3.2,320.0,3.2,True,320.0,3.2,320.0,3.2,True,,,,,,,,,,,,,,,,,,,,,,,,,,,,,,,280.0,2.8,280.0,2.8,True,280.0,2.8,280.0,2.8,True,,,,,,,,,,,,,0.0,0.0,False,,,0.0,0.0,False,,,,,,,,,,,,,,,,,,,,,,,,,,,,,,,,,,,,,,,,,,,,,,,,,,,,,,,,,,,,,,,,,,,,,,
2026-06-01,2026-06-01 09:30:03,235,08520235,Refuel Australia Timber Creek,AM,AM,3 Wilson Street,Timber Creek,0852,NT,6,130.46954,-15.643745,True,True,False,http://www.refuelaus.com.au,1,1,DL,DL,DL,Diesel,257.8,2.5780000000000003,OK,OK,https://myfuelnt.nt.gov.au/Home/Results?Location=3&FuelCode=ALLD,serverJson:root.FuelOutlet,257.8,2.5780000000000003,257.8,2.5780000000000003,True,257.8,2.5780000000000003,257.8,2.5780000000000003,True,,,,,,,,,,,,,,,,,,,,,,,,,,,,,,,,,,,,,,,,,,,,,,,,,,,,,,,,,,,,,,,,,,,,,,,,,,,,,,,,,,,,,,,,,,,,,,,,,,,,,,,,,,,,,,,,,,,,,,,,,,,,,,,,,,
2026-06-01,2026-06-01 09:30:03,236,08520236,United Timber Creek Supermarket,UN,UN,"58 Victoria Highway, Timber Creek, NT 0852",Timber Creek,0852,NT,6,130.48073,-15.66293,True,True,False,,3,3,"DL, P95, U91","DL, P95, U91",U91,Unleaded 91,210.9,2.109,OK,OK,https://myfuelnt.nt.gov.au/Home/Results?Location=3&FuelCode=ALLD,serverJson:root.FuelOutlet,254.9,2.549,254.9,2.549,True,254.9,2.549,254.9,2.549,True,,,,,,,,,,,,,,,,,,,,,,,,,,,,,,,210.9,2.109,210.9,2.109,True,210.9,2.109,210.9,2.109,True,,,,,,,,,,,221.9,2.219,221.9,2.219,True,221.9,2.219,221.9,2.219,True,,,,,,,,,,,,,,,,,,,,,,,,,,,,,,,,,,,,,,,,,,,,,,,,,,,,,,,,,,,,,,,,,,,,,,
2026-06-01,2026-06-01 09:30:03,20,08720020,Independent Titjikala Store,IN,CA,Lot 28,Titjikala,0872,NT,4,134.075971,-24.674253,True,True,False,https://outbackstores.com.au,2,2,"DL, LAF","DL, LAF",LAF,Low Aromatic Fuel,297.0,2.97,OK,OK,https://myfuelnt.nt.gov.au/Home/Results?Location=3&FuelCode=ALLD,serverJson:root.FuelOutlet,346.0,3.46,346.0,3.46,True,346.0,3.46,346.0,3.46,True,,,,,,,,,,,,,,,,,,,,,,,,,,,,,,,,,,,,,,,,,297.0,2.97,297.0,2.97,True,297.0,2.97,297.0,2.97,True,,,,,,,,,,,,,,,,,,,,,,,,,,,,,,,,,,,,,,,,,,,,,,,,,,,,,,,,,,,,,,,,,,,,,,,,,,,,,,,,
2026-06-01,2026-06-01 09:30:03,198,48250198,Independent Tobermorey Roadhouse,IN,IN,"1 Tobermorey Roadhouse, Plenty Highway",Urandangie,4825,NT,4,137.973541,-22.274359,True,True,False,,2,2,"DL, U91","DL, U91",U91,Unleaded 91,299.0,2.99,OK,OK,https://myfuelnt.nt.gov.au/Home/Results?Location=3&FuelCode=ALLD,serverJson:root.FuelOutlet,346.0,3.46,346.0,3.46,True,346.0,3.46,346.0,3.46,True,,,,,,,,,,,,,,,,,,,,,,,,,,,,,,,299.0,2.99,299.0,2.99,True,299.0,2.99,299.0,2.99,True,,,,,,,,,,,,,,,,,,,,,,,,,,,,,,,,,,,,,,,,,,,,,,,,,,,,,,,,,,,,,,,,,,,,,,,,,,,,,,,,,,,,,,,,,,
2026-06-01,2026-06-01 09:30:03,238,08520238,Independent Urapunga Store,IN,IN,Lot 29 Rittarangu Street,Urapunga,0852,NT,6,134.567296,-14.709765,True,True,False,https://outbackstores.com.au,2,2,"DL, LAF","DL, LAF",LAF,Low Aromatic Fuel,300.0,3.0,OK,OK,https://myfuelnt.nt.gov.au/Home/Results?Location=3&FuelCode=ALLD,serverJson:root.FuelOutlet,327.0,3.27,327.0,3.27,True,327.0,3.27,327.0,3.27,True,,,,,,,,,,,,,,,,,,,,,,,,,,,,,,,,,,,,,,,,,300.0,3.0,300.0,3.0,True,300.0,3.0,300.0,3.0,True,,,,,,,,,,,,,,,,,,,,,,,,,,,,,,,,,,,,,,,,,,,,,,,,,,,,,,,,,,,,,,,,,,,,,,,,,,,,,,,,
2026-06-01,2026-06-01 09:30:03,141,08720141,Gemtree Caravan Park,PM,PM,6990 Plenty Highway,Via Alice Springs,0872,NT,4,134.241255,-22.96829,True,True,False,,2,2,"DL, U91","DL, U91",U91,Unleaded 91,280.0,2.8,OK,OK,https://myfuelnt.nt.gov.au/Home/Results?Location=3&FuelCode=ALLD,serverJson:root.FuelOutlet,290.0,2.9,290.0,2.9,True,290.0,2.9,290.0,2.9,True,,,,,,,,,,,,,,,,,,,,,,,,,,,,,,,280.0,2.8,280.0,2.8,True,280.0,2.8,280.0,2.8,True,,,,,,,,,,,,,,,,,,,,,,,,,,,,,,,,,,,,,,,,,,,,,,,,,,,,,,,,,,,,,,,,,,,,,,,,,,,,,,,,,,,,,,,,,,
2026-06-01,2026-06-01 09:30:03,99,08720099,Independent Kings Creek Station,IN,IN,12725 Luritja Road,Via Alice Springs,0872,NT,4,131.817917,-24.405307,True,True,False,http://www.kingscreekstation.com.au,3,3,"DL, P95, U91","DL, P95, U91",U91,Unleaded 91,299.0,2.99,OK,OK,https://myfuelnt.nt.gov.au/Home/Results?Location=3&FuelCode=ALLD,serverJson:root.FuelOutlet,349.0,3.49,349.0,3.49,True,349.0,3.49,349.0,3.49,True,,,,,,,,,,,,,,,,,,,,,,,,,,,,,,,299.0,2.99,299.0,2.99,True,299.0,2.99,299.0,2.99,True,,,,,,,,,,,311.0,3.11,311.0,3.11,True,311.0,3.11,311.0,3.11,True,,,,,,,,,,,,,,,,,,,,,,,,,,,,,,,,,,,,,,,,,,,,,,,,,,,,,,,,,,,,,,,,,,,,,,
2026-06-01,2026-06-01 09:30:03,95,08350095,Ausfuel Virginia,AF,AF,30 Virginia Road,Virginia,0835,NT,2,131.029042,-12.517866,True,True,False,,3,3,"DL, P95, U91","DL, P95, U91",U91,Unleaded 91,195.9,1.959,OK,OK,https://myfuelnt.nt.gov.au/Home/Results?Location=3&FuelCode=ALLD,serverJson:root.FuelOutlet,219.9,2.199,219.9,2.199,True,219.9,2.199,219.9,2.199,True,,,,,,,,,,,,,,,,,,,,,,,,,,,,,,,195.9,1.959,195.9,1.959,True,195.9,1.959,195.9,1.959,True,,,,,,,,,,,210.9,2.109,210.9,2.109,True,210.9,2.109,210.9,2.109,True,,,,,,,,,,,,,,,,,,,,,,,,,,,,,,,,,,,,,,,,,,,,,,,,,,,,,,,,,,,,,,,,,,,,,,
2026-06-01,2026-06-01 09:30:03,126,08220126,Thamarrurr Development Corporation Mechanical Workshop,PM,PM,Lot 485 Perdjert Street,WADEYE,0822,NT,1,129.520224,-14.237557,True,True,False,http://www.thamarrurr.org.au,2,2,"DL, LAF","DL, LAF",LAF,Low Aromatic Fuel,263.0,2.63,OK,OK,https://myfuelnt.nt.gov.au/Home/Results?Location=3&FuelCode=ALLD,serverJson:root.FuelOutlet,288.0,2.88,288.0,2.88,True,288.0,2.88,288.0,2.88,True,,,,,,,,,,,,,,,,,,,,,,,,,,,,,,,,,,,,,,,,,263.0,2.63,263.0,2.63,True,263.0,2.63,263.0,2.63,True,,,,,,,,,,,,,,,,,,,,,,,,,,,,,,,,,,,,,,,,,,,,,,,,,,,,,,,,,,,,,,,,,,,,,,,,,,,,,,,,
2026-06-01,2026-06-01 09:30:03,66,08100066,UNITED CASUARINA PIEFACE,UN,UN,17 Vanderlin Drive,WANGURI,0810,NT,3,130.88528,-12.376162,True,True,False,https://www.unitedpetroleum.com.au,4,4,"DL, P95, P98, U91","DL, P95, P98, U91",U91,Unleaded 91,184.9,1.849,OK,OK,https://myfuelnt.nt.gov.au/Home/Results?Location=3&FuelCode=ALLD,serverJson:root.FuelOutlet,217.9,2.1790000000000003,217.9,2.1790000000000003,True,217.9,2.1790000000000003,217.9,2.1790000000000003,True,,,,,,,,,,,,,,,,,,,,,,,,,,,,,,,184.9,1.849,184.9,1.849,True,184.9,1.849,184.9,1.849,True,,,,,,,,,,,200.9,2.009,200.9,2.009,True,200.9,2.009,200.9,2.009,True,229.9,2.299,229.9,2.299,True,229.9,2.299,229.9,2.299,True,,,,,,,,,,,,,,,,,,,,,,,,,,,,,,,,,,,,,,,,,,,,,,,,,,,,,,,,,,,,
2026-06-01,2026-06-01 09:30:03,40,08210040,BP Winnellie,BP,BP,386 STUART HIGHWAY,WINNELLIE,0821,NT,3,130.869226,-12.425722,True,True,False,,3,3,"DL, P95, U91","DL, P95, U91",U91,Unleaded 91,186.9,1.869,OK,OK,https://myfuelnt.nt.gov.au/Home/Results?Location=3&FuelCode=ALLD,serverJson:root.FuelOutlet,217.9,2.1790000000000003,217.9,2.1790000000000003,True,217.9,2.1790000000000003,217.9,2.1790000000000003,True,,,,,,,,,,,,,,,,,,,,,,,,,,,,,,,186.9,1.869,186.9,1.869,True,186.9,1.869,186.9,1.869,True,,,,,,,,,,,196.9,1.969,196.9,1.969,True,196.9,1.969,196.9,1.969,True,,,,,,,,,,,,,,,,,,,,,,,,,,,,,,,,,,,,,,,,,,,,,,,,,,,,,,,,,,,,,,,,,,,,,,
2026-06-01,2026-06-01 09:30:03,68,08200068,UNITED WINNELLIE ROADHOUSE,UN,UN,1545 Stuart Highway (cnr Hook Road),WINNELLIE,0820,NT,3,130.893602,-12.426162,True,True,False,https://www.unitedpetroleum.com.au,4,4,"DL, P95, P98, U91","DL, P95, P98, U91",U91,Unleaded 91,186.9,1.869,OK,OK,https://myfuelnt.nt.gov.au/Home/Results?Location=3&FuelCode=ALLD,serverJson:root.FuelOutlet,217.9,2.1790000000000003,217.9,2.1790000000000003,True,217.9,2.1790000000000003,217.9,2.1790000000000003,True,,,,,,,,,,,,,,,,,,,,,,,,,,,,,,,186.9,1.869,186.9,1.869,True,186.9,1.869,186.9,1.869,True,,,,,,,,,,,202.9,2.029,202.9,2.029,True,202.9,2.029,202.9,2.029,True,231.9,2.319,231.9,2.319,True,231.9,2.319,231.9,2.319,True,,,,,,,,,,,,,,,,,,,,,,,,,,,,,,,,,,,,,,,,,,,,,,,,,,,,,,,,,,,,
2026-06-01,2026-06-01 09:30:03,139,08030139,Wagait Beach Supermarket Fuel,PM,PM,89 Wagait Tower Road,Wagait Beach,0822,NT,1,130.747752,-12.44015,True,True,False,http://www.wagaitbeachsupermarket.com,3,3,"DL, P95, U91","DL, P95, U91",U91,Unleaded 91,225.0,2.25,OK,OK,https://myfuelnt.nt.gov.au/Home/Results?Location=3&FuelCode=ALLD,serverJson:root.FuelOutlet,285.0,2.85,285.0,2.85,True,285.0,2.85,285.0,2.85,True,,,,,,,,,,,,,,,,,,,,,,,,,,,,,,,225.0,2.25,225.0,2.25,True,225.0,2.25,225.0,2.25,True,,,,,,,,,,,295.0,2.95,295.0,2.95,True,295.0,2.95,295.0,2.95,True,,,,,,,,,,,,,,,,,,,,,,,,,,,,,,,,,,,,,,,,,,,,,,,,,,,,,,,,,,,,,,,,,,,,,,
2026-06-01,2026-06-01 09:30:03,13,08220013,Ajurumu Self Service store,PM,PM,ENTRY BY PERMIT ONLY. 24 Hour. Lot 43 Warruwi Community,Warruwi,0822,NT,1,133.389994,-11.650534,True,True,False,https://www.alpa.asn.au,2,2,"DL, LAF","DL, LAF",LAF,Low Aromatic Fuel,304.0,3.04,OK,OK,https://myfuelnt.nt.gov.au/Home/Results?Location=3&FuelCode=ALLD,serverJson:root.FuelOutlet,373.0,3.73,373.0,3.73,True,373.0,3.73,373.0,3.73,True,,,,,,,,,,,,,,,,,,,,,,,,,,,,,,,,,,,,,,,,,304.0,3.04,304.0,3.04,True,304.0,3.04,304.0,3.04,True,,,,,,,,,,,,,,,,,,,,,,,,,,,,,,,,,,,,,,,,,,,,,,,,,,,,,,,,,,,,,,,,,,,,,,,,,,,,,,,,
2026-06-01,2026-06-01 09:30:03,176,08720176,Independent Discovery Parks - Glen Helen,IN,IN,Byrnes Road / 1 Namatjira Drive,West MacDonnell Ranges,0872,NT,4,132.673207,-23.685993,True,True,False,http://www.discoveryholidayparks.com.au/caravan-parks/northern-territory/macdonnell-ranges-glen-helen,2,2,"DL, P95","DL, P95",P95,Premium 95,314.0,3.14,OK,OK,https://myfuelnt.nt.gov.au/Home/Results?Location=3&FuelCode=ALLD,serverJson:root.FuelOutlet,340.0,3.4,340.0,3.4,True,340.0,3.4,340.0,3.4,True,,,,,,,,,,,,,,,,,,,,,,,,,,,,,,,,,,,,,,,,,,,,,,,,,,,314.0,3.14,314.0,3.14,True,314.0,3.14,314.0,3.14,True,,,,,,,,,,,,,,,,,,,,,,,,,,,,,,,,,,,,,,,,,,,,,,,,,,,,,,,,,,,,,,,,,,,,,,
2026-06-01,2026-06-01 09:30:03,32,08720032,Wirliyajarrayi Store,PM,PM,Lot 39,Willowra,0872,NT,4,132.609854,-21.247534,True,True,False,https://outbackstores.com.au,2,2,"DL, LAF","DL, LAF",LAF,Low Aromatic Fuel,299.0,2.99,OK,OK,https://myfuelnt.nt.gov.au/Home/Results?Location=3&FuelCode=ALLD,serverJson:root.FuelOutlet,335.0,3.35,335.0,3.35,True,335.0,3.35,335.0,3.35,True,,,,,,,,,,,,,,,,,,,,,,,,,,,,,,,,,,,,,,,,,299.0,2.99,299.0,2.99,True,299.0,2.99,299.0,2.99,True,,,,,,,,,,,,,,,,,,,,,,,,,,,,,,,,,,,,,,,,,,,,,,,,,,,,,,,,,,,,,,,,,,,,,,,,,,,,,,,,
2026-06-01,2026-06-01 09:30:03,45,08200045,FuelXpress Winnellie,FX,FX,46 Coonawarra Road,Winnellie,0820,NT,3,130.87497,-12.43074,True,True,False,https://www.fuelxpress.com.au,3,3,"DL, P95, U91","DL, P95, U91",U91,Unleaded 91,183.5,1.835,OK,OK,https://myfuelnt.nt.gov.au/Home/Results?Location=3&FuelCode=ALLD,serverJson:root.FuelOutlet,214.5,2.145,214.5,2.145,True,214.5,2.145,214.5,2.145,True,,,,,,,,,,,,,,,,,,,,,,,,,,,,,,,183.5,1.835,183.5,1.835,True,183.5,1.835,183.5,1.835,True,,,,,,,,,,,198.5,1.985,198.5,1.985,True,198.5,1.985,198.5,1.985,True,,,,,,,,,,,,,,,,,,,,,,,,,,,,,,,,,,,,,,,,,,,,,,,,,,,,,,,,,,,,,,,,,,,,,,
2026-06-01,2026-06-01 09:30:03,200,08200200,Independent My Autocare,IN,IN,166 Coonawarra Road,Winnellie,0820,NT,3,130.891404,-12.430993,True,True,False,www.automotive-solutions.com.au,1,1,LPG,LPG,LPG,LPG,189.2,1.892,OK,OK,https://myfuelnt.nt.gov.au/Home/Results?Location=3&FuelCode=ALLD,serverJson:root.FuelOutlet,,,,,,,,,,,,,,,,,,,,,,,,,,,,,,,,,,,,,,,,,,,,,,,,,,,,,,,,,,,,,,,,,,,,,,,,,,,,,,,,,,,,,,,,,,,,,,,,,,,,,189.2,1.892,189.2,1.892,True,189.2,1.892,189.2,1.892,True,,,,,,,,,,,,,,,,,,,,,,,,,,,,,,
2026-06-01,2026-06-01 09:30:03,212,08220212,BP Darwin Truckstop,BP,BP,13 Distribution Drive,Wishart,0822,NT,3,130.941972,-12.457972,True,True,False,,4,4,"DL, P95, PD, U91","DL, P95, PD, U91",U91,Unleaded 91,186.9,1.869,OK,OK,https://myfuelnt.nt.gov.au/Home/Results?Location=3&FuelCode=ALLD,serverJson:root.FuelOutlet,219.9,2.199,219.9,2.199,True,219.9,2.199,219.9,2.199,True,222.9,2.229,222.9,2.229,True,222.9,2.229,222.9,2.229,True,,,,,,,,,,,,,,,,,,,,,186.9,1.869,186.9,1.869,True,186.9,1.869,186.9,1.869,True,,,,,,,,,,,201.9,2.019,201.9,2.019,True,201.9,2.019,201.9,2.019,True,,,,,,,,,,,,,,,,,,,,,,,,,,,,,,,,,,,,,,,,,,,,,,,,,,,,,,,,,,,,,,,,,,,,,,
2026-06-01,2026-06-01 09:30:03,58,08220058,Refuel Australia Wishart Road,AM,AM,Cnr Wishart Road & McCarthy Close,Wishart,0822,NT,3,130.929661,-12.461616,True,True,False,,2,2,"DL, PD","DL, PD",DL,Diesel,226.8,2.2680000000000002,OK,OK,https://myfuelnt.nt.gov.au/Home/Results?Location=3&FuelCode=ALLD,serverJson:root.FuelOutlet,226.8,2.2680000000000002,226.8,2.2680000000000002,True,226.8,2.2680000000000002,226.8,2.2680000000000002,True,229.8,2.298,229.8,2.298,True,229.8,2.298,229.8,2.298,True,,,,,,,,,,,,,,,,,,,,,,,,,,,,,,,,,,,,,,,,,,,,,,,,,,,,,,,,,,,,,,,,,,,,,,,,,,,,,,,,,,,,,,,,,,,,,,,,,,,,,,,,,,,,,,,,,,,,,,,,
2026-06-01,2026-06-01 09:30:03,94,08280094,S24 Wishart Road,OR,OR,5 Wishart Road,Wishart,0828,NT,3,130.926545,-12.460552,True,True,False,https://www.otr.com.au,4,4,"P95, P98, PD, U91","P95, P98, PD, U91",U91,Unleaded 91,186.9,1.869,OK,OK,https://myfuelnt.nt.gov.au/Home/Results?Location=3&FuelCode=ALLD,serverJson:root.FuelOutlet,,,,,,,,,,,218.9,2.189,218.9,2.189,True,218.9,2.189,218.9,2.189,True,,,,,,,,,,,,,,,,,,,,,186.9,1.869,186.9,1.869,True,186.9,1.869,186.9,1.869,True,,,,,,,,,,,204.4,2.044,204.4,2.044,True,204.4,2.044,204.4,2.044,True,213.9,2.1390000000000002,213.9,2.1390000000000002,True,213.9,2.1390000000000002,213.9,2.1390000000000002,True,,,,,,,,,,,,,,,,,,,,,,,,,,,,,,,,,,,,,,,,,,,,,,,,,,,,,,,,,,,,
2026-06-01,2026-06-01 09:30:03,161,08220161,Nguiu Ullintjinni Association 24 Hrs Fuel,PM,PM,Lot 406 Puautjimi Street,Wurrumiyanga/Bathurst Island,0822,NT,8,130.634886,-11.757567,True,True,False,,2,2,"DL, LAF","DL, LAF",LAF,Low Aromatic Fuel,360.0,3.6,OK,OK,https://myfuelnt.nt.gov.au/Home/Results?Location=3&FuelCode=ALLD,serverJson:root.FuelOutlet,375.0,3.75,375.0,3.75,True,375.0,3.75,375.0,3.75,True,,,,,,,,,,,,,,,,,,,,,,,,,,,,,,,,,,,,,,,,,360.0,3.6,360.0,3.6,True,360.0,3.6,360.0,3.6,True,,,,,,,,,,,,,,,,,,,,,,,,,,,,,,,,,,,,,,,,,,,,,,,,,,,,,,,,,,,,,,,,,,,,,,,,,,,,,,,,
2026-06-01,2026-06-01 09:30:03,109,08720109,SHELL AYERS ROCK RESORT SERVICE STATION,SH,SH,7:00am - 8:00pm 7 days. 257 YULARA DRIVE,YULARA,0872,NT,4,130.990076,-25.240005,True,True,False,https://www.vivaenergy.com.au/tools/fuel-finder,4,4,"DL, LAF, P98, PD","DL, LAF, P98, PD",LAF,Low Aromatic Fuel,275.5,2.755,OK,OK,https://myfuelnt.nt.gov.au/Home/Results?Location=3&FuelCode=ALLD,serverJson:root.FuelOutlet,306.5,3.065,306.5,3.065,True,306.5,3.065,306.5,3.065,True,312.5,3.125,312.5,3.125,True,312.5,3.125,312.5,3.125,True,,,,,,,,,,,,,,,,,,,,,,,,,,,,,,,275.5,2.755,275.5,2.755,True,275.5,2.755,275.5,2.755,True,,,,,,,,,,,291.5,2.915,291.5,2.915,True,291.5,2.915,291.5,2.915,True,,,,,,,,,,,,,,,,,,,,,,,,,,,,,,,,,,,,,,,,,,,,,,,,,,,,,,,,,,,,
2026-06-01,2026-06-01 09:30:03,120,08520120,Independent Yarralin Community Store,IN,IN,Lot 33,Yarralin Community,0852,NT,6,130.883164,-16.446908,True,True,False,,2,2,"DL, LAF","DL, LAF",LAF,Low Aromatic Fuel,316.0,3.16,OK,OK,https://myfuelnt.nt.gov.au/Home/Results?Location=3&FuelCode=ALLD,serverJson:root.FuelOutlet,385.0,3.85,385.0,3.85,True,385.0,3.85,385.0,3.85,True,,,,,,,,,,,,,,,,,,,,,,,,,,,,,,,,,,,,,,,,,316.0,3.16,316.0,3.16,True,316.0,3.16,316.0,3.16,True,,,,,,,,,,,,,,,,,,,,,,,,,,,,,,,,,,,,,,,,,,,,,,,,,,,,,,,,,,,,,,,,,,,,,,,,,,,,,,,,
2026-06-01,2026-06-01 09:30:03,56,08300056,Ampol Foodary Yarrawonga,AM,AM,8 Middleton St,Yarrawonga,0830,NT,9,130.987781,-12.469825,True,True,False,https://www.ampol.com.au,4,4,"P95, P98, PD, U91","P95, P98, PD, U91",U91,Unleaded 91,187.9,1.879,OK,OK,https://myfuelnt.nt.gov.au/Home/Results?Location=3&FuelCode=ALLD,serverJson:root.FuelOutlet,,,,,,,,,,,220.9,2.209,220.9,2.209,True,220.9,2.209,220.9,2.209,True,,,,,,,,,,,,,,,,,,,,,187.9,1.879,187.9,1.879,True,187.9,1.879,187.9,1.879,True,,,,,,,,,,,204.9,2.049,204.9,2.049,True,204.9,2.049,204.9,2.049,True,226.9,2.269,226.9,2.269,True,226.9,2.269,226.9,2.269,True,,,,,,,,,,,,,,,,,,,,,,,,,,,,,,,,,,,,,,,,,,,,,,,,,,,,,,,,,,,,
2026-06-01,2026-06-01 09:30:03,237,08800237,Independent Yirrkala Community Store,IN,IN,"Lot 140, Tuffin Road",Yirrkala,0880,NT,7,136.891041,-12.25071,True,True,False,www.yirrkalacommunitystore.com.au,1,1,DL,DL,DL,Diesel,275.0,2.75,OK,OK,https://myfuelnt.nt.gov.au/Home/Results?Location=3&FuelCode=ALLD,serverJson:root.FuelOutlet,275.0,2.75,275.0,2.75,True,275.0,2.75,275.0,2.75,True,,,,,,,,,,,,,,,,,,,,,,,,,,,,,,,,,,,,,,,,,,,,,,,,,,,,,,,,,,,,,,,,,,,,,,,,,,,,,,,,,,,,,,,,,,,,,,,,,,,,,,,,,,,,,,,,,,,,,,,,,,,,,,,,,,
2026-06-01,2026-06-01 09:30:03,144,08720144,Independent Alpirakina Store (Yuelamu Store),IN,IN,Lot 21 Arrunge Crescent,Yuelamu,0872,NT,4,132.205158,-22.259432,True,True,False,https://outbackstores.com.au,2,2,"DL, LAF","DL, LAF",LAF,Low Aromatic Fuel,343.0,3.43,OK,OK,https://myfuelnt.nt.gov.au/Home/Results?Location=3&FuelCode=ALLD,serverJson:root.FuelOutlet,390.0,3.9,390.0,3.9,True,390.0,3.9,390.0,3.9,True,,,,,,,,,,,,,,,,,,,,,,,,,,,,,,,,,,,,,,,,,343.0,3.43,343.0,3.43,True,343.0,3.43,343.0,3.43,True,,,,,,,,,,,,,,,,,,,,,,,,,,,,,,,,,,,,,,,,,,,,,,,,,,,,,,,,,,,,,,,,,,,,,,,,,,,,,,,,
2026-06-01,2026-06-01 09:30:03,206,08720206,Independent Yuendumu Store,IN,IV,369 Colliston Road,Yuendumu,0872,NT,4,131.795078,-22.25346,True,True,False,www.maiwiru.org.au,2,2,"DL, LAF","DL, LAF",DL,Diesel,290.0,2.9,OK,OK,https://myfuelnt.nt.gov.au/Home/Results?Location=3&FuelCode=ALLD,serverJson:root.FuelOutlet,290.0,2.9,290.0,2.9,True,290.0,2.9,290.0,2.9,True,,,,,,,,,,,,,,,,,,,,,,,,,,,,,,,,,,,,,,,,,290.0,2.9,290.0,2.9,True,290.0,2.9,290.0,2.9,True,,,,,,,,,,,,,,,,,,,,,,,,,,,,,,,,,,,,,,,,,,,,,,,,,,,,,,,,,,,,,,,,,,,,,,,,,,,,,,,,
2026-06-01,2026-06-01 09:30:03,33,08720033,Nguru Walalja Store,PM,PM,Lot 430,Yuendumu,0870,NT,4,131.794646,-22.25555,True,True,False,https://outbackstores.com.au,2,2,"DL, LAF","DL, LAF",LAF,Low Aromatic Fuel,349.0,3.49,OK,OK,https://myfuelnt.nt.gov.au/Home/Results?Location=3&FuelCode=ALLD,serverJson:root.FuelOutlet,365.0,3.65,365.0,3.65,True,365.0,3.65,365.0,3.65,True,,,,,,,,,,,,,,,,,,,,,,,,,,,,,,,,,,,,,,,,,349.0,3.49,349.0,3.49,True,349.0,3.49,349.0,3.49,True,,,,,,,,,,,,,,,,,,,,,,,,,,,,,,,,,,,,,,,,,,,,,,,,,,,,,,,,,,,,,,,,,,,,,,,,,,,,,,,,
2026-06-01,2026-06-01 09:30:03,216,08720216,Independent Redgum Store,IN,IV,1 Redgum Road,via Arlparra,0872,NT,4,134.970824,-22.262279,True,True,False,,2,2,"DL, LAF","DL, LAF",LAF,Low Aromatic Fuel,275.0,2.75,OK,OK,https://myfuelnt.nt.gov.au/Home/Results?Location=3&FuelCode=ALLD,serverJson:root.FuelOutlet,312.0,3.12,312.0,3.12,True,312.0,3.12,312.0,3.12,True,,,,,,,,,,,,,,,,,,,,,,,,,,,,,,,,,,,,,,,,,275.0,2.75,275.0,2.75,True,275.0,2.75,275.0,2.75,True,,,,,,,,,,,,,,,,,,,,,,,,,,,,,,,,,,,,,,,,,,,,,,,,,,,,,,,,,,,,,,,,,,,,,,,,,,,,,,,,
