SnapshotDate,SnapshotDateTime,OutletName,Address,Suburb,Postcode,State,RegionID,Longitude,Latitude,OutletBrandCode,FuelBrandCode,OutletID,OutletIdentifier,IsOutletActive,HasValidCoordinates,Diesel_Today_CPL,Diesel_Today_DollarPerLitre,PremiumDiesel_Today_CPL,PremiumDiesel_Today_DollarPerLitre,Biodiesel20_Today_CPL,Biodiesel20_Today_DollarPerLitre,Unleaded91_Today_CPL,Unleaded91_Today_DollarPerLitre,LowAromaticFuel_Today_CPL,LowAromaticFuel_Today_DollarPerLitre,Premium95_Today_CPL,Premium95_Today_DollarPerLitre,Premium98_Today_CPL,Premium98_Today_DollarPerLitre,E10_Today_CPL,E10_Today_DollarPerLitre,E85_Today_CPL,E85_Today_DollarPerLitre,LPG_Today_CPL,LPG_Today_DollarPerLitre,EquivalentUnleaded_Today_CPL,EquivalentUnleaded_Today_DollarPerLitre,AllDiesel_Today_CPL,AllDiesel_Today_DollarPerLitre,Diesel_Tomorrow_CPL,Diesel_Tomorrow_DollarPerLitre,PremiumDiesel_Tomorrow_CPL,PremiumDiesel_Tomorrow_DollarPerLitre,Biodiesel20_Tomorrow_CPL,Biodiesel20_Tomorrow_DollarPerLitre,Unleaded91_Tomorrow_CPL,Unleaded91_Tomorrow_DollarPerLitre,LowAromaticFuel_Tomorrow_CPL,LowAromaticFuel_Tomorrow_DollarPerLitre,Premium95_Tomorrow_CPL,Premium95_Tomorrow_DollarPerLitre,Premium98_Tomorrow_CPL,Premium98_Tomorrow_DollarPerLitre,E10_Tomorrow_CPL,E10_Tomorrow_DollarPerLitre,E85_Tomorrow_CPL,E85_Tomorrow_DollarPerLitre,LPG_Tomorrow_CPL,LPG_Tomorrow_DollarPerLitre,EquivalentUnleaded_Tomorrow_CPL,EquivalentUnleaded_Tomorrow_DollarPerLitre,AllDiesel_Tomorrow_CPL,AllDiesel_Tomorrow_DollarPerLitre,Diesel_IsAvailableToday,Diesel_IsAvailableTomorrow,PremiumDiesel_IsAvailableToday,PremiumDiesel_IsAvailableTomorrow,Biodiesel20_IsAvailableToday,Biodiesel20_IsAvailableTomorrow,Unleaded91_IsAvailableToday,Unleaded91_IsAvailableTomorrow,LowAromaticFuel_IsAvailableToday,LowAromaticFuel_IsAvailableTomorrow,Premium95_IsAvailableToday,Premium95_IsAvailableTomorrow,Premium98_IsAvailableToday,Premium98_IsAvailableTomorrow,E10_IsAvailableToday,E10_IsAvailableTomorrow,E85_IsAvailableToday,E85_IsAvailableTomorrow,LPG_IsAvailableToday,LPG_IsAvailableTomorrow,EquivalentUnleaded_IsAvailableToday,EquivalentUnleaded_IsAvailableTomorrow,AllDiesel_IsAvailableToday,AllDiesel_IsAvailableTomorrow,ListedFuelCount,AvailableFuelCount,FuelCodesListed,FuelCodesAvailable,CheapestFuelCode,CheapestFuelType,CheapestTodayPriceCPL,CheapestTodayPriceDollarPerLitre,Diesel_RawToday_CPL,Diesel_RawTomorrow_CPL,PremiumDiesel_RawToday_CPL,PremiumDiesel_RawTomorrow_CPL,Biodiesel20_RawToday_CPL,Biodiesel20_RawTomorrow_CPL,Unleaded91_RawToday_CPL,Unleaded91_RawTomorrow_CPL,LowAromaticFuel_RawToday_CPL,LowAromaticFuel_RawTomorrow_CPL,Premium95_RawToday_CPL,Premium95_RawTomorrow_CPL,Premium98_RawToday_CPL,Premium98_RawTomorrow_CPL,E10_RawToday_CPL,E10_RawTomorrow_CPL,E85_RawToday_CPL,E85_RawTomorrow_CPL,LPG_RawToday_CPL,LPG_RawTomorrow_CPL,EquivalentUnleaded_RawToday_CPL,EquivalentUnleaded_RawTomorrow_CPL,AllDiesel_RawToday_CPL,AllDiesel_RawTomorrow_CPL,IsNTFleetOutlet,OutletWebsite,DataQualityStatus,DataQualityNotes,SourceURL,SourceMethod
2026-06-14,2026-06-14 08:57:59,UNITED ACACIA HILLS PIEFACE & ROADHOUSE,3760 Stuart Highway,ACACIA HILLS,0822,NT,2,131.12208,-12.799117,UN,UN,70,08220070,True,True,189.9,1.899,,,,,165.9,1.659,,,181.9,1.819,,,,,,,,,,,,,189.9,1.899,,,,,165.9,1.659,,,181.9,1.819,,,,,,,,,,,,,True,True,,,,,True,True,,,True,True,,,,,,,,,,,,,3,3,"DL, P95, U91","DL, P95, U91",U91,Unleaded 91,165.9,1.659,189.9,189.9,,,,,165.9,165.9,,,181.9,181.9,,,,,,,,,,,,,False,https://www.unitedpetroleum.com.au,OK,OK,https://myfuelnt.nt.gov.au/Home/Results?Location=3&FuelCode=ALLD,serverJson:root.FuelOutlet
2026-06-14,2026-06-14 08:57:59,Adelaide River Shell,105 Stuart Highway,ADELAIDE RIVER,0846,NT,1,131.10611,-13.23891,SH,SH,164,08460164,True,True,226.9,2.269,,,,,,,189.9,1.899,204.9,2.049,,,,,,,,,,,,,226.9,2.269,,,,,,,189.9,1.899,204.9,2.049,,,,,,,,,,,,,True,True,,,,,,,True,True,True,True,,,,,,,,,,,,,3,3,"DL, LAF, P95","DL, LAF, P95",LAF,Low Aromatic Fuel,189.9,1.899,226.9,226.9,,,,,,,189.9,189.9,204.9,204.9,,,,,,,,,,,,,False,,OK,OK,https://myfuelnt.nt.gov.au/Home/Results?Location=3&FuelCode=ALLD,serverJson:root.FuelOutlet
2026-06-14,2026-06-14 08:57:59,BP Alice Springs Truckstop,44a (North) Stuart Hwy,ALICE SPRINGS,0870,NT,4,133.878276,-23.693574,BP,BP,158,08700158,True,True,224.9,2.249,,,,,,,204.9,2.049,214.9,2.149,226.9,2.269,,,,,169.9,1.699,,,,,224.9,2.249,,,,,,,204.9,2.049,214.9,2.149,226.9,2.269,,,,,169.9,1.699,,,,,True,True,,,,,,,True,True,True,True,True,True,,,,,True,True,,,,,5,5,"DL, LAF, LPG, P95, P98","DL, LAF, LPG, P95, P98",LPG,LPG,169.9,1.699,224.9,224.9,,,,,,,204.9,204.9,214.9,214.9,226.9,226.9,,,,,169.9,169.9,,,,,False,http://rechargepetroleum.com.au,OK,OK,https://myfuelnt.nt.gov.au/Home/Results?Location=3&FuelCode=ALLD,serverJson:root.FuelOutlet
2026-06-14,2026-06-14 08:57:59,BP Gap Road,73 Gap Road,ALICE SPRINGS,0870,NT,4,133.872582,-23.716921,BP,BP,159,08700159,True,True,224.9,2.249,,,,,,,204.9,2.049,214.9,2.149,226.9,2.269,,,,,,,,,,,224.9,2.249,,,,,,,204.9,2.049,214.9,2.149,226.9,2.269,,,,,,,,,,,True,True,,,,,,,True,True,True,True,True,True,,,,,,,,,,,4,4,"DL, LAF, P95, P98","DL, LAF, P95, P98",LAF,Low Aromatic Fuel,204.9,2.049,224.9,224.9,,,,,,,204.9,204.9,214.9,214.9,226.9,226.9,,,,,,,,,,,False,www.rechargepetroleum.com.au,OK,OK,https://myfuelnt.nt.gov.au/Home/Results?Location=3&FuelCode=ALLD,serverJson:root.FuelOutlet
2026-06-14,2026-06-14 08:57:59,BP Sadadeen,70 Spearwood Road,ALICE SPRINGS,0870,NT,4,133.899943,-23.700637,BP,BP,160,08700160,True,True,224.9,2.249,,,,,,,204.9,2.049,214.9,2.149,,,,,,,,,,,,,224.9,2.249,,,,,,,204.9,2.049,214.9,2.149,,,,,,,,,,,,,True,True,,,,,,,True,True,True,True,,,,,,,,,,,,,3,3,"DL, LAF, P95","DL, LAF, P95",LAF,Low Aromatic Fuel,204.9,2.049,224.9,224.9,,,,,,,204.9,204.9,214.9,214.9,,,,,,,,,,,,,False,http://rechargepetroleum.com.au,OK,OK,https://myfuelnt.nt.gov.au/Home/Results?Location=3&FuelCode=ALLD,serverJson:root.FuelOutlet
2026-06-14,2026-06-14 08:57:59,Independent JERVOIS STATION,13381 Plenty Highway via,ALICE SPRINGS,0872,NT,4,136.142942,-22.951033,IN,CA,155,08720155,True,True,300.0,3.0,,,,,280.0,2.8,,,,,,,,,,,,,,,,,300.0,3.0,,,,,280.0,2.8,,,,,,,,,,,,,,,,,True,True,,,,,True,True,,,,,,,,,,,,,,,,,2,2,"DL, U91","DL, U91",U91,Unleaded 91,280.0,2.8,300.0,300.0,,,,,280.0,280.0,,,,,,,,,,,,,,,,,False,,OK,OK,https://myfuelnt.nt.gov.au/Home/Results?Location=3&FuelCode=ALLD,serverJson:root.FuelOutlet
2026-06-14,2026-06-14 08:57:59,Refuel Australia Truckstop Smith Street,Lot 913 Smith Street,ALICE SPRINGS,0870,NT,4,133.871034,-23.692967,AM,AM,191,08700191,True,True,220.8,2.208,,,,,,,,,,,,,,,,,,,,,,,220.8,2.208,,,,,,,,,,,,,,,,,,,,,,,True,True,,,,,,,,,,,,,,,,,,,,,,,1,1,DL,DL,DL,Diesel,220.8,2.208,220.8,220.8,,,,,,,,,,,,,,,,,,,,,,,False,https://refuelaus.com.au,OK,OK,https://myfuelnt.nt.gov.au/Home/Results?Location=3&FuelCode=ALLD,serverJson:root.FuelOutlet
2026-06-14,2026-06-14 08:57:59,Refuel Depot Ghan Road,16 Ghan Road,ALICE SPRINGS,0870,NT,4,133.871466,-23.693791,AM,AM,190,08700190,True,True,220.8,2.208,,,,,201.8,2.0180000000000002,,,,,221.8,2.218,,,,,,,,,,,220.8,2.208,,,,,201.8,2.0180000000000002,,,,,221.8,2.218,,,,,,,,,,,True,True,,,,,True,True,,,,,True,True,,,,,,,,,,,3,3,"DL, P98, U91","DL, P98, U91",U91,Unleaded 91,201.8,2.0180000000000002,220.8,220.8,,,,,201.8,201.8,,,,,221.8,221.8,,,,,,,,,,,False,http://www.refuelaus.com.au,OK,OK,https://myfuelnt.nt.gov.au/Home/Results?Location=3&FuelCode=ALLD,serverJson:root.FuelOutlet
2026-06-14,2026-06-14 08:57:59,SHELL REDDY EXPRESS ALICE SPRINGS GAP RD,2 BAGOT ST (CNR GAP RD),ALICE SPRINGS,0870,NT,4,133.878905,-23.707372,C3,C3,35,08700035,True,True,221.9,2.219,,,,,,,201.9,2.019,211.9,2.119,,,,,,,,,,,,,221.9,2.219,,,,,,,201.9,2.019,211.9,2.119,,,,,,,,,,,,,True,True,,,,,,,True,True,True,True,,,,,,,,,,,,,3,3,"DL, LAF, P95","DL, LAF, P95",LAF,Low Aromatic Fuel,201.9,2.019,221.9,221.9,,,,,,,201.9,201.9,211.9,211.9,,,,,,,,,,,,,False,https://www.colesexpress.com.au/,OK,OK,https://myfuelnt.nt.gov.au/Home/Results?Location=3&FuelCode=ALLD,serverJson:root.FuelOutlet
2026-06-14,2026-06-14 08:57:59,SHELL REDDY EXPRESS ALICE SPRINGS MT GILLEN,6 LARAPINTA DRIVE,ALICE SPRINGS,0870,NT,4,133.871468,-23.701117,C3,C3,36,08700036,True,True,221.9,2.219,,,,,,,201.9,2.019,211.9,2.119,,,,,,,,,,,,,221.9,2.219,,,,,,,201.9,2.019,211.9,2.119,,,,,,,,,,,,,True,True,,,,,,,True,True,True,True,,,,,,,,,,,,,3,3,"DL, LAF, P95","DL, LAF, P95",LAF,Low Aromatic Fuel,201.9,2.019,221.9,221.9,,,,,,,201.9,201.9,211.9,211.9,,,,,,,,,,,,,False,https://www.colesexpress.com.au/,OK,OK,https://myfuelnt.nt.gov.au/Home/Results?Location=3&FuelCode=ALLD,serverJson:root.FuelOutlet
2026-06-14,2026-06-14 08:57:59,SHELL REDDY EXPRESS ALICE SPRINGS TRUCK STOP,Cnr DALGETY RD & LILBILI ST,ALICE SPRINGS,0870,NT,4,133.864878,-23.66775,C3,C3,37,08700037,True,True,221.9,2.219,,,,,,,201.9,2.019,211.9,2.119,,,,,,,,,,,,,221.9,2.219,,,,,,,201.9,2.019,211.9,2.119,,,,,,,,,,,,,True,True,,,,,,,True,True,True,True,,,,,,,,,,,,,3,3,"DL, LAF, P95","DL, LAF, P95",LAF,Low Aromatic Fuel,201.9,2.019,221.9,221.9,,,,,,,201.9,201.9,211.9,211.9,,,,,,,,,,,,,False,https://www.colesexpress.com.au/,OK,OK,https://myfuelnt.nt.gov.au/Home/Results?Location=3&FuelCode=ALLD,serverJson:root.FuelOutlet
2026-06-14,2026-06-14 08:57:59,UNITED HEAVITREE GAP SUPERMARKET. PIEFACE AND ROADHOUSE,70 Palm Circuit,ALICE SPRINGS,0873,NT,4,133.867248,-23.728498,UN,UN,73,08730073,True,True,221.9,2.219,,,,,,,199.9,1.999,215.9,2.1590000000000003,,,,,,,,,,,,,221.9,2.219,,,,,,,199.9,1.999,215.9,2.1590000000000003,,,,,,,,,,,,,True,True,,,,,,,True,True,True,True,,,,,,,,,,,,,3,3,"DL, LAF, P95","DL, LAF, P95",LAF,Low Aromatic Fuel,199.9,1.999,221.9,221.9,,,,,,,199.9,199.9,215.9,215.9,,,,,,,,,,,,,False,https://www.unitedpetroleum.com.au,OK,OK,https://myfuelnt.nt.gov.au/Home/Results?Location=3&FuelCode=ALLD,serverJson:root.FuelOutlet
2026-06-14,2026-06-14 08:57:59,Independent WARTE STORE,"LOT 122, 9 Antyiper Street",ALPURURRULAM,0872,NT,5,137.849121,-20.985741,IN,PM,102,08720102,True,True,350.0,3.5,,,,,,,295.0,2.95,,,,,,,,,,,,,,,350.0,3.5,,,,,,,295.0,2.95,,,,,,,,,,,,,,,True,True,,,,,,,True,True,,,,,,,,,,,,,,,2,2,"DL, LAF","DL, LAF",LAF,Low Aromatic Fuel,295.0,2.95,350.0,350.0,,,,,,,295.0,295.0,,,,,,,,,,,,,,,False,,OK,OK,https://myfuelnt.nt.gov.au/Home/Results?Location=3&FuelCode=ALLD,serverJson:root.FuelOutlet
2026-06-14,2026-06-14 08:57:59,Independent AHERRENGE Community Store,1 Morten Street (Lot 23),AMPILATWATJA,0872,NT,4,135.224331,-21.654465,IN,IN,105,08720105,True,True,290.0,2.9,,,,,,,270.0,2.7,,,,,,,,,,,,,,,290.0,2.9,,,,,,,270.0,2.7,,,,,,,,,,,,,,,True,True,,,,,,,True,True,,,,,,,,,,,,,,,2,2,"DL, LAF","DL, LAF",LAF,Low Aromatic Fuel,270.0,2.7,290.0,290.0,,,,,,,270.0,270.0,,,,,,,,,,,,,,,False,,OK,OK,https://myfuelnt.nt.gov.au/Home/Results?Location=3&FuelCode=ALLD,serverJson:root.FuelOutlet
2026-06-14,2026-06-14 08:57:59,Adelaide River Mobil,120 Stuart Highway,Adelaide River,0846,NT,1,131.104685,-13.237805,MB,MB,185,08460185,True,True,226.9,2.269,,,,,,,189.9,1.899,204.9,2.049,,,,,,,,,,,,,226.9,2.269,,,,,,,189.9,1.899,204.9,2.049,,,,,,,,,,,,,True,True,,,,,,,True,True,True,True,,,,,,,,,,,,,3,3,"DL, LAF, P95","DL, LAF, P95",LAF,Low Aromatic Fuel,189.9,1.899,226.9,226.9,,,,,,,189.9,189.9,204.9,204.9,,,,,,,,,,,,,False,,OK,OK,https://myfuelnt.nt.gov.au/Home/Results?Location=3&FuelCode=ALLD,serverJson:root.FuelOutlet
2026-06-14,2026-06-14 08:57:59,Independent Aileron Roadhouse,"Aileron Access Road, 6304 Stuart Highway",Aileron,0872,NT,4,133.345577,-22.644498,IN,IN,163,08720163,True,True,315.0,3.15,,,,,,,280.0,2.8,300.0,3.0,,,,,,,,,,,,,315.0,3.15,,,,,,,280.0,2.8,300.0,3.0,,,,,,,,,,,,,True,True,,,,,,,True,True,True,True,,,,,,,,,,,,,3,3,"DL, LAF, P95","DL, LAF, P95",LAF,Low Aromatic Fuel,280.0,2.8,315.0,315.0,,,,,,,280.0,280.0,300.0,300.0,,,,,,,,,,,,,False,,OK,OK,https://myfuelnt.nt.gov.au/Home/Results?Location=3&FuelCode=ALLD,serverJson:root.FuelOutlet
2026-06-14,2026-06-14 08:57:59,Independent Murray Downs Store,"Murray Downs Station, Murray Downs Road",Ali Curung,0872,NT,5,134.675961,-21.04261,IN,AF,121,08720121,True,True,270.0,2.7,,,,,,,270.0,2.7,,,,,,,,,,,,,,,270.0,2.7,,,,,,,270.0,2.7,,,,,,,,,,,,,,,True,True,,,,,,,True,True,,,,,,,,,,,,,,,2,2,"DL, LAF","DL, LAF",DL,Diesel,270.0,2.7,270.0,270.0,,,,,,,270.0,270.0,,,,,,,,,,,,,,,False,,OK,OK,https://myfuelnt.nt.gov.au/Home/Results?Location=3&FuelCode=ALLD,serverJson:root.FuelOutlet
2026-06-14,2026-06-14 08:57:59,Mirnirri Store,"Lot 168, Jungara Street",Ali Curung,0872,NT,5,134.405907,-21.002413,PM,PM,24,08720024,True,True,322.0,3.22,,,,,,,307.0,3.07,,,,,,,,,,,,,,,322.0,3.22,,,,,,,307.0,3.07,,,,,,,,,,,,,,,True,True,,,,,,,True,True,,,,,,,,,,,,,,,2,2,"DL, LAF","DL, LAF",LAF,Low Aromatic Fuel,307.0,3.07,322.0,322.0,,,,,,,307.0,307.0,,,,,,,,,,,,,,,False,https://outbackstores.com.au,OK,OK,https://myfuelnt.nt.gov.au/Home/Results?Location=3&FuelCode=ALLD,serverJson:root.FuelOutlet
2026-06-14,2026-06-14 08:57:59,Ampol Larapinta,Lot 8773/26 Larapinta Drive,Alice Springs,0870,NT,4,133.85313,-23.70412,AM,AM,153,08700153,True,True,,,224.9,2.249,,,,,204.9,2.049,214.4,2.144,,,,,,,,,,,,,,,224.9,2.249,,,,,204.9,2.049,214.4,2.144,,,,,,,,,,,,,,,True,True,,,,,True,True,True,True,,,,,,,,,,,,,3,3,"LAF, P95, PD","LAF, P95, PD",LAF,Low Aromatic Fuel,204.9,2.049,,,224.9,224.9,,,,,204.9,204.9,214.4,214.4,,,,,,,,,,,,,False,,OK,OK,https://myfuelnt.nt.gov.au/Home/Results?Location=3&FuelCode=ALLD,serverJson:root.FuelOutlet
2026-06-14,2026-06-14 08:57:59,Ampol Teppa Hill,3/34 North Stuart Highway,Alice Springs,0870,NT,4,133.876074,-23.691003,AM,AM,183,08700183,True,True,,,221.5,2.215,,,,,199.0,1.99,210.9,2.109,,,,,,,,,,,,,,,221.5,2.215,,,,,199.0,1.99,210.9,2.109,,,,,,,,,,,,,,,True,True,,,,,True,True,True,True,,,,,,,,,,,,,3,3,"LAF, P95, PD","LAF, P95, PD",LAF,Low Aromatic Fuel,199.0,1.99,,,221.5,221.5,,,,,199.0,199.0,210.9,210.9,,,,,,,,,,,,,False,,OK,OK,https://myfuelnt.nt.gov.au/Home/Results?Location=3&FuelCode=ALLD,serverJson:root.FuelOutlet
2026-06-14,2026-06-14 08:57:59,BP Alice Springs Depot (Recharge Petroleum),20 Whittaker Street,Alice Springs,0870,NT,4,133.874662,-23.695305,BP,BP,201,08700201,True,True,222.9,2.229,,,,,,,,,,,,,,,,,,,,,,,222.9,2.229,,,,,,,,,,,,,,,,,,,,,,,True,True,,,,,,,,,,,,,,,,,,,,,,,1,1,DL,DL,DL,Diesel,222.9,2.229,222.9,222.9,,,,,,,,,,,,,,,,,,,,,,,False,https://www.rechargepetroleum.com.au,OK,OK,https://myfuelnt.nt.gov.au/Home/Results?Location=3&FuelCode=ALLD,serverJson:root.FuelOutlet
2026-06-14,2026-06-14 08:57:59,EG Ampol Alice Springs,Corner Wills Street and Railway Terrace,Alice Springs,0870,NT,4,133.880355,-23.695662,EA,EA,47,08700047,True,True,,,221.9,2.219,,,,,199.9,1.999,211.9,2.119,,,,,,,,,,,,,,,221.9,2.219,,,,,199.9,1.999,211.9,2.119,,,,,,,,,,,,,,,True,True,,,,,True,True,True,True,,,,,,,,,,,,,3,3,"LAF, P95, PD","LAF, P95, PD",LAF,Low Aromatic Fuel,199.9,1.999,,,221.9,221.9,,,,,199.9,199.9,211.9,211.9,,,,,,,,,,,,,False,https://www.woolworths.com.au/Shop/Discover/petrol,OK,OK,https://myfuelnt.nt.gov.au/Home/Results?Location=3&FuelCode=ALLD,serverJson:root.FuelOutlet
2026-06-14,2026-06-14 08:57:59,Mogas Alice Springs Airport OPT,462 Davis Drive,Alice Springs,0870,NT,4,133.901217,-23.800427,MO,MO,229,08700229,True,True,226.5,2.265,,,,,,,204.5,2.045,,,,,,,,,,,,,,,226.5,2.265,,,,,,,204.5,2.045,,,,,,,,,,,,,,,True,True,,,,,,,True,True,,,,,,,,,,,,,,,2,2,"DL, LAF","DL, LAF",LAF,Low Aromatic Fuel,204.5,2.045,226.5,226.5,,,,,,,204.5,204.5,,,,,,,,,,,,,,,False,,OK,OK,https://myfuelnt.nt.gov.au/Home/Results?Location=3&FuelCode=ALLD,serverJson:root.FuelOutlet
2026-06-14,2026-06-14 08:57:59,S24 Alice City,34 Railway Terrace,Alice Springs,0870,NT,4,133.878272,-23.698712,OR,OR,76,08700076,True,True,,,221.9,2.219,,,,,201.9,2.019,219.4,2.194,228.9,2.289,,,,,,,,,,,,,221.9,2.219,,,,,201.9,2.019,219.4,2.194,228.9,2.289,,,,,,,,,,,,,True,True,,,,,True,True,True,True,True,True,,,,,,,,,,,4,4,"LAF, P95, P98, PD","LAF, P95, P98, PD",LAF,Low Aromatic Fuel,201.9,2.019,,,221.9,221.9,,,,,201.9,201.9,219.4,219.4,228.9,228.9,,,,,,,,,,,False,http://otr.com.au,OK,OK,https://myfuelnt.nt.gov.au/Home/Results?Location=3&FuelCode=ALLD,serverJson:root.FuelOutlet
2026-06-14,2026-06-14 08:57:59,Independent Alyangula Township Service Station,24 Hour. Rowell Highway,Alyangula,0885,NT,7,136.421326,-13.858038,IN,IN,132,08850132,True,True,146.8,1.4680000000000002,,,,,,,175.6,1.756,,,,,,,,,,,,,,,146.8,1.4680000000000002,,,,,,,175.6,1.756,,,,,,,,,,,,,,,True,True,,,,,,,True,True,,,,,,,,,,,,,,,2,2,"DL, LAF","DL, LAF",DL,Diesel,146.8,1.4680000000000002,146.8,146.8,,,,,,,175.6,175.6,,,,,,,,,,,,,,,False,,OK,OK,https://myfuelnt.nt.gov.au/Home/Results?Location=3&FuelCode=ALLD,serverJson:root.FuelOutlet
2026-06-14,2026-06-14 08:57:59,Independent Bonya Store,"Lot 32, Bonya Community",Anatye,0872,NT,4,136.169381,-22.789573,IN,IN,224,08720224,True,True,390.0,3.9,,,,,,,285.0,2.85,,,,,,,,,,,,,,,390.0,3.9,,,,,,,285.0,2.85,,,,,,,,,,,,,,,True,True,,,,,,,True,True,,,,,,,,,,,,,,,2,2,"DL, LAF","DL, LAF",LAF,Low Aromatic Fuel,285.0,2.85,390.0,390.0,,,,,,,285.0,285.0,,,,,,,,,,,,,,,False,,OK,OK,https://myfuelnt.nt.gov.au/Home/Results?Location=3&FuelCode=ALLD,serverJson:root.FuelOutlet
2026-06-14,2026-06-14 08:57:59,Independent Angurugu Community Store,Lot 327-373,Angurugu,0822,NT,7,136.461896,-13.981412,IN,IN,16,08220016,True,True,240.0,2.4,,,,,,,,,,,,,,,,,,,,,,,240.0,2.4,,,,,,,,,,,,,,,,,,,,,,,True,True,,,,,,,,,,,,,,,,,,,,,,,1,1,DL,DL,DL,Diesel,240.0,2.4,240.0,240.0,,,,,,,,,,,,,,,,,,,,,,,False,,OK,OK,https://myfuelnt.nt.gov.au/Home/Results?Location=3&FuelCode=ALLD,serverJson:root.FuelOutlet
2026-06-14,2026-06-14 08:57:59,Independent Tilmouth Well Roadhouse,16700 Tanami Road,Anmatjere,0872,NT,4,132.598933,-22.809705,IN,IN,130,08720130,True,True,290.0,2.9,,,,,,,,,280.0,2.8,,,,,,,,,,,,,290.0,2.9,,,,,,,,,280.0,2.8,,,,,,,,,,,,,True,True,,,,,,,,,True,True,,,,,,,,,,,,,2,2,"DL, P95","DL, P95",P95,Premium 95,280.0,2.8,290.0,290.0,,,,,,,,,280.0,280.0,,,,,,,,,,,,,False,http://www.tilmouthwell.com,OK,OK,https://myfuelnt.nt.gov.au/Home/Results?Location=3&FuelCode=ALLD,serverJson:root.FuelOutlet
2026-06-14,2026-06-14 08:57:59,Independent Aputula Store,Mon to Fri 9am-12pm & 2pm-4pm. Sat 9am-12pm. 20 Lapadum Street,Aputula,0872,NT,4,134.576613,-25.582525,IN,IN,149,08720149,True,True,370.0,3.7,,,,,,,328.0,3.28,,,,,,,,,,,,,,,370.0,3.7,,,,,,,328.0,3.28,,,,,,,,,,,,,,,True,True,,,,,,,True,True,,,,,,,,,,,,,,,2,2,"DL, LAF","DL, LAF",LAF,Low Aromatic Fuel,328.0,3.28,370.0,370.0,,,,,,,328.0,328.0,,,,,,,,,,,,,,,False,,OK,OK,https://myfuelnt.nt.gov.au/Home/Results?Location=3&FuelCode=ALLD,serverJson:root.FuelOutlet
2026-06-14,2026-06-14 08:57:59,Independent Areyonga Store,"Mon to Fri 9am-12pm & 2:30pm-4:30pm. Lot 2 Lydia Dora Drive, Areyonga Community",Areyonga,0872,NT,4,132.26893,-24.07402,IN,IV,150,08720150,True,True,420.0,4.2,,,,,,,320.0,3.2,,,,,,,,,,,,,,,420.0,4.2,,,,,,,320.0,3.2,,,,,,,,,,,,,,,True,True,,,,,,,True,True,,,,,,,,,,,,,,,2,2,"DL, LAF","DL, LAF",LAF,Low Aromatic Fuel,320.0,3.2,420.0,420.0,,,,,,,320.0,320.0,,,,,,,,,,,,,,,False,,OK,OK,https://myfuelnt.nt.gov.au/Home/Results?Location=3&FuelCode=ALLD,serverJson:root.FuelOutlet
2026-06-14,2026-06-14 08:57:59,Independent Arlparra Community Store,1 Sandover Highway,Arlparra,0872,NT,4,134.776019,-22.086357,IN,IN,193,08720193,True,True,350.0,3.5,,,,,,,300.0,3.0,,,,,,,,,,,,,,,350.0,3.5,,,,,,,300.0,3.0,,,,,,,,,,,,,,,True,True,,,,,,,True,True,,,,,,,,,,,,,,,2,2,"DL, LAF","DL, LAF",LAF,Low Aromatic Fuel,300.0,3.0,350.0,350.0,,,,,,,300.0,300.0,,,,,,,,,,,,,,,False,,OK,OK,https://myfuelnt.nt.gov.au/Home/Results?Location=3&FuelCode=ALLD,serverJson:root.FuelOutlet
2026-06-14,2026-06-14 08:57:59,Independent DUNMARRA WAYSIDE INN,13729 Stuart Highway,BIRDUM,0852,NT,6,133.412717,-16.679732,IN,IN,177,08520177,True,True,272.0,2.72,,,,,,,265.0,2.65,275.0,2.75,,,,,,,,,,,,,272.0,2.72,,,,,,,265.0,2.65,275.0,2.75,,,,,,,,,,,,,True,True,,,,,,,True,True,True,True,,,,,,,,,,,,,3,3,"DL, LAF, P95","DL, LAF, P95",LAF,Low Aromatic Fuel,265.0,2.65,272.0,272.0,,,,,,,265.0,265.0,275.0,275.0,,,,,,,,,,,,,False,,OK,OK,https://myfuelnt.nt.gov.au/Home/Results?Location=3&FuelCode=ALLD,serverJson:root.FuelOutlet
2026-06-14,2026-06-14 08:57:59,EG Ampol Bakewell,Corner Chung Wah Terrace and Lambrick Avenue,Bakewell,0831,NT,9,130.986152,-12.499875,EA,EA,48,08310048,True,True,,,196.9,1.969,,,174.9,1.749,,,186.9,1.869,,,,,,,,,,,,,,,196.9,1.969,,,174.9,1.749,,,186.9,1.869,,,,,,,,,,,,,,,True,True,,,True,True,,,True,True,,,,,,,,,,,,,3,3,"P95, PD, U91","P95, PD, U91",U91,Unleaded 91,174.9,1.749,,,196.9,196.9,,,174.9,174.9,,,186.9,186.9,,,,,,,,,,,,,False,https://www.woolworths.com.au/Shop/Discover/petrol,OK,OK,https://myfuelnt.nt.gov.au/Home/Results?Location=3&FuelCode=ALLD,serverJson:root.FuelOutlet
2026-06-14,2026-06-14 08:57:59,Independent Barrow Creek Hotel,"Open 7 days 07:00 - 21:00, excluding Christmas day - NT Portion 449 Stuart Highway",Barrow Creek,0872,NT,5,133.889308,-21.531326,IN,UN,194,08720194,True,True,387.9,3.8789999999999996,,,,,,,,,387.9,3.8789999999999996,,,,,,,,,,,,,387.9,3.8789999999999996,,,,,,,,,387.9,3.8789999999999996,,,,,,,,,,,,,True,True,,,,,,,,,True,True,,,,,,,,,,,,,2,2,"DL, P95","DL, P95",DL,Diesel,387.9,3.8789999999999996,387.9,387.9,,,,,,,,,387.9,387.9,,,,,,,,,,,,,False,,OK,OK,https://myfuelnt.nt.gov.au/Home/Results?Location=3&FuelCode=ALLD,serverJson:root.FuelOutlet
2026-06-14,2026-06-14 08:57:59,Independent Bagala Community Store,"Lot 1, Lamjorrotj Road, Barunga NT 0852",Barunga,0852,NT,6,132.863314,-14.526207,IN,IN,239,08520239,True,True,286.0,2.86,,,,,,,250.0,2.5,,,,,,,,,,,,,,,286.0,2.86,,,,,,,250.0,2.5,,,,,,,,,,,,,,,True,True,,,,,,,True,True,,,,,,,,,,,,,,,2,2,"DL, LAF","DL, LAF",LAF,Low Aromatic Fuel,250.0,2.5,286.0,286.0,,,,,,,250.0,250.0,,,,,,,,,,,,,,,False,www.outbackstores.com.au,OK,OK,https://myfuelnt.nt.gov.au/Home/Results?Location=3&FuelCode=ALLD,serverJson:root.FuelOutlet
2026-06-14,2026-06-14 08:57:59,Batchelor Service Centre,27 Rum Jungle Road,Batchelor,0845,NT,1,131.024666,-13.046233,AF,AF,170,08450170,True,True,212.9,2.129,,,,,193.9,1.939,,,275.0,2.75,,,,,,,,,,,,,212.9,2.129,,,,,193.9,1.939,,,275.0,2.75,,,,,,,,,,,,,True,True,,,,,True,True,,,True,True,,,,,,,,,,,,,3,3,"DL, P95, U91","DL, P95, U91",U91,Unleaded 91,193.9,1.939,212.9,212.9,,,,,193.9,193.9,,,275.0,275.0,,,,,,,,,,,,,False,,OK,OK,https://myfuelnt.nt.gov.au/Home/Results?Location=3&FuelCode=ALLD,serverJson:root.FuelOutlet
2026-06-14,2026-06-14 08:57:59,Independent Batchelor General Store & Fuel,20 Tarkarri Road,Batchelor,0845,NT,1,131.027699,-13.046505,IN,IN,98,08450098,True,True,235.0,2.35,,,,,220.0,2.2,,,250.0,2.5,,,,,,,,,,,,,235.0,2.35,,,,,220.0,2.2,,,250.0,2.5,,,,,,,,,,,,,True,True,,,,,True,True,,,True,True,,,,,,,,,,,,,3,3,"DL, P95, U91","DL, P95, U91",U91,Unleaded 91,220.0,2.2,235.0,235.0,,,,,220.0,220.0,,,250.0,250.0,,,,,,,,,,,,,False,,OK,OK,https://myfuelnt.nt.gov.au/Home/Results?Location=3&FuelCode=ALLD,serverJson:root.FuelOutlet
2026-06-14,2026-06-14 08:57:59,Litchfield Outback Resort,49 Rum Jungle Rd,Batchelor,0845,NT,1,131.024511,-13.041652,BP,BP,178,08450178,True,True,235.0,2.35,,,,,220.0,2.2,,,250.0,2.5,,,,,,,,,,,,,235.0,2.35,,,,,220.0,2.2,,,250.0,2.5,,,,,,,,,,,,,True,True,,,,,True,True,,,True,True,,,,,,,,,,,,,3,3,"DL, P95, U91","DL, P95, U91",U91,Unleaded 91,220.0,2.2,235.0,235.0,,,,,220.0,220.0,,,250.0,250.0,,,,,,,,,,,,,False,http://www.litchfieldoutbackresort.com.au/,OK,OK,https://myfuelnt.nt.gov.au/Home/Results?Location=3&FuelCode=ALLD,serverJson:root.FuelOutlet
2026-06-14,2026-06-14 08:57:59,Belyuen Store,"Lot 297, Cox Peninsula Road, Belyuen Community",Belyuen,0822,NT,1,130.698544,-12.53659,PM,PM,116,08220116,True,True,270.0,2.7,,,,,210.0,2.1,,,,,,,,,,,,,,,,,270.0,2.7,,,,,210.0,2.1,,,,,,,,,,,,,,,,,True,True,,,,,True,True,,,,,,,,,,,,,,,,,2,2,"DL, U91","DL, U91",U91,Unleaded 91,210.0,2.1,270.0,270.0,,,,,210.0,210.0,,,,,,,,,,,,,,,,,False,https://www.belyuen.nt.gov.au,OK,OK,https://myfuelnt.nt.gov.au/Home/Results?Location=3&FuelCode=ALLD,serverJson:root.FuelOutlet
2026-06-14,2026-06-14 08:57:59,Ampol Foodary Berrimah,92 Jessop Cres,Berrimah,0828,NT,3,130.9131,-12.427976,AM,AM,46,08280046,True,True,,,198.9,1.989,,,172.9,1.729,,,189.9,1.899,211.9,2.119,,,,,,,,,,,,,198.9,1.989,,,172.9,1.729,,,189.9,1.899,211.9,2.119,,,,,,,,,,,,,True,True,,,True,True,,,True,True,True,True,,,,,,,,,,,4,4,"P95, P98, PD, U91","P95, P98, PD, U91",U91,Unleaded 91,172.9,1.729,,,198.9,198.9,,,172.9,172.9,,,189.9,189.9,211.9,211.9,,,,,,,,,,,False,https://www.ampol.com.au,OK,OK,https://myfuelnt.nt.gov.au/Home/Results?Location=3&FuelCode=ALLD,serverJson:root.FuelOutlet
2026-06-14,2026-06-14 08:57:59,BP Berrimah OPT (Recharge Petroleum),Cnr Angliss Rd and Fotiades Rd,Berrimah,0828,NT,3,130.94755,-12.447604,BP,BP,186,08280186,True,True,194.9,1.949,,,,,,,,,,,,,,,,,,,,,,,194.9,1.949,,,,,,,,,,,,,,,,,,,,,,,True,True,,,,,,,,,,,,,,,,,,,,,,,1,1,DL,DL,DL,Diesel,194.9,1.949,194.9,194.9,,,,,,,,,,,,,,,,,,,,,,,False,http://www.rechargepetroleum.com.au,OK,OK,https://myfuelnt.nt.gov.au/Home/Results?Location=3&FuelCode=ALLD,serverJson:root.FuelOutlet
2026-06-14,2026-06-14 08:57:59,S24 Berrimah,3921 Berrimah Road,Berrimah,0828,NT,3,130.923847,-12.434533,OR,OR,93,08280093,True,True,,,196.9,1.969,,,172.9,1.729,,,190.4,1.9040000000000001,201.9,2.019,,,,,,,,,,,,,196.9,1.969,,,172.9,1.729,,,190.4,1.9040000000000001,201.9,2.019,,,,,,,,,,,,,True,True,,,True,True,,,True,True,True,True,,,,,,,,,,,4,4,"P95, P98, PD, U91","P95, P98, PD, U91",U91,Unleaded 91,172.9,1.729,,,196.9,196.9,,,172.9,172.9,,,190.4,190.4,201.9,201.9,,,,,,,,,,,False,https://www.otr.com.au,OK,OK,https://myfuelnt.nt.gov.au/Home/Results?Location=3&FuelCode=ALLD,serverJson:root.FuelOutlet
2026-06-14,2026-06-14 08:57:59,S24 Knuckey Lagoon,687 Stuart Highway,Berrimah,0828,NT,3,130.924834,-12.433454,OR,OR,84,08280084,True,True,,,196.9,1.969,,,172.9,1.729,,,,,201.9,2.019,,,,,,,,,,,,,196.9,1.969,,,172.9,1.729,,,,,201.9,2.019,,,,,,,,,,,,,True,True,,,True,True,,,,,True,True,,,,,,,,,,,3,3,"P98, PD, U91","P98, PD, U91",U91,Unleaded 91,172.9,1.729,,,196.9,196.9,,,172.9,172.9,,,,,201.9,201.9,,,,,,,,,,,False,https://www.otr.com.au,OK,OK,https://myfuelnt.nt.gov.au/Home/Results?Location=3&FuelCode=ALLD,serverJson:root.FuelOutlet
2026-06-14,2026-06-14 08:57:59,Caltex Berry Springs,795 Cox Peninsula Road,Berry Springs,0838,NT,2,131.015543,-12.701106,CA,PM,214,08380214,True,True,,,199.9,1.999,,,176.9,1.7690000000000001,,,192.9,1.929,219.9,2.199,,,,,,,,,,,,,199.9,1.999,,,176.9,1.7690000000000001,,,192.9,1.929,219.9,2.199,,,,,,,,,,,,,True,True,,,True,True,,,True,True,True,True,,,,,,,,,,,4,4,"P95, P98, PD, U91","P95, P98, PD, U91",U91,Unleaded 91,176.9,1.7690000000000001,,,199.9,199.9,,,176.9,176.9,,,192.9,192.9,219.9,219.9,,,,,,,,,,,False,https://www.pumaenergy.com.au,OK,OK,https://myfuelnt.nt.gov.au/Home/Results?Location=3&FuelCode=ALLD,serverJson:root.FuelOutlet
2026-06-14,2026-06-14 08:57:59,Beswick Store,52 Ngalagan Street,Beswick,0852,NT,6,133.116874,-14.561027,PM,PM,15,08520015,True,True,286.0,2.86,,,,,,,250.0,2.5,,,,,,,,,,,,,,,286.0,2.86,,,,,,,250.0,2.5,,,,,,,,,,,,,,,True,True,,,,,,,True,True,,,,,,,,,,,,,,,2,2,"DL, LAF","DL, LAF",LAF,Low Aromatic Fuel,250.0,2.5,286.0,286.0,,,,,,,250.0,250.0,,,,,,,,,,,,,,,False,https://outbackstores.com.au,OK,OK,https://myfuelnt.nt.gov.au/Home/Results?Location=3&FuelCode=ALLD,serverJson:root.FuelOutlet
2026-06-14,2026-06-14 08:57:59,Gulf Mini Mart,153 Robinson Road,Borroloola,0854,NT,6,136.307645,-16.073598,BP,CA,138,08540138,True,True,269.0,2.69,,,,,225.0,2.25,,,,,,,,,,,,,,,,,269.0,2.69,,,,,225.0,2.25,,,,,,,,,,,,,,,,,True,True,,,,,True,True,,,,,,,,,,,,,,,,,2,2,"DL, U91","DL, U91",U91,Unleaded 91,225.0,2.25,269.0,269.0,,,,,225.0,225.0,,,,,,,,,,,,,,,,,False,,OK,OK,https://myfuelnt.nt.gov.au/Home/Results?Location=3&FuelCode=ALLD,serverJson:root.FuelOutlet
2026-06-14,2026-06-14 08:57:59,Heartbreak Hotel,27101 Carpentaria Highway,Borroloola,0854,NT,6,135.726721,-16.683417,BP,BP,146,08540146,True,True,299.0,2.99,,,,,280.0,2.8,,,,,,,,,,,,,,,,,299.0,2.99,,,,,280.0,2.8,,,,,,,,,,,,,,,,,True,True,,,,,True,True,,,,,,,,,,,,,,,,,2,2,"DL, U91","DL, U91",U91,Unleaded 91,280.0,2.8,299.0,299.0,,,,,280.0,280.0,,,,,,,,,,,,,,,,,False,http://www.heartbreakhotel.com.au,OK,OK,https://myfuelnt.nt.gov.au/Home/Results?Location=3&FuelCode=ALLD,serverJson:root.FuelOutlet
2026-06-14,2026-06-14 08:57:59,Malandari Store,ENTRY BY PERMIT ONLY. 330 Robinson Rd,Borroloola,0854,NT,6,136.307327,-16.057088,UN,UN,9,08540009,True,True,245.0,2.45,,,,,,,213.0,2.13,,,,,,,,,,,,,,,245.0,2.45,,,,,,,213.0,2.13,,,,,,,,,,,,,,,True,True,,,,,,,True,True,,,,,,,,,,,,,,,2,2,"DL, LAF","DL, LAF",LAF,Low Aromatic Fuel,213.0,2.13,245.0,245.0,,,,,,,213.0,213.0,,,,,,,,,,,,,,,False,https://www.alpa.asn.au,OK,OK,https://myfuelnt.nt.gov.au/Home/Results?Location=3&FuelCode=ALLD,serverJson:root.FuelOutlet
2026-06-14,2026-06-14 08:57:59,TJS One Stop,Lot 535 & 796 Robinson Rd,Borroloola,0854,NT,6,136.306301,-16.05368,UN,UN,28,08540028,True,True,245.0,2.45,,,,,213.0,2.13,,,,,,,,,,,,,,,,,245.0,2.45,,,,,213.0,2.13,,,,,,,,,,,,,,,,,True,True,,,,,True,True,,,False,False,,,,,,,,,,,,,3,2,"DL, P95, U91","DL, U91",U91,Unleaded 91,213.0,2.13,245.0,245.0,,,,,213.0,213.0,,,246.0,246.0,,,,,,,,,,,,,False,,OK,OK,https://myfuelnt.nt.gov.au/Home/Results?Location=3&FuelCode=ALLD,serverJson:root.FuelOutlet
2026-06-14,2026-06-14 08:57:59,Alice Springs Depot,12 Dalgety Road,Braitling,0870,NT,4,133.864862,-23.669213,OR,PM,204,08700204,True,True,222.5,2.225,,,,,,,204.5,2.045,,,225.9,2.259,,,,,,,,,,,222.5,2.225,,,,,,,204.5,2.045,,,225.9,2.259,,,,,,,,,,,True,True,,,,,,,True,True,,,True,True,,,,,,,,,,,3,3,"DL, LAF, P98","DL, LAF, P98",LAF,Low Aromatic Fuel,204.5,2.045,222.5,222.5,,,,,,,204.5,204.5,,,225.9,225.9,,,,,,,,,,,False,https://www.otr.com.au,OK,OK,https://myfuelnt.nt.gov.au/Home/Results?Location=3&FuelCode=ALLD,serverJson:root.FuelOutlet
2026-06-14,2026-06-14 08:57:59,Gulin Gulin Store,Bulman via Central Arnhem Highway NT,Bulman,0852,NT,6,134.333928,-13.665901,PM,PM,25,08520025,True,True,272.0,2.72,,,,,,,260.0,2.6,,,,,,,,,,,,,,,272.0,2.72,,,,,,,260.0,2.6,,,,,,,,,,,,,,,True,True,,,,,,,True,True,,,,,,,,,,,,,,,2,2,"DL, LAF","DL, LAF",LAF,Low Aromatic Fuel,260.0,2.6,272.0,272.0,,,,,,,260.0,260.0,,,,,,,,,,,,,,,False,https://outbackstores.com.au,OK,OK,https://myfuelnt.nt.gov.au/Home/Results?Location=3&FuelCode=ALLD,serverJson:root.FuelOutlet
2026-06-14,2026-06-14 08:57:59,Independent Sandpalms Tropical Resort,Lot 29 Bynoe Haven Rd,Bynoe Haven,0822,NT,2,130.615763,-12.81274,IN,IN,1,08220001,True,True,255.0,2.55,,,,,198.0,1.98,,,,,,,,,,,,,,,,,255.0,2.55,,,,,198.0,1.98,,,,,,,,,,,,,,,,,True,True,,,,,True,True,,,,,,,,,,,,,,,,,2,2,"DL, U91","DL, U91",U91,Unleaded 91,198.0,1.98,255.0,255.0,,,,,198.0,198.0,,,,,,,,,,,,,,,,,False,,OK,OK,https://myfuelnt.nt.gov.au/Home/Results?Location=3&FuelCode=ALLD,serverJson:root.FuelOutlet
2026-06-14,2026-06-14 08:57:59,Solo Casuarina,"247 Trower Road, Cnr Dripstone Casuarina 0810",CASUARINA,0810,NT,3,130.882005,-12.376822,SO,SO,41,08100041,True,True,189.5,1.895,191.5,1.915,,,165.5,1.655,,,174.5,1.745,194.5,1.945,,,,,,,,,,,189.5,1.895,191.5,1.915,,,165.5,1.655,,,174.5,1.745,194.5,1.945,,,,,,,,,,,True,True,True,True,,,True,True,,,True,True,True,True,,,,,,,,,,,5,5,"DL, P95, P98, PD, U91","DL, P95, P98, PD, U91",U91,Unleaded 91,165.5,1.655,189.5,189.5,191.5,191.5,,,165.5,165.5,,,174.5,174.5,194.5,194.5,,,,,,,,,,,False,,OK,OK,https://myfuelnt.nt.gov.au/Home/Results?Location=3&FuelCode=ALLD,serverJson:root.FuelOutlet
2026-06-14,2026-06-14 08:57:59,Cooinda Lodge Kakadu Service Station,Lot 341580,COOINDA,0886,NT,1,132.521309,-12.905407,BP,PM,103,08860103,True,True,290.0,2.9,,,,,,,232.0,2.32,244.0,2.44,,,,,,,,,,,,,290.0,2.9,,,,,,,232.0,2.32,244.0,2.44,,,,,,,,,,,,,True,True,,,,,,,True,True,True,True,,,,,,,,,,,,,3,3,"DL, LAF, P95","DL, LAF, P95",LAF,Low Aromatic Fuel,232.0,2.32,290.0,290.0,,,,,,,232.0,232.0,244.0,244.0,,,,,,,,,,,,,False,https://www.kakadutourism.com,OK,OK,https://myfuelnt.nt.gov.au/Home/Results?Location=3&FuelCode=ALLD,serverJson:root.FuelOutlet
2026-06-14,2026-06-14 08:57:59,Caltex Coolalinga,465 Stuart Highway,COOLALINGA,0835,NT,2,131.04365,-12.52364,CA,PM,29,08350029,True,True,,,197.9,1.979,,,176.9,1.7690000000000001,,,192.9,1.929,,,,,,,,,,,,,,,197.9,1.979,,,176.9,1.7690000000000001,,,192.9,1.929,,,,,,,,,,,,,,,True,True,,,True,True,,,True,True,,,,,,,,,,,,,3,3,"P95, PD, U91","P95, PD, U91",U91,Unleaded 91,176.9,1.7690000000000001,,,197.9,197.9,,,176.9,176.9,,,192.9,192.9,,,,,,,,,,,,,False,https://www.pumaenergy.com.au,OK,OK,https://myfuelnt.nt.gov.au/Home/Results?Location=3&FuelCode=ALLD,serverJson:root.FuelOutlet
2026-06-14,2026-06-14 08:57:59,SHELL REDDY EXPRESS COOLALINGA,425 STUART HWY,COOLALINGA,0839,NT,2,131.04209,-12.52248,C3,C3,34,08390034,True,True,196.9,1.969,,,,,175.9,1.7590000000000001,,,185.9,1.859,,,,,,,,,,,,,196.9,1.969,,,,,175.9,1.7590000000000001,,,185.9,1.859,,,,,,,,,,,,,True,True,,,,,True,True,,,True,True,,,,,,,,,,,,,3,3,"DL, P95, U91","DL, P95, U91",U91,Unleaded 91,175.9,1.7590000000000001,196.9,196.9,,,,,175.9,175.9,,,185.9,185.9,,,,,,,,,,,,,False,https://www.colesexpress.com.au/,OK,OK,https://myfuelnt.nt.gov.au/Home/Results?Location=3&FuelCode=ALLD,serverJson:root.FuelOutlet
2026-06-14,2026-06-14 08:57:59,UNITED COOLALINGA PIEFACE & ROADHOUSE,Lot 2 420 Stuart Hwy,COOLALINGA,0839,NT,2,131.040123,-12.522443,UN,UN,62,08390062,True,True,196.9,1.969,198.9,1.989,,,175.9,1.7590000000000001,,,191.9,1.919,220.9,2.209,,,,,,,,,,,196.9,1.969,198.9,1.989,,,175.9,1.7590000000000001,,,191.9,1.919,220.9,2.209,,,,,,,,,,,True,True,True,True,,,True,True,,,True,True,True,True,,,,,,,,,,,5,5,"DL, P95, P98, PD, U91","DL, P95, P98, PD, U91",U91,Unleaded 91,175.9,1.7590000000000001,196.9,196.9,198.9,198.9,,,175.9,175.9,,,191.9,191.9,220.9,220.9,,,,,,,,,,,False,https://www.unitedpetroleum.com.au,OK,OK,https://myfuelnt.nt.gov.au/Home/Results?Location=3&FuelCode=ALLD,serverJson:root.FuelOutlet
2026-06-14,2026-06-14 08:57:59,Canteen Creek Store,Lot 48 Canteen Creek Davenport Ranges,Canteen Creek,0872,NT,5,135.585732,-20.644573,PM,PM,26,08720026,True,True,295.0,2.95,,,,,,,285.0,2.85,,,,,,,,,,,,,,,295.0,2.95,,,,,,,285.0,2.85,,,,,,,,,,,,,,,True,True,,,,,,,True,True,,,,,,,,,,,,,,,2,2,"DL, LAF","DL, LAF",LAF,Low Aromatic Fuel,285.0,2.85,295.0,295.0,,,,,,,285.0,285.0,,,,,,,,,,,,,,,False,https://outbackstores.com.au,OK,OK,https://myfuelnt.nt.gov.au/Home/Results?Location=3&FuelCode=ALLD,serverJson:root.FuelOutlet
2026-06-14,2026-06-14 08:57:59,EG Ampol Casuarina,283 Trower Road,Casuarina,0810,NT,3,130.8837,-12.37214,EA,EA,49,08100049,True,True,,,191.9,1.919,,,165.9,1.659,,,177.9,1.7790000000000001,,,,,,,,,,,,,,,191.9,1.919,,,165.9,1.659,,,177.9,1.7790000000000001,,,,,,,,,,,,,,,True,True,,,True,True,,,True,True,,,,,,,,,,,,,3,3,"P95, PD, U91","P95, PD, U91",U91,Unleaded 91,165.9,1.659,,,191.9,191.9,,,165.9,165.9,,,177.9,177.9,,,,,,,,,,,,,False,https://www.woolworths.com.au/Shop/Discover/petrol,OK,OK,https://myfuelnt.nt.gov.au/Home/Results?Location=3&FuelCode=ALLD,serverJson:root.FuelOutlet
2026-06-14,2026-06-14 08:57:59,S24 Casuarina Cityway,274 Trower Road,Casuarina,0810,NT,3,130.883836,-12.373514,OR,OR,85,08100085,True,True,,,189.9,1.899,,,165.9,1.659,,,183.4,1.834,194.9,1.949,,,,,,,,,,,,,189.9,1.899,,,165.9,1.659,,,183.4,1.834,194.9,1.949,,,,,,,,,,,,,True,True,,,True,True,,,True,True,True,True,,,,,,,,,,,4,4,"P95, P98, PD, U91","P95, P98, PD, U91",U91,Unleaded 91,165.9,1.659,,,189.9,189.9,,,165.9,165.9,,,183.4,183.4,194.9,194.9,,,,,,,,,,,False,https://www.otr.com.au,OK,OK,https://myfuelnt.nt.gov.au/Home/Results?Location=3&FuelCode=ALLD,serverJson:root.FuelOutlet
2026-06-14,2026-06-14 08:57:59,Alice Springs OPT,4 Dowdy Court,Ciccone,0870,NT,4,133.86375,-23.69296,MO,IN,228,08700228,True,True,219.5,2.195,,,,,,,,,,,,,,,,,,,,,,,219.5,2.195,,,,,,,,,,,,,,,,,,,,,,,True,True,,,,,,,,,,,,,,,,,,,,,,,1,1,DL,DL,DL,Diesel,219.5,2.195,219.5,219.5,,,,,,,,,,,,,,,,,,,,,,,False,www.mogasregional.com.au,OK,OK,https://myfuelnt.nt.gov.au/Home/Results?Location=3&FuelCode=ALLD,serverJson:root.FuelOutlet
2026-06-14,2026-06-14 08:57:59,BP Coconut Grove,331 Bagot Road,Coconut Grove,0810,NT,3,130.85574,-12.394908,BP,BP,222,08100222,True,True,193.9,1.939,,,,,168.9,1.689,,,178.9,1.7890000000000001,190.9,1.909,,,,,,,,,,,193.9,1.939,,,,,168.9,1.689,,,178.9,1.7890000000000001,190.9,1.909,,,,,,,,,,,True,True,,,,,True,True,,,True,True,True,True,,,,,,,,,,,4,4,"DL, P95, P98, U91","DL, P95, P98, U91",U91,Unleaded 91,168.9,1.689,193.9,193.9,,,,,168.9,168.9,,,178.9,178.9,190.9,190.9,,,,,,,,,,,False,,OK,OK,https://myfuelnt.nt.gov.au/Home/Results?Location=3&FuelCode=ALLD,serverJson:root.FuelOutlet
2026-06-14,2026-06-14 08:57:59,UNITED COCONUT GROVE (BAGOT ROAD) PIEFACE,253 Bagot Road,Coconut Grove,0810,NT,3,130.855703,-12.402207,UN,UN,59,08100059,True,True,191.9,1.919,,,,,167.9,1.679,,,183.9,1.839,,,,,,,,,,,,,191.9,1.919,,,,,167.9,1.679,,,183.9,1.839,,,,,,,,,,,,,True,True,,,,,True,True,,,True,True,,,,,,,,,,,,,3,3,"DL, P95, U91","DL, P95, U91",U91,Unleaded 91,167.9,1.679,191.9,191.9,,,,,167.9,167.9,,,183.9,183.9,,,,,,,,,,,,,False,https://www.unitedpetroleum.com.au,OK,OK,https://myfuelnt.nt.gov.au/Home/Results?Location=3&FuelCode=ALLD,serverJson:root.FuelOutlet
2026-06-14,2026-06-14 08:57:59,EG Ampol Coolalinga,20 Henning Road,Coolalinga,0836,NT,2,131.042567,-12.524825,EA,EA,50,08360050,True,True,,,196.9,1.969,,,175.9,1.7590000000000001,,,187.9,1.879,,,,,,,,,,,,,,,196.9,1.969,,,175.9,1.7590000000000001,,,187.9,1.879,,,,,,,,,,,,,,,True,True,,,True,True,,,True,True,,,,,,,,,,,,,3,3,"P95, PD, U91","P95, PD, U91",U91,Unleaded 91,175.9,1.7590000000000001,,,196.9,196.9,,,175.9,175.9,,,187.9,187.9,,,,,,,,,,,,,False,https://www.woolworths.com.au/Shop/Discover/petrol,OK,OK,https://myfuelnt.nt.gov.au/Home/Results?Location=3&FuelCode=ALLD,serverJson:root.FuelOutlet
2026-06-14,2026-06-14 08:57:59,SHELL REDDY EXPRESS DARWIN CITY,37 DALY ST,DARWIN,0800,NT,3,130.838773,-12.454479,C3,C3,39,08000039,True,True,189.9,1.899,,,,,165.9,1.659,,,175.9,1.7590000000000001,,,,,,,,,,,,,189.9,1.899,,,,,165.9,1.659,,,175.9,1.7590000000000001,,,,,,,,,,,,,True,True,,,,,True,True,,,True,True,,,,,,,,,,,,,3,3,"DL, P95, U91","DL, P95, U91",U91,Unleaded 91,165.9,1.659,189.9,189.9,,,,,165.9,165.9,,,175.9,175.9,,,,,,,,,,,,,False,https://www.colesexpress.com.au/,OK,OK,https://myfuelnt.nt.gov.au/Home/Results?Location=3&FuelCode=ALLD,serverJson:root.FuelOutlet
2026-06-14,2026-06-14 08:57:59,Daly River Inn,Daly River Road,Daly River,0822,NT,1,130.709128,-13.765407,PM,PM,174,08220174,True,True,,,,,,,,,,,,,,,,,,,,,,,,,,,,,,,,,,,,,,,,,,,,,,,,,False,False,,,,,False,False,,,,,,,,,,,,,,,,,2,0,"DL, U91",,,,,,245.0,245.0,,,,,215.0,215.0,,,,,,,,,,,,,,,,,False,https://dalyriverinn.com.au,OK,OK,https://myfuelnt.nt.gov.au/Home/Results?Location=3&FuelCode=ALLD,serverJson:root.FuelOutlet
2026-06-14,2026-06-14 08:57:59,Nauiyu Store,Lot 88 Nauiyu - 1 Main Street,Daly River,0822,NT,1,130.690265,-13.75048,PM,PM,10,08220010,True,True,265.0,2.65,,,,,,,225.0,2.25,,,,,,,,,,,,,,,265.0,2.65,,,,,,,225.0,2.25,,,,,,,,,,,,,,,True,True,,,,,,,True,True,,,,,,,,,,,,,,,2,2,"DL, LAF","DL, LAF",LAF,Low Aromatic Fuel,225.0,2.25,265.0,265.0,,,,,,,225.0,225.0,,,,,,,,,,,,,,,False,https://www.outbackstores.com.au,OK,OK,https://myfuelnt.nt.gov.au/Home/Results?Location=3&FuelCode=ALLD,serverJson:root.FuelOutlet
2026-06-14,2026-06-14 08:57:59,Daly Waters Hi-Way Inn,Cnr Stuart Highway and Carpentaria Highway,Daly Waters,0852,NT,6,133.385469,-16.307701,PM,PM,140,08520140,True,True,273.9,2.739,,,,,,,205.9,2.059,,,,,,,,,,,,,,,273.9,2.739,,,,,,,205.9,2.059,,,,,,,,,,,,,,,True,True,,,,,,,True,True,,,,,,,,,,,,,,,2,2,"DL, LAF","DL, LAF",LAF,Low Aromatic Fuel,205.9,2.059,273.9,273.9,,,,,,,205.9,205.9,,,,,,,,,,,,,,,False,http://dalywaters-hi-wayinn.webs.com,OK,OK,https://myfuelnt.nt.gov.au/Home/Results?Location=3&FuelCode=ALLD,serverJson:root.FuelOutlet
2026-06-14,2026-06-14 08:57:59,Daly Waters Pub,Lot 24 Stuart Street,Daly Waters,0852,NT,6,133.369345,-16.253798,PM,PM,180,08520180,True,True,273.9,2.739,,,,,,,,,259.9,2.5989999999999998,,,,,,,,,,,,,273.9,2.739,,,,,,,,,259.9,2.5989999999999998,,,,,,,,,,,,,True,True,,,,,,,False,False,True,True,,,,,,,,,,,,,3,2,"DL, LAF, P95","DL, P95",P95,Premium 95,259.9,2.5989999999999998,273.9,273.9,,,,,,,205.9,205.9,259.9,259.9,,,,,,,,,,,,,False,http://www.dalywaterspub.com,OK,OK,https://myfuelnt.nt.gov.au/Home/Results?Location=3&FuelCode=ALLD,serverJson:root.FuelOutlet
2026-06-14,2026-06-14 08:57:59,UNITED DARWIN (SMITH STREET) PIEFACE,103 Smith Street,Darwin,0800,NT,3,130.836149,-12.458111,UN,UN,60,08000060,True,True,189.9,1.899,,,,,165.9,1.659,,,181.9,1.819,210.9,2.109,,,,,,,,,,,189.9,1.899,,,,,165.9,1.659,,,181.9,1.819,210.9,2.109,,,,,,,,,,,True,True,,,,,True,True,,,True,True,True,True,,,,,,,,,,,4,4,"DL, P95, P98, U91","DL, P95, P98, U91",U91,Unleaded 91,165.9,1.659,189.9,189.9,,,,,165.9,165.9,,,181.9,181.9,210.9,210.9,,,,,,,,,,,False,https://www.unitedpetroleum.com.au,OK,OK,https://myfuelnt.nt.gov.au/Home/Results?Location=3&FuelCode=ALLD,serverJson:root.FuelOutlet
2026-06-14,2026-06-14 08:57:59,Darwin River Supermarket,175 Darwin River Road,Darwin River,0841,NT,2,130.962569,-12.780692,AF,AF,168,08410168,True,True,199.9,1.999,,,,,185.9,1.859,,,,,,,,,,,,,,,,,199.9,1.999,,,,,185.9,1.859,,,,,,,,,,,,,,,,,True,True,,,,,True,True,,,,,,,,,,,,,,,,,2,2,"DL, U91","DL, U91",U91,Unleaded 91,185.9,1.859,199.9,199.9,,,,,185.9,185.9,,,,,,,,,,,,,,,,,False,https://darwinrivertavern.com.au,OK,OK,https://myfuelnt.nt.gov.au/Home/Results?Location=3&FuelCode=ALLD,serverJson:root.FuelOutlet
2026-06-14,2026-06-14 08:57:59,Devils Marbles Hotel,11275 Stuart Highway,Davenport,0872,NT,5,134.222481,-20.640889,BP,BP,129,08720129,True,True,340.0,3.4,,,,,,,285.0,2.85,,,,,,,,,,,,,,,340.0,3.4,,,,,,,285.0,2.85,,,,,,,,,,,,,,,True,True,,,,,,,True,True,,,,,,,,,,,,,,,2,2,"DL, LAF","DL, LAF",LAF,Low Aromatic Fuel,285.0,2.85,340.0,340.0,,,,,,,285.0,285.0,,,,,,,,,,,,,,,False,http://www.devilsmarbleshotel.com.au,OK,OK,https://myfuelnt.nt.gov.au/Home/Results?Location=3&FuelCode=ALLD,serverJson:root.FuelOutlet
2026-06-14,2026-06-14 08:57:59,Independent Epenarra Store,Epenarra/Murray Downs Road,Davenport,0871,NT,5,135.262611,-20.443972,IN,PM,119,08710119,True,True,293.0,2.93,,,,,,,269.0,2.69,,,,,,,,,,,,,,,293.0,2.93,,,,,,,269.0,2.69,,,,,,,,,,,,,,,True,True,,,,,,,True,True,,,,,,,,,,,,,,,2,2,"DL, LAF","DL, LAF",LAF,Low Aromatic Fuel,269.0,2.69,293.0,293.0,,,,,,,269.0,269.0,,,,,,,,,,,,,,,False,,OK,OK,https://myfuelnt.nt.gov.au/Home/Results?Location=3&FuelCode=ALLD,serverJson:root.FuelOutlet
2026-06-14,2026-06-14 08:57:59,Douglas Daly Holiday Park,Portion 3360 Oolloo Road,Douglas Daly,0822,NT,1,131.370842,-13.546532,PM,PM,2,08220002,True,True,,,,,,,,,,,,,,,,,,,,,,,,,,,,,,,,,,,,,,,,,,,,,,,,,False,False,,,,,,,False,False,,,,,,,,,,,,,,,2,0,"DL, LAF",,,,,,245.0,245.0,,,,,,,230.0,230.0,,,,,,,,,,,,,,,False,https://www.douglasdalypark.com.au,OK,OK,https://myfuelnt.nt.gov.au/Home/Results?Location=3&FuelCode=ALLD,serverJson:root.FuelOutlet
2026-06-14,2026-06-14 08:57:59,Independent The Lodge of Dundee,20 Dundee Place,Dundee Beach,0840,NT,1,130.349783,-12.717801,IN,PM,137,08400137,True,True,216.9,2.169,,,,,197.9,1.979,,,,,,,,,,,,,,,,,216.9,2.169,,,,,197.9,1.979,,,,,,,,,,,,,,,,,True,True,,,,,True,True,,,,,,,,,,,,,,,,,2,2,"DL, U91","DL, U91",U91,Unleaded 91,197.9,1.979,216.9,216.9,,,,,197.9,197.9,,,,,,,,,,,,,,,,,False,http://www.thelodgeofdundee.com.au,OK,OK,https://myfuelnt.nt.gov.au/Home/Results?Location=3&FuelCode=ALLD,serverJson:root.FuelOutlet
2026-06-14,2026-06-14 08:57:59,Independent Engawala Store,"Lot 35, Webb Street",ENGAWALA,0872,NT,4,134.454302,-22.803378,IN,PM,225,08720225,True,True,319.0,3.19,,,,,,,310.0,3.1,,,,,,,,,,,,,,,319.0,3.19,,,,,,,310.0,3.1,,,,,,,,,,,,,,,True,True,,,,,,,True,True,,,,,,,,,,,,,,,2,2,"DL, LAF","DL, LAF",LAF,Low Aromatic Fuel,310.0,3.1,319.0,319.0,,,,,,,310.0,310.0,,,,,,,,,,,,,,,False,,OK,OK,https://myfuelnt.nt.gov.au/Home/Results?Location=3&FuelCode=ALLD,serverJson:root.FuelOutlet
2026-06-14,2026-06-14 08:57:59,Ampol Foodary Eaton,Cnr McMillans Rd & Neale St,Eaton,0820,NT,3,130.86025,-12.39749,AM,AM,57,08200057,True,True,,,194.9,1.949,,,168.9,1.689,,,185.9,1.859,207.9,2.079,,,,,,,,,,,,,194.9,1.949,,,168.9,1.689,,,185.9,1.859,207.9,2.079,,,,,,,,,,,,,True,True,,,True,True,,,True,True,True,True,,,,,,,,,,,4,4,"P95, P98, PD, U91","P95, P98, PD, U91",U91,Unleaded 91,168.9,1.689,,,194.9,194.9,,,168.9,168.9,,,185.9,185.9,207.9,207.9,,,,,,,,,,,False,https://www.ampol.com.au,OK,OK,https://myfuelnt.nt.gov.au/Home/Results?Location=3&FuelCode=ALLD,serverJson:root.FuelOutlet
2026-06-14,2026-06-14 08:57:59,Independent Midland Caravan Park,102 Stuart Highway,Elliott,0862,NT,5,133.548101,-17.555759,IN,CA,188,08620188,True,True,365.0,3.65,,,,,275.0,2.75,,,310.0,3.1,,,,,,,,,,,,,365.0,3.65,,,,,275.0,2.75,,,310.0,3.1,,,,,,,,,,,,,True,True,,,,,True,True,,,True,True,,,,,,,,,,,,,3,3,"DL, P95, U91","DL, P95, U91",U91,Unleaded 91,275.0,2.75,365.0,365.0,,,,,275.0,275.0,,,310.0,310.0,,,,,,,,,,,,,False,,OK,OK,https://myfuelnt.nt.gov.au/Home/Results?Location=3&FuelCode=ALLD,serverJson:root.FuelOutlet
2026-06-14,2026-06-14 08:57:59,MOBIL Perrys Elliott,53 Stuart Highway,Elliott,0860,NT,5,133.551676,-17.558353,MB,MB,234,08600234,True,True,299.9,2.9989999999999997,,,,,,,,,,,,,,,,,,,,,,,299.9,2.9989999999999997,,,,,,,,,,,,,,,,,,,,,,,True,True,,,,,,,,,,,,,,,,,,,,,,,1,1,DL,DL,DL,Diesel,299.9,2.9989999999999997,299.9,299.9,,,,,,,,,,,,,,,,,,,,,,,False,https://www.perrys.com.au,OK,OK,https://myfuelnt.nt.gov.au/Home/Results?Location=3&FuelCode=ALLD,serverJson:root.FuelOutlet
2026-06-14,2026-06-14 08:57:59,The Elliott Store NT,83 Stuart Highway,Elliott,0862,NT,5,133.54445,-17.553517,BP,BP,171,08620171,True,True,265.0,2.65,,,,,243.0,2.43,,,253.0,2.53,,,,,,,,,,,,,265.0,2.65,,,,,243.0,2.43,,,253.0,2.53,,,,,,,,,,,,,True,True,,,,,True,True,,,True,True,,,,,,,,,,,,,3,3,"DL, P95, U91","DL, P95, U91",U91,Unleaded 91,243.0,2.43,265.0,265.0,,,,,243.0,243.0,,,253.0,253.0,,,,,,,,,,,,,False,https://www.elliottstore.com.au,OK,OK,https://myfuelnt.nt.gov.au/Home/Results?Location=3&FuelCode=ALLD,serverJson:root.FuelOutlet
2026-06-14,2026-06-14 08:57:59,Katherine Depot,40 Emungalan Road,Emungalan,0850,NT,6,132.249913,-14.448127,OR,PM,203,08500203,True,True,195.9,1.959,,,,,,,,,,,,,,,,,,,,,,,195.9,1.959,,,,,,,,,,,,,,,,,,,,,,,True,True,,,,,,,,,,,,,,,,,,,,,,,1,1,DL,DL,DL,Diesel,195.9,1.959,195.9,195.9,,,,,,,,,,,,,,,,,,,,,,,False,https://www.otr.com.au,OK,OK,https://myfuelnt.nt.gov.au/Home/Results?Location=3&FuelCode=ALLD,serverJson:root.FuelOutlet
2026-06-14,2026-06-14 08:57:59,OTR Fannie Bay,88 Ross Smith Avenue,Fannie Bay,0820,NT,3,130.839007,-12.424795,OR,OR,78,08200078,True,True,,,191.9,1.919,,,167.9,1.679,,,185.4,1.854,194.9,1.949,,,,,,,,,,,,,191.9,1.919,,,167.9,1.679,,,185.4,1.854,194.9,1.949,,,,,,,,,,,,,True,True,,,True,True,,,True,True,True,True,,,,,,,,,,,4,4,"P95, P98, PD, U91","P95, P98, PD, U91",U91,Unleaded 91,167.9,1.679,,,191.9,191.9,,,167.9,167.9,,,185.4,185.4,194.9,194.9,,,,,,,,,,,False,https://otr.com.au,OK,OK,https://myfuelnt.nt.gov.au/Home/Results?Location=3&FuelCode=ALLD,serverJson:root.FuelOutlet
2026-06-14,2026-06-14 08:57:59,Independent Mainoru Store,Central Arnhem Road,Flying Fox,0852,NT,6,133.963894,-13.952403,IN,IN,108,08520108,True,True,295.0,2.95,,,,,,,,,270.0,2.7,,,,,,,,,,,,,295.0,2.95,,,,,,,,,270.0,2.7,,,,,,,,,,,,,True,True,,,,,,,,,True,True,,,,,,,,,,,,,2,2,"DL, P95","DL, P95",P95,Premium 95,270.0,2.7,295.0,295.0,,,,,,,,,270.0,270.0,,,,,,,,,,,,,False,,OK,OK,https://myfuelnt.nt.gov.au/Home/Results?Location=3&FuelCode=ALLD,serverJson:root.FuelOutlet
2026-06-14,2026-06-14 08:57:59,Independent ELCHO FUEL,561 Galawarra Road,GALIWINKU,0822,NT,7,135.568356,-12.030372,IN,PM,107,08220107,True,True,350.0,3.5,,,,,,,370.0,3.7,,,,,,,,,,,,,,,350.0,3.5,,,,,,,370.0,3.7,,,,,,,,,,,,,,,True,True,,,,,,,True,True,,,,,,,,,,,,,,,2,2,"DL, LAF","DL, LAF",DL,Diesel,350.0,3.5,350.0,350.0,,,,,,,370.0,370.0,,,,,,,,,,,,,,,False,,OK,OK,https://myfuelnt.nt.gov.au/Home/Results?Location=3&FuelCode=ALLD,serverJson:root.FuelOutlet
2026-06-14,2026-06-14 08:57:59,East Arnhem Regional Council Fuel Distribution Service Station,Lot 101 Gapuwiyak Road,Gapuwiyak,0880,NT,7,135.803116,-12.502206,PM,PM,133,08800133,True,True,369.0,3.69,,,,,,,378.0,3.78,,,,,,,,,,,,,,,369.0,3.69,,,,,,,378.0,3.78,,,,,,,,,,,,,,,True,True,,,,,,,True,True,,,,,,,,,,,,,,,2,2,"DL, LAF","DL, LAF",DL,Diesel,369.0,3.69,369.0,369.0,,,,,,,378.0,378.0,,,,,,,,,,,,,,,False,,OK,OK,https://myfuelnt.nt.gov.au/Home/Results?Location=3&FuelCode=ALLD,serverJson:root.FuelOutlet
2026-06-14,2026-06-14 08:57:59,Erldunda Desert Oaks,19668 Stuart Highway,Ghan,0872,NT,4,133.201056,-25.197583,SH,SH,147,08720147,True,True,307.0,3.07,,,,,,,272.0,2.72,,,292.0,2.92,,,,,,,,,,,307.0,3.07,,,,,,,272.0,2.72,,,292.0,2.92,,,,,,,,,,,True,True,,,,,,,True,True,,,True,True,,,,,,,,,,,3,3,"DL, LAF, P98","DL, LAF, P98",LAF,Low Aromatic Fuel,272.0,2.72,307.0,307.0,,,,,,,272.0,272.0,,,292.0,292.0,,,,,,,,,,,False,http://erldundaroadhouse.com,OK,OK,https://myfuelnt.nt.gov.au/Home/Results?Location=3&FuelCode=ALLD,serverJson:root.FuelOutlet
2026-06-14,2026-06-14 08:57:59,Stuarts Well Roadhouse,8864 Stuart Highway,HUGH,0872,NT,4,133.458759,-24.340135,AM,AM,154,08720154,True,True,306.0,3.06,,,,,272.0,2.72,,,300.0,3.0,,,,,,,,,,,,,306.0,3.06,,,,,272.0,2.72,,,300.0,3.0,,,,,,,,,,,,,True,True,,,,,True,True,,,True,True,,,,,,,,,,,,,3,3,"DL, P95, U91","DL, P95, U91",U91,Unleaded 91,272.0,2.72,306.0,306.0,,,,,272.0,272.0,,,300.0,300.0,,,,,,,,,,,,,False,http://www.stuartswellroadhouse.com.au/,OK,OK,https://myfuelnt.nt.gov.au/Home/Results?Location=3&FuelCode=ALLD,serverJson:root.FuelOutlet
2026-06-14,2026-06-14 08:57:59,UNITED HUMPTY DOO,340 Arnhem Highway,HUMPTY DOO,0836,NT,2,131.10414,-12.572874,UN,UN,64,08360064,True,True,196.9,1.969,,,,,175.9,1.7590000000000001,,,191.9,1.919,,,,,,,,,,,,,196.9,1.969,,,,,175.9,1.7590000000000001,,,191.9,1.919,,,,,,,,,,,,,True,True,,,,,True,True,,,True,True,,,,,,,,,,,,,3,3,"DL, P95, U91","DL, P95, U91",U91,Unleaded 91,175.9,1.7590000000000001,196.9,196.9,,,,,175.9,175.9,,,191.9,191.9,,,,,,,,,,,,,False,https://www.unitedpetroleum.com.au,OK,OK,https://myfuelnt.nt.gov.au/Home/Results?Location=3&FuelCode=ALLD,serverJson:root.FuelOutlet
2026-06-14,2026-06-14 08:57:59,Independent Kanparrka Store,23 Multa Road,Haasts Bluff,0872,NT,4,131.881686,-23.447896,IN,IN,166,08720166,True,True,300.0,3.0,,,,,,,290.0,2.9,,,,,,,,,,,,,,,300.0,3.0,,,,,,,290.0,2.9,,,,,,,,,,,,,,,True,True,,,,,,,True,True,,,,,,,,,,,,,,,2,2,"DL, LAF","DL, LAF",LAF,Low Aromatic Fuel,290.0,2.9,300.0,300.0,,,,,,,290.0,290.0,,,,,,,,,,,,,,,False,http://www.maiwiru.org.au,OK,OK,https://myfuelnt.nt.gov.au/Home/Results?Location=3&FuelCode=ALLD,serverJson:root.FuelOutlet
2026-06-14,2026-06-14 08:57:59,Ross River Resort,7829 Ross Highway,Hale,0872,NT,4,134.493035,-23.593343,AF,AF,213,08720213,True,True,280.0,2.8,,,,,,,,,,,,,,,,,,,,,,,280.0,2.8,,,,,,,,,,,,,,,,,,,,,,,True,True,,,,,False,False,,,,,,,,,,,,,,,,,2,1,"DL, U91",DL,DL,Diesel,280.0,2.8,280.0,280.0,,,,,310.0,310.0,,,,,,,,,,,,,,,,,False,http://www.rossriverresort.com.au,OK,OK,https://myfuelnt.nt.gov.au/Home/Results?Location=3&FuelCode=ALLD,serverJson:root.FuelOutlet
2026-06-14,2026-06-14 08:57:59,Independent Atitjere Homelands Store,"Mon to Fri 9am-1pm & 2pm-5pm, Sat 9am-12pm. 123/Lot 16 Mica Road",Harts Range,0872,NT,4,134.935567,-22.984263,IN,IN,136,08720136,True,True,349.0,3.49,,,,,,,,,319.0,3.19,,,,,,,,,,,,,349.0,3.49,,,,,,,,,319.0,3.19,,,,,,,,,,,,,True,True,,,,,,,,,True,True,,,,,,,,,,,,,2,2,"DL, P95","DL, P95",P95,Premium 95,319.0,3.19,349.0,349.0,,,,,,,,,319.0,319.0,,,,,,,,,,,,,False,,OK,OK,https://myfuelnt.nt.gov.au/Home/Results?Location=3&FuelCode=ALLD,serverJson:root.FuelOutlet
2026-06-14,2026-06-14 08:57:59,Independent MacDonald Downs Store,Plenty Highway,Harts Range,0872,NT,4,135.036634,-22.612895,IN,IV,215,08720215,True,True,300.0,3.0,,,,,300.0,3.0,,,,,,,,,,,,,,,,,300.0,3.0,,,,,300.0,3.0,,,,,,,,,,,,,,,,,True,True,,,,,True,True,,,,,,,,,,,,,,,,,2,2,"DL, U91","DL, U91",DL,Diesel,300.0,3.0,300.0,300.0,,,,,300.0,300.0,,,,,,,,,,,,,,,,,False,,OK,OK,https://myfuelnt.nt.gov.au/Home/Results?Location=3&FuelCode=ALLD,serverJson:root.FuelOutlet
2026-06-14,2026-06-14 08:57:59,Independent Ntaria Supermarket and Takeaway,27-28 Tjalkabota Road,Hermannsburg,0872,NT,4,132.779855,-23.942104,IN,IV,97,08720097,True,True,315.0,3.15,,,,,,,281.0,2.81,,,,,,,,,,,,,,,315.0,3.15,,,,,,,281.0,2.81,,,,,,,,,,,,,,,True,True,,,,,,,True,True,,,,,,,,,,,,,,,2,2,"DL, LAF","DL, LAF",LAF,Low Aromatic Fuel,281.0,2.81,315.0,315.0,,,,,,,281.0,281.0,,,,,,,,,,,,,,,False,,OK,OK,https://myfuelnt.nt.gov.au/Home/Results?Location=3&FuelCode=ALLD,serverJson:root.FuelOutlet
2026-06-14,2026-06-14 08:57:59,BP PINELANDS (HZE),869 Stuart Highway,Holtze,0829,NT,2,130.96321,-12.45187,BP,BP,209,08350209,True,True,196.0,1.96,,,,,175.0,1.75,,,185.0,1.85,197.5,1.975,,,,,,,,,,,196.0,1.96,,,,,175.0,1.75,,,185.0,1.85,197.5,1.975,,,,,,,,,,,True,True,,,,,True,True,,,True,True,True,True,,,,,,,,,,,4,4,"DL, P95, P98, U91","DL, P95, P98, U91",U91,Unleaded 91,175.0,1.75,196.0,196.0,,,,,175.0,175.0,,,185.0,185.0,197.5,197.5,,,,,,,,,,,False,,OK,OK,https://myfuelnt.nt.gov.au/Home/Results?Location=3&FuelCode=ALLD,serverJson:root.FuelOutlet
2026-06-14,2026-06-14 08:57:59,EG Ampol Holtze,883 Stuart Highway,Holtze,0835,NT,2,130.965929,-12.454353,EA,EA,55,08350055,True,True,195.9,1.959,197.9,1.979,,,174.9,1.749,,,184.9,1.849,,,,,,,,,,,,,195.9,1.959,197.9,1.979,,,174.9,1.749,,,184.9,1.849,,,,,,,,,,,,,True,True,True,True,,,True,True,,,True,True,,,,,,,,,,,,,4,4,"DL, P95, PD, U91","DL, P95, PD, U91",U91,Unleaded 91,174.9,1.749,195.9,195.9,197.9,197.9,,,174.9,174.9,,,184.9,184.9,,,,,,,,,,,,,False,https://www.woolworths.com.au/Shop/Discover/petrol,OK,OK,https://myfuelnt.nt.gov.au/Home/Results?Location=3&FuelCode=ALLD,serverJson:root.FuelOutlet
2026-06-14,2026-06-14 08:57:59,UNITED HOLTZE PIEFACE,905 Stuart Highway,Holtze,0832,NT,2,130.971118,-12.458593,UN,UN,82,08320082,True,True,195.9,1.959,,,,,174.9,1.749,,,190.9,1.909,219.9,2.199,,,,,,,,,,,195.9,1.959,,,,,174.9,1.749,,,190.9,1.909,219.9,2.199,,,,,,,,,,,True,True,,,,,True,True,,,True,True,True,True,,,,,,,,,,,4,4,"DL, P95, P98, U91","DL, P95, P98, U91",U91,Unleaded 91,174.9,1.749,195.9,195.9,,,,,174.9,174.9,,,190.9,190.9,219.9,219.9,,,,,,,,,,,False,https://www.unitedpetroleum.com.au,OK,OK,https://myfuelnt.nt.gov.au/Home/Results?Location=3&FuelCode=ALLD,serverJson:root.FuelOutlet
2026-06-14,2026-06-14 08:57:59,S24 Howard Springs,150 Whitewood Road,Howard Springs,0835,NT,2,131.031436,-12.49654,OR,OR,79,08350079,True,True,,,197.9,1.979,,,175.9,1.7590000000000001,,,193.4,1.9340000000000002,,,,,,,,,,,,,,,197.9,1.979,,,175.9,1.7590000000000001,,,193.4,1.9340000000000002,,,,,,,,,,,,,,,True,True,,,True,True,,,True,True,,,,,,,,,,,,,3,3,"P95, PD, U91","P95, PD, U91",U91,Unleaded 91,175.9,1.7590000000000001,,,197.9,197.9,,,175.9,175.9,,,193.4,193.4,,,,,,,,,,,,,False,https://otr.com.au,OK,OK,https://myfuelnt.nt.gov.au/Home/Results?Location=3&FuelCode=ALLD,serverJson:root.FuelOutlet
2026-06-14,2026-06-14 08:57:59,S24 Humpty Doo,"Lot 2, 600 Arnhem Highway",Humpty Doo,0836,NT,2,131.127682,-12.578209,OR,OR,87,08360087,True,True,,,197.9,1.979,,,175.9,1.7590000000000001,,,193.4,1.9340000000000002,204.9,2.049,,,,,,,,,,,,,197.9,1.979,,,175.9,1.7590000000000001,,,193.4,1.9340000000000002,204.9,2.049,,,,,,,,,,,,,True,True,,,True,True,,,True,True,True,True,,,,,,,,,,,4,4,"P95, P98, PD, U91","P95, P98, PD, U91",U91,Unleaded 91,175.9,1.7590000000000001,,,197.9,197.9,,,175.9,175.9,,,193.4,193.4,204.9,204.9,,,,,,,,,,,False,https://www.otr.com.au,OK,OK,https://myfuelnt.nt.gov.au/Home/Results?Location=3&FuelCode=ALLD,serverJson:root.FuelOutlet
2026-06-14,2026-06-14 08:57:59,Independent Imanpa General Store,"6 Mumu Street, Imanpa",Imanpa Community,0872,NT,4,132.571464,-25.128982,IN,IN,231,08720231,True,True,310.0,3.1,,,,,,,,,,,,,,,,,,,,,,,310.0,3.1,,,,,,,,,,,,,,,,,,,,,,,True,True,,,,,,,,,,,,,,,,,,,,,,,1,1,DL,DL,DL,Diesel,310.0,3.1,310.0,310.0,,,,,,,,,,,,,,,,,,,,,,,False,,OK,OK,https://myfuelnt.nt.gov.au/Home/Results?Location=3&FuelCode=ALLD,serverJson:root.FuelOutlet
2026-06-14,2026-06-14 08:57:59,Ausfuel Jabiru,1 Lakeside Drive,Jabiru,0886,NT,1,132.834532,-12.670233,AF,AF,114,08860114,True,True,248.6,2.4859999999999998,,,,,,,247.6,2.476,265.0,2.65,315.0,3.15,,,,,,,,,,,248.6,2.4859999999999998,,,,,,,247.6,2.476,265.0,2.65,315.0,3.15,,,,,,,,,,,True,True,,,,,,,True,True,True,True,True,True,,,,,,,,,,,4,4,"DL, LAF, P95, P98","DL, LAF, P95, P98",LAF,Low Aromatic Fuel,247.6,2.476,248.6,248.6,,,,,,,247.6,247.6,265.0,265.0,315.0,315.0,,,,,,,,,,,False,https://www.bp.com/en_au/australia/home.html,OK,OK,https://myfuelnt.nt.gov.au/Home/Results?Location=3&FuelCode=ALLD,serverJson:root.FuelOutlet
2026-06-14,2026-06-14 08:57:59,S24 Jingili,231 McMillans Road,Jingili,0810,NT,3,130.87797,-12.394744,OR,OR,88,08100088,True,True,,,193.9,1.939,,,168.9,1.689,,,186.4,1.864,,,,,,,,,,,,,,,193.9,1.939,,,168.9,1.689,,,186.4,1.864,,,,,,,,,,,,,,,True,True,,,True,True,,,True,True,,,,,,,,,,,,,3,3,"P95, PD, U91","P95, PD, U91",U91,Unleaded 91,168.9,1.689,,,193.9,193.9,,,168.9,168.9,,,186.4,186.4,,,,,,,,,,,,,False,https://www.otr.com.au,OK,OK,https://myfuelnt.nt.gov.au/Home/Results?Location=3&FuelCode=ALLD,serverJson:root.FuelOutlet
2026-06-14,2026-06-14 08:57:59,SHELL REDDY EXPRESS KATHERINE,30 KATHERINE TERRACE,KATHERINE,0850,NT,6,132.262743,-14.46551,C3,C3,38,08500038,True,True,198.9,1.989,,,,,,,176.9,1.7690000000000001,186.9,1.869,,,,,,,,,,,,,198.9,1.989,,,,,,,176.9,1.7690000000000001,186.9,1.869,,,,,,,,,,,,,True,True,,,,,,,True,True,True,True,,,,,,,,,,,,,3,3,"DL, LAF, P95","DL, LAF, P95",LAF,Low Aromatic Fuel,176.9,1.7690000000000001,198.9,198.9,,,,,,,176.9,176.9,186.9,186.9,,,,,,,,,,,,,False,https://www.colesexpress.com.au/,OK,OK,https://myfuelnt.nt.gov.au/Home/Results?Location=3&FuelCode=ALLD,serverJson:root.FuelOutlet
2026-06-14,2026-06-14 08:57:59,UNITED KATHERINE DEPOT,4A Emungalan Road,KATHERINE,0850,NT,6,132.248104,-14.450602,UN,UN,67,08500067,True,True,195.9,1.959,,,,,,,189.9,1.899,191.5,1.915,,,,,,,,,,,,,195.9,1.959,,,,,,,189.9,1.899,191.5,1.915,,,,,,,,,,,,,True,True,,,,,,,True,True,True,True,,,,,,,,,,,,,3,3,"DL, LAF, P95","DL, LAF, P95",LAF,Low Aromatic Fuel,189.9,1.899,195.9,195.9,,,,,,,189.9,189.9,191.5,191.5,,,,,,,,,,,,,False,https://www.unitedpetroleum.com.au,OK,OK,https://myfuelnt.nt.gov.au/Home/Results?Location=3&FuelCode=ALLD,serverJson:root.FuelOutlet
2026-06-14,2026-06-14 08:57:59,UNITED KATHERINE SOUTH,440 Victoria Hwy,KATHERINE SOUTH,0850,NT,6,132.2575,-14.485745,UN,UN,72,08500072,True,True,195.9,1.959,,,,,,,175.5,1.755,191.5,1.915,,,,,,,,,,,,,195.9,1.959,,,,,,,175.5,1.755,191.5,1.915,,,,,,,,,,,,,True,True,,,,,,,True,True,True,True,,,,,,,,,,,,,3,3,"DL, LAF, P95","DL, LAF, P95",LAF,Low Aromatic Fuel,175.5,1.755,195.9,195.9,,,,,,,175.5,175.5,191.5,191.5,,,,,,,,,,,,,False,https://www.unitedpetroleum.com.au,OK,OK,https://myfuelnt.nt.gov.au/Home/Results?Location=3&FuelCode=ALLD,serverJson:root.FuelOutlet
2026-06-14,2026-06-14 08:57:59,Kalkaringi Store,ENTRY BY PERMIT ONLY. 66 Buntine Highway,Kalkarindji,0852,NT,6,130.833808,-17.447503,PM,PM,5,08520005,True,True,316.0,3.16,,,,,,,301.0,3.01,,,,,,,,,,,,,,,316.0,3.16,,,,,,,301.0,3.01,,,,,,,,,,,,,,,True,True,,,,,,,True,True,,,,,,,,,,,,,,,2,2,"DL, LAF","DL, LAF",LAF,Low Aromatic Fuel,301.0,3.01,316.0,316.0,,,,,,,301.0,301.0,,,,,,,,,,,,,,,False,https://www.alpa.asn.au,OK,OK,https://myfuelnt.nt.gov.au/Home/Results?Location=3&FuelCode=ALLD,serverJson:root.FuelOutlet
2026-06-14,2026-06-14 08:57:59,Independent Docker River Store,Lot 116 Lasseter Road - Kaltukatjara Community,Kaltukatjara,0872,NT,4,129.083471,-24.873506,IN,IN,104,08720104,True,True,360.0,3.6,,,,,,,374.0,3.74,,,,,,,,,,,,,,,360.0,3.6,,,,,,,374.0,3.74,,,,,,,,,,,,,,,True,True,,,,,,,True,True,,,,,,,,,,,,,,,2,2,"DL, LAF","DL, LAF",DL,Diesel,360.0,3.6,360.0,360.0,,,,,,,374.0,374.0,,,,,,,,,,,,,,,False,,OK,OK,https://myfuelnt.nt.gov.au/Home/Results?Location=3&FuelCode=ALLD,serverJson:root.FuelOutlet
2026-06-14,2026-06-14 08:57:59,EG Ampol Karama,37 Kalymnos Drive,Karama,0812,NT,3,130.916358,-12.401029,EA,EA,51,08120051,True,True,,,195.9,1.959,,,170.9,1.709,,,182.9,1.829,,,,,,,,,,,,,,,195.9,1.959,,,170.9,1.709,,,182.9,1.829,,,,,,,,,,,,,,,True,True,,,True,True,,,True,True,,,,,,,,,,,,,3,3,"P95, PD, U91","P95, PD, U91",U91,Unleaded 91,170.9,1.709,,,195.9,195.9,,,170.9,170.9,,,182.9,182.9,,,,,,,,,,,,,False,https://www.woolworths.com.au/Shop/Discover/petrol,OK,OK,https://myfuelnt.nt.gov.au/Home/Results?Location=3&FuelCode=ALLD,serverJson:root.FuelOutlet
2026-06-14,2026-06-14 08:57:59,BP Katherine,6 Katherine Terrace,Katherine,0850,NT,6,132.264715,-14.466846,BP,BP,110,08500110,True,True,199.9,1.999,,,,,,,177.9,1.7790000000000001,189.9,1.899,,,,,,,,,,,,,199.9,1.999,,,,,,,177.9,1.7790000000000001,189.9,1.899,,,,,,,,,,,,,True,True,,,,,,,True,True,True,True,,,,,,,,,,,,,3,3,"DL, LAF, P95","DL, LAF, P95",LAF,Low Aromatic Fuel,177.9,1.7790000000000001,199.9,199.9,,,,,,,177.9,177.9,189.9,189.9,,,,,,,,,,,,,False,https://www.bp.com/en_au/australia.html,OK,OK,https://myfuelnt.nt.gov.au/Home/Results?Location=3&FuelCode=ALLD,serverJson:root.FuelOutlet
2026-06-14,2026-06-14 08:57:59,BP Katherine Depot (Recharge Petroleum),Corner Zimin Drive and Gillard Crescent,Katherine,0850,NT,6,132.24627,-14.4535,BP,BP,202,08500202,True,True,198.9,1.989,,,,,,,177.9,1.7790000000000001,187.9,1.879,199.9,1.999,,,,,,,,,,,198.9,1.989,,,,,,,177.9,1.7790000000000001,187.9,1.879,199.9,1.999,,,,,,,,,,,True,True,,,,,,,True,True,True,True,True,True,,,,,,,,,,,4,4,"DL, LAF, P95, P98","DL, LAF, P95, P98",LAF,Low Aromatic Fuel,177.9,1.7790000000000001,198.9,198.9,,,,,,,177.9,177.9,187.9,187.9,199.9,199.9,,,,,,,,,,,False,https://www.rechargepetroleum.com.au,OK,OK,https://myfuelnt.nt.gov.au/Home/Results?Location=3&FuelCode=ALLD,serverJson:root.FuelOutlet
2026-06-14,2026-06-14 08:57:59,EG Ampol Katherine,Corner Lindsay and First Streets,Katherine,0850,NT,6,132.26618,-14.465399,EA,EA,52,08500052,True,True,,,197.9,1.979,,,,,176.9,1.7690000000000001,188.9,1.889,,,,,,,,,,,,,,,197.9,1.979,,,,,176.9,1.7690000000000001,188.9,1.889,,,,,,,,,,,,,,,True,True,,,,,True,True,True,True,,,,,,,,,,,,,3,3,"LAF, P95, PD","LAF, P95, PD",LAF,Low Aromatic Fuel,176.9,1.7690000000000001,,,197.9,197.9,,,,,176.9,176.9,188.9,188.9,,,,,,,,,,,,,False,https://www.woolworths.com.au/Shop/Discover/petrol,OK,OK,https://myfuelnt.nt.gov.au/Home/Results?Location=3&FuelCode=ALLD,serverJson:root.FuelOutlet
2026-06-14,2026-06-14 08:57:59,Liberty Katherine,7 Gillard Crescent - Corner Zimin Drive,Katherine,0850,NT,6,132.245342,-14.454156,Li,Li,195,08500195,True,True,195.9,1.959,,,,,,,175.5,1.755,188.5,1.885,215.5,2.155,,,,,,,,,,,195.9,1.959,,,,,,,175.5,1.755,188.5,1.885,215.5,2.155,,,,,,,,,,,True,True,,,,,,,True,True,True,True,True,True,,,,,,,,,,,4,4,"DL, LAF, P95, P98","DL, LAF, P95, P98",LAF,Low Aromatic Fuel,175.5,1.755,195.9,195.9,,,,,,,175.5,175.5,188.5,188.5,215.5,215.5,,,,,,,,,,,False,,OK,OK,https://myfuelnt.nt.gov.au/Home/Results?Location=3&FuelCode=ALLD,serverJson:root.FuelOutlet
2026-06-14,2026-06-14 08:57:59,UNITED KATHERINE PIEFACE,37 Katherine Terrace,Katherine,0850,NT,6,132.260655,-14.462967,UN,UN,61,08500061,True,True,195.9,1.959,,,,,,,175.5,1.755,191.5,1.915,220.5,2.205,,,,,,,,,,,195.9,1.959,,,,,,,175.5,1.755,191.5,1.915,220.5,2.205,,,,,,,,,,,True,True,,,,,,,True,True,True,True,True,True,,,,,,,,,,,4,4,"DL, LAF, P95, P98","DL, LAF, P95, P98",LAF,Low Aromatic Fuel,175.5,1.755,195.9,195.9,,,,,,,175.5,175.5,191.5,191.5,220.5,220.5,,,,,,,,,,,False,https://www.unitedpetroleum.com.au,OK,OK,https://myfuelnt.nt.gov.au/Home/Results?Location=3&FuelCode=ALLD,serverJson:root.FuelOutlet
2026-06-14,2026-06-14 08:57:59,Boab Caravan Park,42 Victoria Highway,Katherine South,0850,NT,6,132.257286,-14.476213,PM,PM,125,08500125,True,True,267.0,2.67,,,,,,,192.0,1.92,,,,,,,,,,,,,,,267.0,2.67,,,,,,,192.0,1.92,,,,,,,,,,,,,,,True,True,,,,,,,True,True,,,,,,,,,,,,,,,2,2,"DL, LAF","DL, LAF",LAF,Low Aromatic Fuel,192.0,1.92,267.0,267.0,,,,,,,192.0,192.0,,,,,,,,,,,,,,,False,https://boabcaravanpark.com.au/,OK,OK,https://myfuelnt.nt.gov.au/Home/Results?Location=3&FuelCode=ALLD,serverJson:root.FuelOutlet
2026-06-14,2026-06-14 08:57:59,OTR Katherine Truckstop,85 Bicentennial Road,Katherine South,0850,NT,6,132.27509,-14.47085,OR,OR,210,08500210,True,True,,,198.9,1.989,,,,,176.9,1.7690000000000001,195.4,1.954,204.9,2.049,,,,,,,,,,,,,198.9,1.989,,,,,176.9,1.7690000000000001,195.4,1.954,204.9,2.049,,,,,,,,,,,,,True,True,,,,,True,True,True,True,True,True,,,,,,,,,,,4,4,"LAF, P95, P98, PD","LAF, P95, P98, PD",LAF,Low Aromatic Fuel,176.9,1.7690000000000001,,,198.9,198.9,,,,,176.9,176.9,195.4,195.4,204.9,204.9,,,,,,,,,,,False,https://www.otr.com.au,OK,OK,https://myfuelnt.nt.gov.au/Home/Results?Location=3&FuelCode=ALLD,serverJson:root.FuelOutlet
2026-06-14,2026-06-14 08:57:59,Refuel Australia Katherine OPT,4 Bicentennial Road,Katherine South,0850,NT,6,132.25816,-14.487214,AM,AM,205,08500205,True,True,,,,,,,,,,,,,,,,,,,,,,,,,,,,,,,,,,,,,,,,,,,,,,,,,,,,,,,,,,,,,,,,,,,,,,,,,0,0,,,,,,,,,,,,,,,,,,,,,,,,,,,,,,,False,,Review,No listed fuels,https://myfuelnt.nt.gov.au/Home/Results?Location=3&FuelCode=ALLD,serverJson:root.FuelOutlet
2026-06-14,2026-06-14 08:57:59,Independent King Ash Bay Service Station,1 Batten Road,King Ash Bay,0854,NT,6,136.478018,-15.933263,IN,PM,101,08540101,True,True,269.0,2.69,,,,,225.0,2.25,,,235.0,2.35,,,,,,,,,,,,,269.0,2.69,,,,,225.0,2.25,,,235.0,2.35,,,,,,,,,,,,,True,True,,,,,True,True,,,True,True,,,,,,,,,,,,,3,3,"DL, P95, U91","DL, P95, U91",U91,Unleaded 91,225.0,2.25,269.0,269.0,,,,,225.0,225.0,,,235.0,235.0,,,,,,,,,,,,,False,http://www.kingashbay.com.au/king-ash-bay-service-station-supermarket/,OK,OK,https://myfuelnt.nt.gov.au/Home/Results?Location=3&FuelCode=ALLD,serverJson:root.FuelOutlet
2026-06-14,2026-06-14 08:57:59,Independent Kintore Store,Lot 116 Kintore Community,Kintore,0870,NT,4,129.388544,-23.275545,IN,CA,31,08700031,True,True,321.0,3.21,,,,,,,295.0,2.95,,,,,,,,,,,,,,,321.0,3.21,,,,,,,295.0,2.95,,,,,,,,,,,,,,,True,True,,,,,,,True,True,,,,,,,,,,,,,,,2,2,"DL, LAF","DL, LAF",LAF,Low Aromatic Fuel,295.0,2.95,321.0,321.0,,,,,,,295.0,295.0,,,,,,,,,,,,,,,False,,OK,OK,https://myfuelnt.nt.gov.au/Home/Results?Location=3&FuelCode=ALLD,serverJson:root.FuelOutlet
2026-06-14,2026-06-14 08:57:59,Independent Kulgera Roadhouse Hotel,1 South Stuart Highway,Kulgera,0872,NT,4,133.300233,-25.839525,IN,IN,131,08720131,True,True,306.0,3.06,,,,,,,290.0,2.9,300.0,3.0,,,,,,,,,,,,,306.0,3.06,,,,,,,290.0,2.9,300.0,3.0,,,,,,,,,,,,,True,True,,,,,,,True,True,True,True,,,,,,,False,False,,,,,4,3,"DL, LAF, LPG, P95","DL, LAF, P95",LAF,Low Aromatic Fuel,290.0,2.9,306.0,306.0,,,,,,,290.0,290.0,300.0,300.0,,,,,,,189.0,189.0,,,,,False,https://kulgeraroadhouse.com.au,OK,OK,https://myfuelnt.nt.gov.au/Home/Results?Location=3&FuelCode=ALLD,serverJson:root.FuelOutlet
2026-06-14,2026-06-14 08:57:59,UNITED LUDMILLA,187 Bagot Road,LUDMILLA,0820,NT,3,130.855712,-12.40943,UN,UN,65,08200065,True,True,191.9,1.919,,,,,167.9,1.679,,,183.9,1.839,,,,,,,,,,,,,191.9,1.919,,,,,167.9,1.679,,,183.9,1.839,,,,,,,,,,,,,True,True,,,,,True,True,,,True,True,,,,,,,,,,,,,3,3,"DL, P95, U91","DL, P95, U91",U91,Unleaded 91,167.9,1.679,191.9,191.9,,,,,167.9,167.9,,,183.9,183.9,,,,,,,,,,,,,False,https://www.unitedpetroleum.com.au,OK,OK,https://myfuelnt.nt.gov.au/Home/Results?Location=3&FuelCode=ALLD,serverJson:root.FuelOutlet
2026-06-14,2026-06-14 08:57:59,Lajamanu Store & Service Station,ENTRY BY PERMIT ONLY. Lot 315,Lajamanu,0852,NT,6,130.637291,-18.335695,PM,PM,7,08520007,True,True,399.0,3.99,,,,,,,347.0,3.47,,,,,,,,,,,,,,,399.0,3.99,,,,,,,347.0,3.47,,,,,,,,,,,,,,,True,True,,,,,,,True,True,,,,,,,,,,,,,,,2,2,"DL, LAF","DL, LAF",LAF,Low Aromatic Fuel,347.0,3.47,399.0,399.0,,,,,,,347.0,347.0,,,,,,,,,,,,,,,False,https://www.alpa.asn.au,OK,OK,https://myfuelnt.nt.gov.au/Home/Results?Location=3&FuelCode=ALLD,serverJson:root.FuelOutlet
2026-06-14,2026-06-14 08:57:59,Independent Laramba Community Store,Lot 82 - Store Street,Laramba,0872,NT,4,132.754003,-22.534303,IN,IN,112,08720112,True,True,332.0,3.32,,,,,,,333.0,3.33,,,,,,,,,,,,,,,332.0,3.32,,,,,,,333.0,3.33,,,,,,,,,,,,,,,True,True,,,,,,,True,True,,,,,,,,,,,,,,,2,2,"DL, LAF","DL, LAF",DL,Diesel,332.0,3.32,332.0,332.0,,,,,,,333.0,333.0,,,,,,,,,,,,,,,False,,OK,OK,https://myfuelnt.nt.gov.au/Home/Results?Location=3&FuelCode=ALLD,serverJson:root.FuelOutlet
2026-06-14,2026-06-14 08:57:59,Independent Roper Bar,"1 Jetty Road, Roper Highway",Limmen,0852,NT,6,134.528786,-14.735076,IN,IN,181,08200181,True,True,,,,,,,,,,,,,,,,,,,,,,,,,,,,,,,,,,,,,,,,,,,,,,,,,False,False,,,,,,,False,False,,,,,,,,,,,,,,,2,0,"DL, LAF",,,,,,350.0,350.0,,,,,,,300.0,300.0,,,,,,,,,,,,,,,False,,OK,OK,https://myfuelnt.nt.gov.au/Home/Results?Location=3&FuelCode=ALLD,serverJson:root.FuelOutlet
2026-06-14,2026-06-14 08:57:59,S24 Ludmilla,25 Bagot Road,Ludmilla,0820,NT,3,130.855965,-12.426896,OR,OR,90,08200090,True,True,,,191.9,1.919,,,167.9,1.679,,,185.4,1.854,194.9,1.949,,,,,,,,,,,,,191.9,1.919,,,167.9,1.679,,,185.4,1.854,194.9,1.949,,,,,,,,,,,,,True,True,,,True,True,,,True,True,True,True,,,,,,,,,,,4,4,"P95, P98, PD, U91","P95, P98, PD, U91",U91,Unleaded 91,167.9,1.679,,,191.9,191.9,,,167.9,167.9,,,185.4,185.4,194.9,194.9,,,,,,,,,,,False,https://otr.com.au,OK,OK,https://myfuelnt.nt.gov.au/Home/Results?Location=3&FuelCode=ALLD,serverJson:root.FuelOutlet
2026-06-14,2026-06-14 08:57:59,S24 Malak,Chambers Place (Crn Holzerland St & Malak Place),Malak,0812,NT,3,130.90436,-12.396662,OR,OR,80,08120080,True,True,,,195.9,1.959,,,170.9,1.709,,,188.4,1.8840000000000001,199.9,1.999,,,,,,,,,,,,,195.9,1.959,,,170.9,1.709,,,188.4,1.8840000000000001,199.9,1.999,,,,,,,,,,,,,True,True,,,True,True,,,True,True,True,True,,,,,,,,,,,4,4,"P95, P98, PD, U91","P95, P98, PD, U91",U91,Unleaded 91,170.9,1.709,,,195.9,195.9,,,170.9,170.9,,,188.4,188.4,199.9,199.9,,,,,,,,,,,False,https://www.otr.com.au,OK,OK,https://myfuelnt.nt.gov.au/Home/Results?Location=3&FuelCode=ALLD,serverJson:root.FuelOutlet
2026-06-14,2026-06-14 08:57:59,Barlmarrk Service Station,Lot 628 Maningrida,Maningrida,0822,NT,1,134.22924,-12.055045,PM,PM,145,08220145,True,True,389.0,3.89,,,,,,,382.0,3.82,,,,,,,,,,,,,,,389.0,3.89,,,,,,,382.0,3.82,,,,,,,,,,,,,,,True,True,,,,,,,True,True,,,,,,,,,,,,,,,2,2,"DL, LAF","DL, LAF",LAF,Low Aromatic Fuel,382.0,3.82,389.0,389.0,,,,,,,382.0,382.0,,,,,,,,,,,,,,,False,https://www.bawinanga.com,OK,OK,https://myfuelnt.nt.gov.au/Home/Results?Location=3&FuelCode=ALLD,serverJson:root.FuelOutlet
2026-06-14,2026-06-14 08:57:59,Independent MPA Fuel Station,Lot 526 Maningrida St,Maningrida,0822,NT,1,134.225488,-12.049776,IN,PM,100,08220100,True,True,339.0,3.39,,,,,,,382.0,3.82,,,,,,,,,,,,,,,339.0,3.39,,,,,,,382.0,3.82,,,,,,,,,,,,,,,True,True,,,,,,,True,True,,,,,,,,,,,,,,,2,2,"DL, LAF","DL, LAF",DL,Diesel,339.0,3.39,339.0,339.0,,,,,,,382.0,382.0,,,,,,,,,,,,,,,False,N/A,OK,OK,https://myfuelnt.nt.gov.au/Home/Results?Location=3&FuelCode=ALLD,serverJson:root.FuelOutlet
2026-06-14,2026-06-14 08:57:59,Corroboree Park Tavern,Lot 3095 Arnhem Highway,Marrakai,0822,NT,1,131.50097,-12.761847,PM,PM,127,08220127,True,True,215.9,2.1590000000000003,,,,,190.9,1.909,,,199.9,1.999,,,,,,,,,,,,,215.9,2.1590000000000003,,,,,190.9,1.909,,,199.9,1.999,,,,,,,,,,,,,True,True,,,,,True,True,,,True,True,,,,,,,,,,,,,3,3,"DL, P95, U91","DL, P95, U91",U91,Unleaded 91,190.9,1.909,215.9,215.9,,,,,190.9,190.9,,,199.9,199.9,,,,,,,,,,,,,False,http://corroboreeparktavern.com.au,OK,OK,https://myfuelnt.nt.gov.au/Home/Results?Location=3&FuelCode=ALLD,serverJson:root.FuelOutlet
2026-06-14,2026-06-14 08:57:59,Maryvale Store,Old South Road,Maryvale,0872,NT,4,134.072466,-24.667734,PM,PM,211,08720211,True,True,,,,,,,,,,,,,,,,,,,,,,,,,,,,,,,,,,,,,,,,,,,,,,,,,False,False,,,,,False,False,,,,,,,,,,,,,,,,,2,0,"DL, U91",,,,,,250.0,250.0,,,,,250.0,250.0,,,,,,,,,,,,,,,,,False,,OK,OK,https://myfuelnt.nt.gov.au/Home/Results?Location=3&FuelCode=ALLD,serverJson:root.FuelOutlet
2026-06-14,2026-06-14 08:57:59,BP Mataranka Roadhouse,Lot 118 Roper Terrace,Mataranka,0852,NT,6,133.066228,-14.92301,BP,BP,118,08520118,True,True,239.0,2.39,,,,,,,,,238.0,2.38,,,,,,,,,,,,,239.0,2.39,,,,,,,,,238.0,2.38,,,,,,,,,,,,,True,True,,,,,,,,,True,True,,,,,,,,,,,,,2,2,"DL, P95","DL, P95",P95,Premium 95,238.0,2.38,239.0,239.0,,,,,,,,,238.0,238.0,,,,,,,,,,,,,False,,OK,OK,https://myfuelnt.nt.gov.au/Home/Results?Location=3&FuelCode=ALLD,serverJson:root.FuelOutlet
2026-06-14,2026-06-14 08:57:59,Independent Mataranka Central,13 Roper Terrace,Mataranka,0852,NT,6,133.067712,-14.924114,IN,IN,175,08520175,True,True,238.5,2.385,,,,,,,192.0,1.92,238.0,2.38,,,,,,,,,,,,,238.5,2.385,,,,,,,192.0,1.92,238.0,2.38,,,,,,,,,,,,,True,True,,,,,,,True,True,True,True,,,,,,,,,,,,,3,3,"DL, LAF, P95","DL, LAF, P95",LAF,Low Aromatic Fuel,192.0,1.92,238.5,238.5,,,,,,,192.0,192.0,238.0,238.0,,,,,,,,,,,,,False,,OK,OK,https://myfuelnt.nt.gov.au/Home/Results?Location=3&FuelCode=ALLD,serverJson:root.FuelOutlet
2026-06-14,2026-06-14 08:57:59,Mataranka Store and Service Station,67 Roper Terrace,Mataranka,0852,NT,6,133.069039,-14.92541,PM,PM,122,08520122,True,True,,,,,,,,,,,236.5,2.365,,,,,,,,,,,,,,,,,,,,,,,236.5,2.365,,,,,,,,,,,,,False,False,,,,,,,False,False,True,True,,,,,,,,,,,,,3,1,"DL, LAF, P95",P95,P95,Premium 95,236.5,2.365,285.9,285.9,,,,,,,246.5,246.5,236.5,236.5,,,,,,,,,,,,,False,,OK,OK,https://myfuelnt.nt.gov.au/Home/Results?Location=3&FuelCode=ALLD,serverJson:root.FuelOutlet
2026-06-14,2026-06-14 08:57:59,Independent Tiwi Islands Regional Council - Milikapiti,Lot 188 Milikapiti,Milikapiti - Snake Bay,0822,NT,8,130.676005,-11.424561,IN,PM,143,08220143,True,True,337.0,3.37,,,,,337.0,3.37,,,,,,,,,,,,,,,,,337.0,3.37,,,,,337.0,3.37,,,,,,,,,,,,,,,,,True,True,,,,,True,True,,,,,,,,,,,,,,,,,2,2,"DL, U91","DL, U91",DL,Diesel,337.0,3.37,337.0,337.0,,,,,337.0,337.0,,,,,,,,,,,,,,,,,False,,OK,OK,https://myfuelnt.nt.gov.au/Home/Results?Location=3&FuelCode=ALLD,serverJson:root.FuelOutlet
2026-06-14,2026-06-14 08:57:59,Milingimbi Store,ENTRY BY PERMIT ONLY. Gadapu Road,Milingimbi,0822,NT,7,134.919574,-12.103322,PM,PM,4,08220004,True,True,375.0,3.75,,,,,,,325.0,3.25,,,,,,,,,,,,,,,375.0,3.75,,,,,,,325.0,3.25,,,,,,,,,,,,,,,True,True,,,,,,,True,True,,,,,,,,,,,,,,,2,2,"DL, LAF","DL, LAF",LAF,Low Aromatic Fuel,325.0,3.25,375.0,375.0,,,,,,,325.0,325.0,,,,,,,,,,,,,,,False,https://www.alpa.asn.au,OK,OK,https://myfuelnt.nt.gov.au/Home/Results?Location=3&FuelCode=ALLD,serverJson:root.FuelOutlet
2026-06-14,2026-06-14 08:57:59,Lagulalya Store,Lot 7,Milyakburra,0822,NT,7,136.194962,-13.782702,PM,PM,23,08220023,True,True,347.0,3.47,,,,,,,334.0,3.34,,,,,,,,,,,,,,,347.0,3.47,,,,,,,334.0,3.34,,,,,,,,,,,,,,,True,True,,,,,,,True,True,,,,,,,,,,,,,,,2,2,"DL, LAF","DL, LAF",LAF,Low Aromatic Fuel,334.0,3.34,347.0,347.0,,,,,,,334.0,334.0,,,,,,,,,,,,,,,False,https://outbackstores.com.au,OK,OK,https://myfuelnt.nt.gov.au/Home/Results?Location=3&FuelCode=ALLD,serverJson:root.FuelOutlet
2026-06-14,2026-06-14 08:57:59,Warliburru Store,"ENTRY BY PERMIT ONLY. Lot 64, Miniyeri Community",Miniyeri,0852,NT,6,134.083791,-15.218716,MO,MO,232,08520232,True,True,,,,,,,,,246.0,2.46,,,,,,,,,,,,,,,,,,,,,,,246.0,2.46,,,,,,,,,,,,,,,False,False,,,,,,,True,True,,,,,,,,,,,,,,,2,1,"DL, LAF",LAF,LAF,Low Aromatic Fuel,246.0,2.46,319.0,319.0,,,,,,,246.0,246.0,,,,,,,,,,,,,,,False,,OK,OK,https://myfuelnt.nt.gov.au/Home/Results?Location=3&FuelCode=ALLD,serverJson:root.FuelOutlet
2026-06-14,2026-06-14 08:57:59,Independent WARC Minjilang Fuel,"Lot 168, Sheperdson Road",Minjilang,0822,NT,1,132.577987,-11.150366,IN,IN,165,08220165,True,True,432.0,4.32,,,,,,,350.0,3.5,,,,,,,,,,,,,,,432.0,4.32,,,,,,,350.0,3.5,,,,,,,,,,,,,,,True,True,,,,,,,True,True,,,,,,,,,,,,,,,2,2,"DL, LAF","DL, LAF",LAF,Low Aromatic Fuel,350.0,3.5,432.0,432.0,,,,,,,350.0,350.0,,,,,,,,,,,,,,,False,,OK,OK,https://myfuelnt.nt.gov.au/Home/Results?Location=3&FuelCode=ALLD,serverJson:root.FuelOutlet
2026-06-14,2026-06-14 08:57:59,The Bark Hut Inn,3737 Arnhem Highway,Mount Bundey,0822,NT,1,131.67569,-12.9001,BP,BP,219,08220219,True,True,239.9,2.399,,,,,201.9,2.019,,,220.9,2.209,,,,,,,,,,,,,239.9,2.399,,,,,201.9,2.019,,,220.9,2.209,,,,,,,,,,,,,True,True,,,,,True,True,,,True,True,,,,,,,,,,,,,3,3,"DL, P95, U91","DL, P95, U91",U91,Unleaded 91,201.9,2.019,239.9,239.9,,,,,201.9,201.9,,,220.9,220.9,,,,,,,,,,,,,False,,OK,OK,https://myfuelnt.nt.gov.au/Home/Results?Location=3&FuelCode=ALLD,serverJson:root.FuelOutlet
2026-06-14,2026-06-14 08:57:59,Independent Mt Liebig Store,20 Kely Road,Mount Liebig,0872,NT,4,131.272643,-23.266204,IN,IN,22,08700022,True,True,325.0,3.25,,,,,,,280.0,2.8,,,,,,,,,,,,,,,325.0,3.25,,,,,,,280.0,2.8,,,,,,,,,,,,,,,True,True,,,,,,,True,True,,,,,,,,,,,,,,,2,2,"DL, LAF","DL, LAF",LAF,Low Aromatic Fuel,280.0,2.8,325.0,325.0,,,,,,,280.0,280.0,,,,,,,,,,,,,,,False,https://outbackstores.com.au,OK,OK,https://myfuelnt.nt.gov.au/Home/Results?Location=3&FuelCode=ALLD,serverJson:root.FuelOutlet
2026-06-14,2026-06-14 08:57:59,Independent Ininti Store,ENTRY BY PERMIT ONLY. Mutitjula Community,Mutitjula,0872,NT,4,131.064519,-25.347579,IN,IV,167,08720167,True,True,299.0,2.99,,,,,,,269.0,2.69,,,,,,,,,,,,,,,299.0,2.99,,,,,,,269.0,2.69,,,,,,,,,,,,,,,True,True,,,,,,,True,True,,,,,,,,,,,,,,,2,2,"DL, LAF","DL, LAF",LAF,Low Aromatic Fuel,269.0,2.69,299.0,299.0,,,,,,,269.0,269.0,,,,,,,,,,,,,,,False,,OK,OK,https://myfuelnt.nt.gov.au/Home/Results?Location=3&FuelCode=ALLD,serverJson:root.FuelOutlet
2026-06-14,2026-06-14 08:57:59,SHELL REDDY EXPRESS NIGHTCLIFF,37 PROGRESS DRIVE,NIGHTCLIFF,0810,NT,3,130.851979,-12.388251,C3,C3,44,08100044,True,True,193.9,1.939,,,,,168.9,1.689,,,178.9,1.7890000000000001,,,,,,,,,,,,,193.9,1.939,,,,,168.9,1.689,,,178.9,1.7890000000000001,,,,,,,,,,,,,True,True,,,,,True,True,,,True,True,,,,,,,,,,,,,3,3,"DL, P95, U91","DL, P95, U91",U91,Unleaded 91,168.9,1.689,193.9,193.9,,,,,168.9,168.9,,,178.9,178.9,,,,,,,,,,,,,False,https://www.colesexpress.com.au/,OK,OK,https://myfuelnt.nt.gov.au/Home/Results?Location=3&FuelCode=ALLD,serverJson:root.FuelOutlet
2026-06-14,2026-06-14 08:57:59,UNITED NOONAMAH ROADHOUSE,1805 Stuart Highway,NOONAMAH,0837,NT,2,131.074496,-12.633774,UN,UN,63,08370063,True,True,196.9,1.969,198.9,1.989,,,175.9,1.7590000000000001,,,191.9,1.919,220.9,2.209,,,,,,,,,,,196.9,1.969,198.9,1.989,,,175.9,1.7590000000000001,,,191.9,1.919,220.9,2.209,,,,,,,,,,,True,True,True,True,,,True,True,,,True,True,True,True,,,,,,,,,,,5,5,"DL, P95, P98, PD, U91","DL, P95, P98, PD, U91",U91,Unleaded 91,175.9,1.7590000000000001,196.9,196.9,198.9,198.9,,,175.9,175.9,,,191.9,191.9,220.9,220.9,,,,,,,,,,,False,https://www.unitedpetroleum.com.au,OK,OK,https://myfuelnt.nt.gov.au/Home/Results?Location=3&FuelCode=ALLD,serverJson:root.FuelOutlet
2026-06-14,2026-06-14 08:57:59,Nganmarriyanga Community Store,ENTRY BY PERMIT ONLY. Lot 103,Nganmarriyanga,0822,NT,1,129.882286,-14.353405,PM,PM,11,08220011,True,True,281.0,2.81,,,,,,,281.0,2.81,,,,,,,,,,,,,,,281.0,2.81,,,,,,,281.0,2.81,,,,,,,,,,,,,,,True,True,,,,,,,True,True,,,,,,,,,,,,,,,2,2,"DL, LAF","DL, LAF",DL,Diesel,281.0,2.81,281.0,281.0,,,,,,,281.0,281.0,,,,,,,,,,,,,,,False,https://www.alpa.asn.au,OK,OK,https://myfuelnt.nt.gov.au/Home/Results?Location=3&FuelCode=ALLD,serverJson:root.FuelOutlet
2026-06-14,2026-06-14 08:57:59,Ngukurr Store,"Lot 339, Balamurra St",Ngukurr,0852,NT,6,134.73355,-14.733209,PM,PM,21,08520021,True,True,298.0,2.98,,,,,,,287.0,2.87,,,,,,,,,,,,,,,298.0,2.98,,,,,,,287.0,2.87,,,,,,,,,,,,,,,True,True,,,,,,,True,True,,,,,,,,,,,,,,,2,2,"DL, LAF","DL, LAF",LAF,Low Aromatic Fuel,287.0,2.87,298.0,298.0,,,,,,,287.0,287.0,,,,,,,,,,,,,,,False,https://outbackstores.com.au,OK,OK,https://myfuelnt.nt.gov.au/Home/Results?Location=3&FuelCode=ALLD,serverJson:root.FuelOutlet
2026-06-14,2026-06-14 08:57:59,BP Service Station Nhulunbuy,Cnr Matthew Flinders Way and Westal Street,Nhulunbuy,0880,NT,7,136.78794,-12.185616,BP,BP,128,08800128,True,True,268.5,2.685,,,,,,,277.6,2.7760000000000002,282.3,2.823,,,,,,,,,,,,,268.5,2.685,,,,,,,277.6,2.7760000000000002,282.3,2.823,,,,,,,,,,,,,True,True,,,,,,,True,True,True,True,,,,,,,,,,,,,3,3,"DL, LAF, P95","DL, LAF, P95",DL,Diesel,268.5,2.685,268.5,268.5,,,,,,,277.6,277.6,282.3,282.3,,,,,,,,,,,,,False,https://www.bp.com,OK,OK,https://myfuelnt.nt.gov.au/Home/Results?Location=3&FuelCode=ALLD,serverJson:root.FuelOutlet
2026-06-14,2026-06-14 08:57:59,EG Ampol Nightcliff,159 Dick Ward Drive,Nightcliff,0814,NT,3,130.851965,-12.389526,EA,EA,53,08140053,True,True,,,193.9,1.939,,,168.9,1.689,,,180.9,1.8090000000000002,,,,,,,,,,,,,,,193.9,1.939,,,168.9,1.689,,,180.9,1.8090000000000002,,,,,,,,,,,,,,,True,True,,,True,True,,,True,True,,,,,,,,,,,,,3,3,"P95, PD, U91","P95, PD, U91",U91,Unleaded 91,168.9,1.689,,,193.9,193.9,,,168.9,168.9,,,180.9,180.9,,,,,,,,,,,,,False,https://www.woolworths.com.au/Shop/Discover/petrol,OK,OK,https://myfuelnt.nt.gov.au/Home/Results?Location=3&FuelCode=ALLD,serverJson:root.FuelOutlet
2026-06-14,2026-06-14 08:57:59,S24 Nightcliff,26 Progress Drive,Nightcliff,0810,NT,3,130.85206,-12.3877,OR,OR,81,08100081,True,True,,,193.9,1.939,,,168.9,1.689,,,186.4,1.864,197.9,1.979,,,,,,,,,,,,,193.9,1.939,,,168.9,1.689,,,186.4,1.864,197.9,1.979,,,,,,,,,,,,,True,True,,,True,True,,,True,True,True,True,,,,,,,,,,,4,4,"P95, P98, PD, U91","P95, P98, PD, U91",U91,Unleaded 91,168.9,1.689,,,193.9,193.9,,,168.9,168.9,,,186.4,186.4,197.9,197.9,,,,,,,,,,,False,https://www.otr.com.au,OK,OK,https://myfuelnt.nt.gov.au/Home/Results?Location=3&FuelCode=ALLD,serverJson:root.FuelOutlet
2026-06-14,2026-06-14 08:57:59,Numbulwar Workshop,Lot 53 Numbulwar,Numbalwar,0852,NT,7,135.725471,-14.283876,PM,PM,106,08520106,True,True,306.0,3.06,,,,,,,250.0,2.5,,,,,,,,,,,,,,,306.0,3.06,,,,,,,250.0,2.5,,,,,,,,,,,,,,,True,True,,,,,,,True,True,,,,,,,,,,,,,,,2,2,"DL, LAF","DL, LAF",LAF,Low Aromatic Fuel,250.0,2.5,306.0,306.0,,,,,,,250.0,250.0,,,,,,,,,,,,,,,False,,OK,OK,https://myfuelnt.nt.gov.au/Home/Results?Location=3&FuelCode=ALLD,serverJson:root.FuelOutlet
2026-06-14,2026-06-14 08:57:59,Independent Nyirripi Store,"Lot 22, Nyirripi Community off Tanami Track",Nyirripi,0872,NT,4,130.552139,-22.649659,IN,IN,27,08720027,True,True,390.0,3.9,,,,,,,324.0,3.24,,,,,,,,,,,,,,,390.0,3.9,,,,,,,324.0,3.24,,,,,,,,,,,,,,,True,True,,,,,,,True,True,,,,,,,,,,,,,,,2,2,"DL, LAF","DL, LAF",LAF,Low Aromatic Fuel,324.0,3.24,390.0,390.0,,,,,,,324.0,324.0,,,,,,,,,,,,,,,False,https://outbackstores.com.au,OK,OK,https://myfuelnt.nt.gov.au/Home/Results?Location=3&FuelCode=ALLD,serverJson:root.FuelOutlet
2026-06-14,2026-06-14 08:57:59,Independent GUNBALANYA SERVICE STATION,Main Street,OENPELLI,0822,NT,1,133.055317,-12.326299,IN,IN,152,08220152,True,True,345.0,3.45,,,,,,,265.0,2.65,,,,,,,,,,,,,,,345.0,3.45,,,,,,,265.0,2.65,,,,,,,,,,,,,,,True,True,,,,,,,True,True,,,,,,,,,,,,,,,2,2,"DL, LAF","DL, LAF",LAF,Low Aromatic Fuel,265.0,2.65,345.0,345.0,,,,,,,265.0,265.0,,,,,,,,,,,,,,,False,,OK,OK,https://myfuelnt.nt.gov.au/Home/Results?Location=3&FuelCode=ALLD,serverJson:root.FuelOutlet
2026-06-14,2026-06-14 08:57:59,SHELL REDDY EXPRESS FAIRWAY WATERS,130 UNIVERSITY AVENUE,PALMERSTON,0830,NT,9,130.970135,-12.480144,C3,C3,43,08300043,True,True,195.9,1.959,,,,,174.9,1.749,,,184.9,1.849,,,,,,,,,,,,,195.9,1.959,,,,,174.9,1.749,,,184.9,1.849,,,,,,,,,,,,,True,True,,,,,True,True,,,True,True,,,,,,,,,,,,,3,3,"DL, P95, U91","DL, P95, U91",U91,Unleaded 91,174.9,1.749,195.9,195.9,,,,,174.9,174.9,,,184.9,184.9,,,,,,,,,,,,,False,https://www.colesexpress.com.au/,OK,OK,https://myfuelnt.nt.gov.au/Home/Results?Location=3&FuelCode=ALLD,serverJson:root.FuelOutlet
2026-06-14,2026-06-14 08:57:59,SHELL REDDY EXPRESS PALMERSTON,2 YARRAWONGA RD (CNR ROYSTONEA AVE),PALMERSTON,0830,NT,9,130.9841,-12.473721,C3,C3,42,08300042,True,True,195.9,1.959,,,,,174.9,1.749,174.9,1.749,184.9,1.849,,,,,,,,,,,,,195.9,1.959,,,,,174.9,1.749,174.9,1.749,184.9,1.849,,,,,,,,,,,,,True,True,,,,,True,True,True,True,True,True,,,,,,,,,,,,,4,4,"DL, LAF, P95, U91","DL, LAF, P95, U91",LAF,Low Aromatic Fuel,174.9,1.749,195.9,195.9,,,,,174.9,174.9,174.9,174.9,184.9,184.9,,,,,,,,,,,,,False,https://www.colesexpress.com.au/,OK,OK,https://myfuelnt.nt.gov.au/Home/Results?Location=3&FuelCode=ALLD,serverJson:root.FuelOutlet
2026-06-14,2026-06-14 08:57:59,UNITED PARAP PIEFACE,209 Stuart Hwy,PARAP,0820,NT,3,130.848332,-12.4329,UN,UN,69,08200069,True,True,189.9,1.899,,,,,165.9,1.659,,,181.9,1.819,210.9,2.109,,,249.9,2.499,,,,,,,189.9,1.899,,,,,165.9,1.659,,,181.9,1.819,210.9,2.109,,,249.9,2.499,,,,,,,True,True,,,,,True,True,,,True,True,True,True,,,True,True,,,,,,,5,5,"DL, E85, P95, P98, U91","DL, E85, P95, P98, U91",U91,Unleaded 91,165.9,1.659,189.9,189.9,,,,,165.9,165.9,,,181.9,181.9,210.9,210.9,,,249.9,249.9,,,,,,,False,https://www.unitedpetroleum.com.au,OK,OK,https://myfuelnt.nt.gov.au/Home/Results?Location=3&FuelCode=ALLD,serverJson:root.FuelOutlet
2026-06-14,2026-06-14 08:57:59,UNITED PINE CREEK HOLIDAY PARK & ROADHOUSE,47 Moule Street,PINE CREEK,0847,NT,6,131.83516,-13.825006,UN,UN,75,08470075,True,True,219.9,2.199,,,,,,,199.9,1.999,211.9,2.119,,,,,,,,,,,,,219.9,2.199,,,,,,,199.9,1.999,211.9,2.119,,,,,,,,,,,,,True,True,,,,,,,True,True,True,True,,,,,,,,,,,,,3,3,"DL, LAF, P95","DL, LAF, P95",LAF,Low Aromatic Fuel,199.9,1.999,219.9,219.9,,,,,,,199.9,199.9,211.9,211.9,,,,,,,,,,,,,False,https://www.unitedpetroleum.com.au,OK,OK,https://myfuelnt.nt.gov.au/Home/Results?Location=3&FuelCode=ALLD,serverJson:root.FuelOutlet
2026-06-14,2026-06-14 08:57:59,Pirlangimpi Community Store,ENTRY BY PERMIT ONLY. LOT 262,PIRLANGIMPI,0822,NT,8,130.417765,-11.40313,PM,PM,12,08220012,True,True,343.0,3.43,,,,,,,334.0,3.34,,,,,,,,,,,,,,,343.0,3.43,,,,,,,334.0,3.34,,,,,,,,,,,,,,,True,True,,,,,,,True,True,,,,,,,,,,,,,,,2,2,"DL, LAF","DL, LAF",LAF,Low Aromatic Fuel,334.0,3.34,343.0,343.0,,,,,,,334.0,334.0,,,,,,,,,,,,,,,False,https://www.alpa.asn.au,OK,OK,https://myfuelnt.nt.gov.au/Home/Results?Location=3&FuelCode=ALLD,serverJson:root.FuelOutlet
2026-06-14,2026-06-14 08:57:59,EG Ampol Palmerston,15 Yarrawonga Road,Palmerston,0831,NT,9,130.98502,-12.47022,EA,EA,54,08310054,True,True,195.9,1.959,196.9,1.969,,,174.9,1.749,,,186.9,1.869,,,,,,,,,,,,,195.9,1.959,196.9,1.969,,,174.9,1.749,,,186.9,1.869,,,,,,,,,,,,,True,True,True,True,,,True,True,,,True,True,,,,,,,,,,,,,4,4,"DL, P95, PD, U91","DL, P95, PD, U91",U91,Unleaded 91,174.9,1.749,195.9,195.9,196.9,196.9,,,174.9,174.9,,,186.9,186.9,,,,,,,,,,,,,False,https://www.woolworths.com.au/Shop/Discover/petrol,OK,OK,https://myfuelnt.nt.gov.au/Home/Results?Location=3&FuelCode=ALLD,serverJson:root.FuelOutlet
2026-06-14,2026-06-14 08:57:59,FuelXpress Palmerston,Cnr Roystonea Avenue & Temple Terrace,Palmerston,0830,NT,9,130.98852,-12.478572,FX,FX,217,08300217,True,True,195.5,1.955,195.5,1.955,,,172.5,1.725,,,184.5,1.845,203.5,2.035,,,,,,,,,,,195.5,1.955,195.5,1.955,,,172.5,1.725,,,184.5,1.845,203.5,2.035,,,,,,,,,,,True,True,True,True,,,True,True,,,True,True,True,True,,,,,,,,,,,5,5,"DL, P95, P98, PD, U91","DL, P95, P98, PD, U91",U91,Unleaded 91,172.5,1.725,195.5,195.5,195.5,195.5,,,172.5,172.5,,,184.5,184.5,203.5,203.5,,,,,,,,,,,False,https://www.fuelxpress.com.au,OK,OK,https://myfuelnt.nt.gov.au/Home/Results?Location=3&FuelCode=ALLD,serverJson:root.FuelOutlet
2026-06-14,2026-06-14 08:57:59,OTR Palmerston,Cnr Chung Wah Tce & Temple Tce,Palmerston,0830,NT,9,130.985802,-12.482142,OR,OR,91,08300091,True,True,,,196.9,1.969,,,174.9,1.749,,,192.4,1.9240000000000002,203.9,2.039,,,,,,,,,,,,,196.9,1.969,,,174.9,1.749,,,192.4,1.9240000000000002,203.9,2.039,,,,,,,,,,,,,True,True,,,True,True,,,True,True,True,True,,,,,,,,,,,4,4,"P95, P98, PD, U91","P95, P98, PD, U91",U91,Unleaded 91,174.9,1.749,,,196.9,196.9,,,174.9,174.9,,,192.4,192.4,203.9,203.9,,,,,,,,,,,False,https://www.otr.com.au,OK,OK,https://myfuelnt.nt.gov.au/Home/Results?Location=3&FuelCode=ALLD,serverJson:root.FuelOutlet
2026-06-14,2026-06-14 08:57:59,Independent Papunya Community Store,Lot 219 Nyananyana Street,Papunya,0872,NT,4,131.912206,-23.202401,IN,IN,96,08720096,True,True,330.0,3.3,,,,,,,280.0,2.8,,,,,,,,,,,,,,,330.0,3.3,,,,,,,280.0,2.8,,,,,,,,,,,,,,,True,True,,,,,,,True,True,,,,,,,,,,,,,,,2,2,"DL, LAF","DL, LAF",LAF,Low Aromatic Fuel,280.0,2.8,330.0,330.0,,,,,,,280.0,280.0,,,,,,,,,,,,,,,False,https://outbackstores.com.au,OK,OK,https://myfuelnt.nt.gov.au/Home/Results?Location=3&FuelCode=ALLD,serverJson:root.FuelOutlet
2026-06-14,2026-06-14 08:57:59,Independent Peppimenarti Store,"Lot 15, Peppi Main Road",Peppimenarti,0822,NT,1,130.081742,-14.156288,IN,MO,134,08220134,True,True,295.0,2.95,,,,,,,260.0,2.6,,,,,,,,,,,,,,,295.0,2.95,,,,,,,260.0,2.6,,,,,,,,,,,,,,,True,True,,,,,,,True,True,,,,,,,,,,,,,,,2,2,"DL, LAF","DL, LAF",LAF,Low Aromatic Fuel,260.0,2.6,295.0,295.0,,,,,,,260.0,260.0,,,,,,,,,,,,,,,False,,OK,OK,https://myfuelnt.nt.gov.au/Home/Results?Location=3&FuelCode=ALLD,serverJson:root.FuelOutlet
2026-06-14,2026-06-14 08:57:59,Independent Curtin Springs Wayside Inn,16042 Lasseter Hwy,Petermann,0872,NT,4,131.756548,-25.314986,IN,IN,115,08720115,True,True,395.9,3.9589999999999996,,,,,345.9,3.4589999999999996,345.9,3.4589999999999996,,,,,,,,,,,,,,,395.9,3.9589999999999996,,,,,345.9,3.4589999999999996,345.9,3.4589999999999996,,,,,,,,,,,,,,,True,True,,,,,True,True,True,True,,,,,,,,,,,,,,,3,3,"DL, LAF, U91","DL, LAF, U91",LAF,Low Aromatic Fuel,345.9,3.4589999999999996,395.9,395.9,,,,,345.9,345.9,345.9,345.9,,,,,,,,,,,,,,,False,https://www.curtinsprings.com,OK,OK,https://myfuelnt.nt.gov.au/Home/Results?Location=3&FuelCode=ALLD,serverJson:root.FuelOutlet
2026-06-14,2026-06-14 08:57:59,Independent Kings Canyon Resort Service Station and General Store,Luritja Road,Petermann,0872,NT,4,131.511377,-24.250572,IN,CA,172,08720172,True,True,330.0,3.3,,,,,,,,,305.0,3.05,,,,,,,,,,,,,330.0,3.3,,,,,,,,,305.0,3.05,,,,,,,,,,,,,True,True,,,,,,,,,True,True,,,,,,,,,,,,,2,2,"DL, P95","DL, P95",P95,Premium 95,305.0,3.05,330.0,330.0,,,,,,,,,305.0,305.0,,,,,,,,,,,,,False,,OK,OK,https://myfuelnt.nt.gov.au/Home/Results?Location=3&FuelCode=ALLD,serverJson:root.FuelOutlet
2026-06-14,2026-06-14 08:57:59,Independent Lazy Lizard Caravan Park,299 Millar Terrace,Pine Creek,0847,NT,6,131.834886,-13.821815,IN,IN,123,08470123,True,True,229.9,2.299,,,,,,,213.9,2.1390000000000002,222.9,2.229,,,,,,,,,,,,,229.9,2.299,,,,,,,213.9,2.1390000000000002,222.9,2.229,,,,,,,,,,,,,True,True,,,,,,,True,True,True,True,,,,,,,,,,,,,3,3,"DL, LAF, P95","DL, LAF, P95",LAF,Low Aromatic Fuel,213.9,2.1390000000000002,229.9,229.9,,,,,,,213.9,213.9,222.9,222.9,,,,,,,,,,,,,False,,OK,OK,https://myfuelnt.nt.gov.au/Home/Results?Location=3&FuelCode=ALLD,serverJson:root.FuelOutlet
2026-06-14,2026-06-14 08:57:59,BP Eleven Mile,890 Stuart Highway,Pinelands,0828,NT,9,130.966706,-12.456695,BP,BP,92,08280092,True,True,195.9,1.959,,,,,174.9,1.749,,,184.9,1.849,196.9,1.969,,,,,,,,,,,195.9,1.959,,,,,174.9,1.749,,,184.9,1.849,196.9,1.969,,,,,,,,,,,True,True,,,,,True,True,,,True,True,True,True,,,,,,,,,,,4,4,"DL, P95, P98, U91","DL, P95, P98, U91",U91,Unleaded 91,174.9,1.749,195.9,195.9,,,,,174.9,174.9,,,184.9,184.9,196.9,196.9,,,,,,,,,,,False,,OK,OK,https://myfuelnt.nt.gov.au/Home/Results?Location=3&FuelCode=ALLD,serverJson:root.FuelOutlet
2026-06-14,2026-06-14 08:57:59,UNITED PALMERSTON (ROSEBERY) PIEFACE,"Lot 1102, 164 Forrest Parade",ROSEBERY,0832,NT,9,130.99037,-12.50878,UN,UN,71,08320071,True,True,195.9,1.959,,,,,174.9,1.749,,,190.9,1.909,219.9,2.199,,,249.9,2.499,,,,,,,195.9,1.959,,,,,174.9,1.749,,,190.9,1.909,219.9,2.199,,,249.9,2.499,,,,,,,True,True,,,,,True,True,,,True,True,True,True,,,True,True,,,,,,,5,5,"DL, E85, P95, P98, U91","DL, E85, P95, P98, U91",U91,Unleaded 91,174.9,1.749,195.9,195.9,,,,,174.9,174.9,,,190.9,190.9,219.9,219.9,,,249.9,249.9,,,,,,,False,https://www.unitedpetroleum.com.au,OK,OK,https://myfuelnt.nt.gov.au/Home/Results?Location=3&FuelCode=ALLD,serverJson:root.FuelOutlet
2026-06-14,2026-06-14 08:57:59,Ramingining Xpress,ENTRY BY PERMIT ONLY. 22 Ganinydja Road,Ramingining,0822,NT,7,134.925448,-12.332083,PM,PM,6,08220006,True,True,399.0,3.99,,,,,,,364.0,3.64,,,,,,,,,,,,,,,399.0,3.99,,,,,,,364.0,3.64,,,,,,,,,,,,,,,True,True,,,,,,,True,True,,,,,,,,,,,,,,,2,2,"DL, LAF","DL, LAF",LAF,Low Aromatic Fuel,364.0,3.64,399.0,399.0,,,,,,,364.0,364.0,,,,,,,,,,,,,,,False,https://www.alpa.asn.au,OK,OK,https://myfuelnt.nt.gov.au/Home/Results?Location=3&FuelCode=ALLD,serverJson:root.FuelOutlet
2026-06-14,2026-06-14 08:57:59,BP Renner Springs Desert Inn,9047 Stuart Highway,Renner Springs,0862,NT,5,133.795469,-18.318526,BP,BP,117,08620117,True,True,,,,,,,245.0,2.45,,,258.0,2.58,,,,,,,,,,,,,,,,,,,245.0,2.45,,,258.0,2.58,,,,,,,,,,,,,,,,,,,True,True,,,True,True,,,,,,,,,,,,,2,2,"P95, U91","P95, U91",U91,Unleaded 91,245.0,2.45,,,,,,,245.0,245.0,,,258.0,258.0,,,,,,,,,,,,,False,http://www.rennerspringshotel.com.au,OK,OK,https://myfuelnt.nt.gov.au/Home/Results?Location=3&FuelCode=ALLD,serverJson:root.FuelOutlet
2026-06-14,2026-06-14 08:57:59,Renner Springs Desert Inn (BP Fuel),9047 Stuart Highway - 24/7,Renner Springs,0862,NT,5,133.79596,-18.3186,BP,BP,226,08620226,True,True,260.0,2.6,,,,,,,,,,,,,,,,,,,,,,,260.0,2.6,,,,,,,,,,,,,,,,,,,,,,,True,True,,,,,,,,,,,,,,,,,,,,,,,1,1,DL,DL,DL,Diesel,260.0,2.6,260.0,260.0,,,,,,,,,,,,,,,,,,,,,,,False,http://www.rennerspringshotel.com.au,OK,OK,https://myfuelnt.nt.gov.au/Home/Results?Location=3&FuelCode=ALLD,serverJson:root.FuelOutlet
2026-06-14,2026-06-14 08:57:59,Robinson River Store,Robinson River Rd,Robinson River,0852,NT,6,136.983529,-16.758521,PM,PM,8,08520008,True,True,239.0,2.39,,,,,,,259.0,2.59,,,,,,,,,,,,,,,239.0,2.39,,,,,,,259.0,2.59,,,,,,,,,,,,,,,True,True,,,,,,,True,True,,,,,,,,,,,,,,,2,2,"DL, LAF","DL, LAF",DL,Diesel,239.0,2.39,239.0,239.0,,,,,,,259.0,259.0,,,,,,,,,,,,,,,False,https://www.alpa.asn.au,OK,OK,https://myfuelnt.nt.gov.au/Home/Results?Location=3&FuelCode=ALLD,serverJson:root.FuelOutlet
2026-06-14,2026-06-14 08:57:59,Independent Santa Teresa Store,Cnr Store Rd/Alice Rd (Lot 132),Santa Teresa,0870,NT,4,134.372429,-24.1299,IN,IN,18,08700018,True,True,359.0,3.59,,,,,,,305.0,3.05,,,,,,,,,,,,,,,359.0,3.59,,,,,,,305.0,3.05,,,,,,,,,,,,,,,True,True,,,,,,,True,True,,,,,,,,,,,,,,,2,2,"DL, LAF","DL, LAF",LAF,Low Aromatic Fuel,305.0,3.05,359.0,359.0,,,,,,,305.0,305.0,,,,,,,,,,,,,,,False,https://outbackstores.com.au,OK,OK,https://myfuelnt.nt.gov.au/Home/Results?Location=3&FuelCode=ALLD,serverJson:root.FuelOutlet
2026-06-14,2026-06-14 08:57:59,Independent Victoria River Roadhouse,19405 Victoria Highway,South Gregory,0851,NT,6,131.127829,-15.616434,IN,IN,113,08520113,True,True,230.0,2.3,,,,,200.0,2.0,,,297.0,2.97,,,,,,,,,,,,,230.0,2.3,,,,,200.0,2.0,,,297.0,2.97,,,,,,,,,,,,,True,True,,,,,True,True,,,True,True,,,,,,,,,,,,,3,3,"DL, P95, U91","DL, P95, U91",U91,Unleaded 91,200.0,2.0,230.0,230.0,,,,,200.0,200.0,,,297.0,297.0,,,,,,,,,,,,,False,,OK,OK,https://myfuelnt.nt.gov.au/Home/Results?Location=3&FuelCode=ALLD,serverJson:root.FuelOutlet
2026-06-14,2026-06-14 08:57:59,Solo Stuart Park,34-36 Stuart Highway,Stuart Park,0820,NT,3,130.8415,-12.448807,SO,SO,230,08200230,True,True,189.9,1.899,,,,,165.9,1.659,,,174.9,1.749,194.9,1.949,,,,,,,,,,,189.9,1.899,,,,,165.9,1.659,,,174.9,1.749,194.9,1.949,,,,,,,,,,,True,True,,,,,True,True,,,True,True,True,True,,,,,,,,,,,4,4,"DL, P95, P98, U91","DL, P95, P98, U91",U91,Unleaded 91,165.9,1.659,189.9,189.9,,,,,165.9,165.9,,,174.9,174.9,194.9,194.9,,,,,,,,,,,False,,OK,OK,https://myfuelnt.nt.gov.au/Home/Results?Location=3&FuelCode=ALLD,serverJson:root.FuelOutlet
2026-06-14,2026-06-14 08:57:59,Independent Red Centre Farm,278 Woodforde Rd (Stuart Highway),TI TREE,0872,NT,4,133.420507,-22.24557,IN,IN,162,08720162,True,True,260.0,2.6,,,,,,,,,260.0,2.6,,,,,,,,,,,,,260.0,2.6,,,,,,,,,260.0,2.6,,,,,,,,,,,,,True,True,,,,,,,,,True,True,,,,,,,,,,,,,2,2,"DL, P95","DL, P95",DL,Diesel,260.0,2.6,260.0,260.0,,,,,,,,,260.0,260.0,,,,,,,,,,,,,False,,OK,OK,https://myfuelnt.nt.gov.au/Home/Results?Location=3&FuelCode=ALLD,serverJson:root.FuelOutlet
2026-06-14,2026-06-14 08:57:59,Timber Creek Travellers Rest,(Lot 94) 78 Victoria Highway,TIMBER CREEK,0852,NT,6,130.480501,-15.661786,BP,BP,148,08520148,True,True,225.0,2.25,,,,,197.0,1.97,,,222.0,2.22,,,,,,,,,,,,,225.0,2.25,,,,,197.0,1.97,,,222.0,2.22,,,,,,,,,,,,,True,True,,,,,True,True,,,True,True,,,,,,,,,,,,,3,3,"DL, P95, U91","DL, P95, U91",U91,Unleaded 91,197.0,1.97,225.0,225.0,,,,,197.0,197.0,,,222.0,222.0,,,,,,,,,,,,,False,http://timbercreektr.com.au,OK,OK,https://myfuelnt.nt.gov.au/Home/Results?Location=3&FuelCode=ALLD,serverJson:root.FuelOutlet
2026-06-14,2026-06-14 08:57:59,Independent Army & Airforce Canteen Service Tindal,"Bldg 260-261 Newham Circuit, RAAF Base Tindal",TINDAL,0856,NT,6,132.396529,-14.499858,IN,BP,124,08560124,True,True,205.0,2.05,,,,,,,189.0,1.89,196.0,1.96,,,,,,,,,,,,,205.0,2.05,,,,,,,189.0,1.89,196.0,1.96,,,,,,,,,,,,,True,True,,,,,,,True,True,True,True,,,,,,,,,,,,,3,3,"DL, LAF, P95","DL, LAF, P95",LAF,Low Aromatic Fuel,189.0,1.89,205.0,205.0,,,,,,,189.0,189.0,196.0,196.0,,,,,,,,,,,,,False,https://www.aafcans.gov.au,OK,OK,https://myfuelnt.nt.gov.au/Home/Results?Location=3&FuelCode=ALLD,serverJson:root.FuelOutlet
2026-06-14,2026-06-14 08:57:59,TOP SPRINGS HOTEL,147 Buchanan Highway (Crn Buntine & Buchanan Highway,TOP SPRINGS,0852,NT,6,131.796902,-16.543589,PM,IN,156,08520156,True,True,280.0,2.8,,,,,,,245.0,2.45,,,,,,,,,,,,,,,280.0,2.8,,,,,,,245.0,2.45,,,,,,,,,,,,,,,True,True,,,,,,,True,True,,,,,,,,,,,,,,,2,2,"DL, LAF","DL, LAF",LAF,Low Aromatic Fuel,245.0,2.45,280.0,280.0,,,,,,,245.0,245.0,,,,,,,,,,,,,,,False,https://www.topspringshotel.com.au/,OK,OK,https://myfuelnt.nt.gov.au/Home/Results?Location=3&FuelCode=ALLD,serverJson:root.FuelOutlet
2026-06-14,2026-06-14 08:57:59,Independent Barkly Homestead,2 Barkly Hwy (Cnr Barkly and Tablelands Highways),Tablelands,0862,NT,5,135.827585,-19.710849,IN,IN,111,08620111,True,True,244.0,2.44,,,,,225.0,2.25,,,230.0,2.3,,,,,,,,,,,,,244.0,2.44,,,,,225.0,2.25,,,230.0,2.3,,,,,,,,,,,,,True,True,,,,,True,True,,,True,True,,,,,,,,,,,,,3,3,"DL, P95, U91","DL, P95, U91",U91,Unleaded 91,225.0,2.25,244.0,244.0,,,,,225.0,225.0,,,230.0,230.0,,,,,,,,,,,,,False,https://www.barklyhomestead.com.au/,OK,OK,https://myfuelnt.nt.gov.au/Home/Results?Location=3&FuelCode=ALLD,serverJson:root.FuelOutlet
2026-06-14,2026-06-14 08:57:59,BP Complex Tennant Creek,"Lot 1041, 216 Paterson Street",Tennant Creek,0861,NT,5,134.192328,-19.637121,BP,BP,179,08610179,True,True,229.8,2.298,,,,,,,195.9,1.959,214.9,2.149,249.9,2.499,,,,,,,,,,,229.8,2.298,,,,,,,195.9,1.959,214.9,2.149,249.9,2.499,,,,,,,,,,,True,True,,,,,,,True,True,True,True,True,True,,,,,,,,,,,4,4,"DL, LAF, P95, P98","DL, LAF, P95, P98",LAF,Low Aromatic Fuel,195.9,1.959,229.8,229.8,,,,,,,195.9,195.9,214.9,214.9,249.9,249.9,,,,,,,,,,,False,,OK,OK,https://myfuelnt.nt.gov.au/Home/Results?Location=3&FuelCode=ALLD,serverJson:root.FuelOutlet
2026-06-14,2026-06-14 08:57:59,Independent Red Shop,71 Peko Road,Tennant Creek,0860,NT,5,134.19919,-19.646463,IN,IN,207,08600207,True,True,240.0,2.4,,,,,,,210.0,2.1,,,,,,,,,,,,,,,240.0,2.4,,,,,,,210.0,2.1,,,,,,,,,,,,,,,True,True,,,,,,,True,True,,,,,,,,,,,,,,,2,2,"DL, LAF","DL, LAF",LAF,Low Aromatic Fuel,210.0,2.1,240.0,240.0,,,,,,,210.0,210.0,,,,,,,,,,,,,,,False,www.outbacktennantcreek.com.au,OK,OK,https://myfuelnt.nt.gov.au/Home/Results?Location=3&FuelCode=ALLD,serverJson:root.FuelOutlet
2026-06-14,2026-06-14 08:57:59,Lone Star Service Station,3 Lot 1192 Paterson Street,Tennant Creek,0860,NT,5,134.187991,-19.653985,AM,AM,3,08600003,True,True,,,229.9,2.299,,,,,195.9,1.959,215.9,2.1590000000000003,,,,,,,,,,,,,,,229.9,2.299,,,,,195.9,1.959,215.9,2.1590000000000003,,,,,,,,,,,,,,,True,True,,,,,True,True,True,True,,,,,,,,,,,,,3,3,"LAF, P95, PD","LAF, P95, PD",LAF,Low Aromatic Fuel,195.9,1.959,,,229.9,229.9,,,,,195.9,195.9,215.9,215.9,,,,,,,,,,,,,False,,OK,OK,https://myfuelnt.nt.gov.au/Home/Results?Location=3&FuelCode=ALLD,serverJson:root.FuelOutlet
2026-06-14,2026-06-14 08:57:59,Refuel Australia Tennant Creek,25 Standley Street,Tennant Creek,0860,NT,5,134.185093,-19.654691,AM,AM,218,08600218,True,True,224.8,2.248,,,,,,,,,,,,,,,,,,,,,,,224.8,2.248,,,,,,,,,,,,,,,,,,,,,,,True,True,,,,,,,,,,,,,,,,,,,,,,,1,1,DL,DL,DL,Diesel,224.8,2.248,224.8,224.8,,,,,,,,,,,,,,,,,,,,,,,False,https://www.refuelaus.com.au/,OK,OK,https://myfuelnt.nt.gov.au/Home/Results?Location=3&FuelCode=ALLD,serverJson:root.FuelOutlet
2026-06-14,2026-06-14 08:57:59,Tennant Creek Service Station,222 Paterson Street,Tennant Creek,0860,NT,5,134.192451,-19.636383,AS,AS,187,08600187,True,True,247.7,2.477,,,,,,,225.0,2.25,237.8,2.378,,,,,,,,,,,,,247.7,2.477,,,,,,,225.0,2.25,237.8,2.378,,,,,,,,,,,,,True,True,,,,,,,True,True,True,True,,,,,,,,,,,,,3,3,"DL, LAF, P95","DL, LAF, P95",LAF,Low Aromatic Fuel,225.0,2.25,247.7,247.7,,,,,,,225.0,225.0,237.8,237.8,,,,,,,,,,,,,False,,OK,OK,https://myfuelnt.nt.gov.au/Home/Results?Location=3&FuelCode=ALLD,serverJson:root.FuelOutlet
2026-06-14,2026-06-14 08:57:59,Threeways,Cnr Stuart Highway and Barkly Highway,Tennant Creek,0861,NT,5,134.208254,-19.436597,SH,SH,135,08610135,True,True,265.0,2.65,,,,,,,254.0,2.54,265.0,2.65,,,,,,,,,,,,,265.0,2.65,,,,,,,254.0,2.54,265.0,2.65,,,,,,,,,,,,,True,True,,,,,,,True,True,True,True,,,,,,,,,,,,,3,3,"DL, LAF, P95","DL, LAF, P95",LAF,Low Aromatic Fuel,254.0,2.54,265.0,265.0,,,,,,,254.0,254.0,265.0,265.0,,,,,,,,,,,,,False,http://threewaysroadhouse.com.au,OK,OK,https://myfuelnt.nt.gov.au/Home/Results?Location=3&FuelCode=ALLD,serverJson:root.FuelOutlet
2026-06-14,2026-06-14 08:57:59,Independent Ti Tree Farm Garden,26 Spencer Street,Ti Tree,0872,NT,4,133.41331,-22.12836,IN,IN,196,08720196,True,True,310.0,3.1,,,,,,,,,280.0,2.8,,,,,,,,,,,,,310.0,3.1,,,,,,,,,280.0,2.8,,,,,,,,,,,,,True,True,,,,,,,,,True,True,,,,,,,,,,,,,2,2,"DL, P95","DL, P95",P95,Premium 95,280.0,2.8,310.0,310.0,,,,,,,,,280.0,280.0,,,,,,,,,,,,,False,,OK,OK,https://myfuelnt.nt.gov.au/Home/Results?Location=3&FuelCode=ALLD,serverJson:root.FuelOutlet
2026-06-14,2026-06-14 08:57:59,Ti Tree Roadhouse,Lot 3 Stuart Highway,Ti Tree,0872,NT,4,133.423997,-22.097869,AM,AM,197,08720197,True,True,290.0,2.9,,,,,270.0,2.7,,,,,,,,,,,,,,,,,290.0,2.9,,,,,270.0,2.7,,,,,,,,,,,,,,,,,True,True,,,,,True,True,,,False,False,,,,,,,,,,,,,3,2,"DL, P95, U91","DL, U91",U91,Unleaded 91,270.0,2.7,290.0,290.0,,,,,270.0,270.0,,,0.0,0.0,,,,,,,,,,,,,False,,OK,OK,https://myfuelnt.nt.gov.au/Home/Results?Location=3&FuelCode=ALLD,serverJson:root.FuelOutlet
2026-06-14,2026-06-14 08:57:59,Refuel Australia Timber Creek,3 Wilson Street,Timber Creek,0852,NT,6,130.46954,-15.643745,AM,AM,235,08520235,True,True,225.8,2.258,,,,,,,,,,,,,,,,,,,,,,,225.8,2.258,,,,,,,,,,,,,,,,,,,,,,,True,True,,,,,,,,,,,,,,,,,,,,,,,1,1,DL,DL,DL,Diesel,225.8,2.258,225.8,225.8,,,,,,,,,,,,,,,,,,,,,,,False,http://www.refuelaus.com.au,OK,OK,https://myfuelnt.nt.gov.au/Home/Results?Location=3&FuelCode=ALLD,serverJson:root.FuelOutlet
2026-06-14,2026-06-14 08:57:59,United Timber Creek Supermarket,"58 Victoria Highway, Timber Creek, NT 0852",Timber Creek,0852,NT,6,130.48073,-15.66293,UN,UN,236,08520236,True,True,224.9,2.249,,,,,196.9,1.969,,,221.9,2.219,,,,,,,,,,,,,224.9,2.249,,,,,196.9,1.969,,,221.9,2.219,,,,,,,,,,,,,True,True,,,,,True,True,,,True,True,,,,,,,,,,,,,3,3,"DL, P95, U91","DL, P95, U91",U91,Unleaded 91,196.9,1.969,224.9,224.9,,,,,196.9,196.9,,,221.9,221.9,,,,,,,,,,,,,False,,OK,OK,https://myfuelnt.nt.gov.au/Home/Results?Location=3&FuelCode=ALLD,serverJson:root.FuelOutlet
2026-06-14,2026-06-14 08:57:59,Independent Titjikala Store,Lot 28,Titjikala,0872,NT,4,134.075971,-24.674253,IN,CA,20,08720020,True,True,346.0,3.46,,,,,,,297.0,2.97,,,,,,,,,,,,,,,346.0,3.46,,,,,,,297.0,2.97,,,,,,,,,,,,,,,True,True,,,,,,,True,True,,,,,,,,,,,,,,,2,2,"DL, LAF","DL, LAF",LAF,Low Aromatic Fuel,297.0,2.97,346.0,346.0,,,,,,,297.0,297.0,,,,,,,,,,,,,,,False,https://outbackstores.com.au,OK,OK,https://myfuelnt.nt.gov.au/Home/Results?Location=3&FuelCode=ALLD,serverJson:root.FuelOutlet
2026-06-14,2026-06-14 08:57:59,Independent Tobermorey Roadhouse,"1 Tobermorey Roadhouse, Plenty Highway",Urandangie,4825,NT,4,137.973541,-22.274359,IN,IN,198,48250198,True,True,346.0,3.46,,,,,299.0,2.99,,,,,,,,,,,,,,,,,346.0,3.46,,,,,299.0,2.99,,,,,,,,,,,,,,,,,True,True,,,,,True,True,,,,,,,,,,,,,,,,,2,2,"DL, U91","DL, U91",U91,Unleaded 91,299.0,2.99,346.0,346.0,,,,,299.0,299.0,,,,,,,,,,,,,,,,,False,,OK,OK,https://myfuelnt.nt.gov.au/Home/Results?Location=3&FuelCode=ALLD,serverJson:root.FuelOutlet
2026-06-14,2026-06-14 08:57:59,Independent Urapunga Store,Lot 29 Rittarangu Street,Urapunga,0852,NT,6,134.567296,-14.709765,IN,IN,238,08520238,True,True,327.0,3.27,,,,,,,300.0,3.0,,,,,,,,,,,,,,,327.0,3.27,,,,,,,300.0,3.0,,,,,,,,,,,,,,,True,True,,,,,,,True,True,,,,,,,,,,,,,,,2,2,"DL, LAF","DL, LAF",LAF,Low Aromatic Fuel,300.0,3.0,327.0,327.0,,,,,,,300.0,300.0,,,,,,,,,,,,,,,False,https://outbackstores.com.au,OK,OK,https://myfuelnt.nt.gov.au/Home/Results?Location=3&FuelCode=ALLD,serverJson:root.FuelOutlet
2026-06-14,2026-06-14 08:57:59,Gemtree Caravan Park,6990 Plenty Highway,Via Alice Springs,0872,NT,4,134.241255,-22.96829,PM,PM,141,08720141,True,True,290.0,2.9,,,,,280.0,2.8,,,,,,,,,,,,,,,,,290.0,2.9,,,,,280.0,2.8,,,,,,,,,,,,,,,,,True,True,,,,,True,True,,,,,,,,,,,,,,,,,2,2,"DL, U91","DL, U91",U91,Unleaded 91,280.0,2.8,290.0,290.0,,,,,280.0,280.0,,,,,,,,,,,,,,,,,False,,OK,OK,https://myfuelnt.nt.gov.au/Home/Results?Location=3&FuelCode=ALLD,serverJson:root.FuelOutlet
2026-06-14,2026-06-14 08:57:59,Independent Kings Creek Station,12725 Luritja Road,Via Alice Springs,0872,NT,4,131.817917,-24.405307,IN,IN,99,08720099,True,True,349.0,3.49,,,,,299.0,2.99,,,311.0,3.11,,,,,,,,,,,,,349.0,3.49,,,,,299.0,2.99,,,311.0,3.11,,,,,,,,,,,,,True,True,,,,,True,True,,,True,True,,,,,,,,,,,,,3,3,"DL, P95, U91","DL, P95, U91",U91,Unleaded 91,299.0,2.99,349.0,349.0,,,,,299.0,299.0,,,311.0,311.0,,,,,,,,,,,,,False,http://www.kingscreekstation.com.au,OK,OK,https://myfuelnt.nt.gov.au/Home/Results?Location=3&FuelCode=ALLD,serverJson:root.FuelOutlet
2026-06-14,2026-06-14 08:57:59,Ausfuel Virginia,30 Virginia Road,Virginia,0835,NT,2,131.029042,-12.517866,AF,AF,95,08350095,True,True,197.9,1.979,,,,,175.9,1.7590000000000001,,,191.9,1.919,,,,,,,,,,,,,197.9,1.979,,,,,175.9,1.7590000000000001,,,191.9,1.919,,,,,,,,,,,,,True,True,,,,,True,True,,,True,True,,,,,,,,,,,,,3,3,"DL, P95, U91","DL, P95, U91",U91,Unleaded 91,175.9,1.7590000000000001,197.9,197.9,,,,,175.9,175.9,,,191.9,191.9,,,,,,,,,,,,,False,,OK,OK,https://myfuelnt.nt.gov.au/Home/Results?Location=3&FuelCode=ALLD,serverJson:root.FuelOutlet
2026-06-14,2026-06-14 08:57:59,Thamarrurr Development Corporation Mechanical Workshop,Lot 485 Perdjert Street,WADEYE,0822,NT,1,129.520224,-14.237557,PM,PM,126,08220126,True,True,288.0,2.88,,,,,,,263.0,2.63,,,,,,,,,,,,,,,288.0,2.88,,,,,,,263.0,2.63,,,,,,,,,,,,,,,True,True,,,,,,,True,True,,,,,,,,,,,,,,,2,2,"DL, LAF","DL, LAF",LAF,Low Aromatic Fuel,263.0,2.63,288.0,288.0,,,,,,,263.0,263.0,,,,,,,,,,,,,,,False,http://www.thamarrurr.org.au,OK,OK,https://myfuelnt.nt.gov.au/Home/Results?Location=3&FuelCode=ALLD,serverJson:root.FuelOutlet
2026-06-14,2026-06-14 08:57:59,UNITED CASUARINA PIEFACE,17 Vanderlin Drive,WANGURI,0810,NT,3,130.88528,-12.376162,UN,UN,66,08100066,True,True,189.5,1.895,,,,,165.5,1.655,,,181.5,1.815,210.5,2.105,,,,,,,,,,,189.5,1.895,,,,,165.5,1.655,,,181.5,1.815,210.5,2.105,,,,,,,,,,,True,True,,,,,True,True,,,True,True,True,True,,,,,,,,,,,4,4,"DL, P95, P98, U91","DL, P95, P98, U91",U91,Unleaded 91,165.5,1.655,189.5,189.5,,,,,165.5,165.5,,,181.5,181.5,210.5,210.5,,,,,,,,,,,False,https://www.unitedpetroleum.com.au,OK,OK,https://myfuelnt.nt.gov.au/Home/Results?Location=3&FuelCode=ALLD,serverJson:root.FuelOutlet
2026-06-14,2026-06-14 08:57:59,BP Winnellie,386 STUART HIGHWAY,WINNELLIE,0821,NT,3,130.869226,-12.425722,BP,BP,40,08210040,True,True,196.9,1.969,,,,,172.9,1.729,,,182.9,1.829,,,,,,,,,,,,,196.9,1.969,,,,,172.9,1.729,,,182.9,1.829,,,,,,,,,,,,,True,True,,,,,True,True,,,True,True,,,,,,,,,,,,,3,3,"DL, P95, U91","DL, P95, U91",U91,Unleaded 91,172.9,1.729,196.9,196.9,,,,,172.9,172.9,,,182.9,182.9,,,,,,,,,,,,,False,,OK,OK,https://myfuelnt.nt.gov.au/Home/Results?Location=3&FuelCode=ALLD,serverJson:root.FuelOutlet
2026-06-14,2026-06-14 08:57:59,UNITED WINNELLIE ROADHOUSE,1545 Stuart Highway (cnr Hook Road),WINNELLIE,0820,NT,3,130.893602,-12.426162,UN,UN,68,08200068,True,True,196.9,1.969,,,,,172.9,1.729,,,188.9,1.889,217.9,2.1790000000000003,,,,,,,,,,,196.9,1.969,,,,,172.9,1.729,,,188.9,1.889,217.9,2.1790000000000003,,,,,,,,,,,True,True,,,,,True,True,,,True,True,True,True,,,,,,,,,,,4,4,"DL, P95, P98, U91","DL, P95, P98, U91",U91,Unleaded 91,172.9,1.729,196.9,196.9,,,,,172.9,172.9,,,188.9,188.9,217.9,217.9,,,,,,,,,,,False,https://www.unitedpetroleum.com.au,OK,OK,https://myfuelnt.nt.gov.au/Home/Results?Location=3&FuelCode=ALLD,serverJson:root.FuelOutlet
2026-06-14,2026-06-14 08:57:59,Wagait Beach Supermarket Fuel,89 Wagait Tower Road,Wagait Beach,0822,NT,1,130.747752,-12.44015,PM,PM,139,08030139,True,True,285.0,2.85,,,,,225.0,2.25,,,295.0,2.95,,,,,,,,,,,,,285.0,2.85,,,,,225.0,2.25,,,295.0,2.95,,,,,,,,,,,,,True,True,,,,,True,True,,,True,True,,,,,,,,,,,,,3,3,"DL, P95, U91","DL, P95, U91",U91,Unleaded 91,225.0,2.25,285.0,285.0,,,,,225.0,225.0,,,295.0,295.0,,,,,,,,,,,,,False,http://www.wagaitbeachsupermarket.com,OK,OK,https://myfuelnt.nt.gov.au/Home/Results?Location=3&FuelCode=ALLD,serverJson:root.FuelOutlet
2026-06-14,2026-06-14 08:57:59,Ajurumu Self Service store,ENTRY BY PERMIT ONLY. 24 Hour. Lot 43 Warruwi Community,Warruwi,0822,NT,1,133.389994,-11.650534,PM,PM,13,08220013,True,True,373.0,3.73,,,,,,,302.0,3.02,,,,,,,,,,,,,,,373.0,3.73,,,,,,,302.0,3.02,,,,,,,,,,,,,,,True,True,,,,,,,True,True,,,,,,,,,,,,,,,2,2,"DL, LAF","DL, LAF",LAF,Low Aromatic Fuel,302.0,3.02,373.0,373.0,,,,,,,302.0,302.0,,,,,,,,,,,,,,,False,https://www.alpa.asn.au,OK,OK,https://myfuelnt.nt.gov.au/Home/Results?Location=3&FuelCode=ALLD,serverJson:root.FuelOutlet
2026-06-14,2026-06-14 08:57:59,Independent Discovery Parks - Glen Helen,Byrnes Road / 1 Namatjira Drive,West MacDonnell Ranges,0872,NT,4,132.673207,-23.685993,IN,IN,176,08720176,True,True,340.0,3.4,,,,,,,,,314.0,3.14,,,,,,,,,,,,,340.0,3.4,,,,,,,,,314.0,3.14,,,,,,,,,,,,,True,True,,,,,,,,,True,True,,,,,,,,,,,,,2,2,"DL, P95","DL, P95",P95,Premium 95,314.0,3.14,340.0,340.0,,,,,,,,,314.0,314.0,,,,,,,,,,,,,False,http://www.discoveryholidayparks.com.au/caravan-parks/northern-territory/macdonnell-ranges-glen-helen,OK,OK,https://myfuelnt.nt.gov.au/Home/Results?Location=3&FuelCode=ALLD,serverJson:root.FuelOutlet
2026-06-14,2026-06-14 08:57:59,Wirliyajarrayi Store,Lot 39,Willowra,0872,NT,4,132.609854,-21.247534,PM,PM,32,08720032,True,True,335.0,3.35,,,,,,,299.0,2.99,,,,,,,,,,,,,,,335.0,3.35,,,,,,,299.0,2.99,,,,,,,,,,,,,,,True,True,,,,,,,True,True,,,,,,,,,,,,,,,2,2,"DL, LAF","DL, LAF",LAF,Low Aromatic Fuel,299.0,2.99,335.0,335.0,,,,,,,299.0,299.0,,,,,,,,,,,,,,,False,https://outbackstores.com.au,OK,OK,https://myfuelnt.nt.gov.au/Home/Results?Location=3&FuelCode=ALLD,serverJson:root.FuelOutlet
2026-06-14,2026-06-14 08:57:59,FuelXpress Winnellie,46 Coonawarra Road,Winnellie,0820,NT,3,130.87497,-12.43074,FX,FX,45,08200045,True,True,189.5,1.895,,,,,165.5,1.655,,,174.5,1.745,,,,,,,,,,,,,189.5,1.895,,,,,165.5,1.655,,,174.5,1.745,,,,,,,,,,,,,True,True,,,,,True,True,,,True,True,,,,,,,,,,,,,3,3,"DL, P95, U91","DL, P95, U91",U91,Unleaded 91,165.5,1.655,189.5,189.5,,,,,165.5,165.5,,,174.5,174.5,,,,,,,,,,,,,False,https://www.fuelxpress.com.au,OK,OK,https://myfuelnt.nt.gov.au/Home/Results?Location=3&FuelCode=ALLD,serverJson:root.FuelOutlet
2026-06-14,2026-06-14 08:57:59,Independent My Autocare,166 Coonawarra Road,Winnellie,0820,NT,3,130.891404,-12.430993,IN,IN,200,08200200,True,True,,,,,,,,,,,,,,,,,,,189.2,1.892,,,,,,,,,,,,,,,,,,,,,,,189.2,1.892,,,,,,,,,,,,,,,,,,,,,,,True,True,,,,,1,1,LPG,LPG,LPG,LPG,189.2,1.892,,,,,,,,,,,,,,,,,,,189.2,189.2,,,,,False,www.automotive-solutions.com.au,OK,OK,https://myfuelnt.nt.gov.au/Home/Results?Location=3&FuelCode=ALLD,serverJson:root.FuelOutlet
2026-06-14,2026-06-14 08:57:59,BP Darwin Truckstop,13 Distribution Drive,Wishart,0822,NT,3,130.941972,-12.457972,BP,BP,212,08220212,True,True,194.9,1.949,197.9,1.979,,,172.9,1.729,,,187.9,1.879,,,,,,,,,,,,,194.9,1.949,197.9,1.979,,,172.9,1.729,,,187.9,1.879,,,,,,,,,,,,,True,True,True,True,,,True,True,,,True,True,,,,,,,,,,,,,4,4,"DL, P95, PD, U91","DL, P95, PD, U91",U91,Unleaded 91,172.9,1.729,194.9,194.9,197.9,197.9,,,172.9,172.9,,,187.9,187.9,,,,,,,,,,,,,False,,OK,OK,https://myfuelnt.nt.gov.au/Home/Results?Location=3&FuelCode=ALLD,serverJson:root.FuelOutlet
2026-06-14,2026-06-14 08:57:59,Refuel Australia Wishart Road,Cnr Wishart Road & McCarthy Close,Wishart,0822,NT,3,130.929661,-12.461616,AM,AM,58,08220058,True,True,195.8,1.9580000000000002,198.8,1.9880000000000002,,,,,,,,,,,,,,,,,,,,,195.8,1.9580000000000002,198.8,1.9880000000000002,,,,,,,,,,,,,,,,,,,,,True,True,True,True,,,,,,,,,,,,,,,,,,,,,2,2,"DL, PD","DL, PD",DL,Diesel,195.8,1.9580000000000002,195.8,195.8,198.8,198.8,,,,,,,,,,,,,,,,,,,,,False,,OK,OK,https://myfuelnt.nt.gov.au/Home/Results?Location=3&FuelCode=ALLD,serverJson:root.FuelOutlet
2026-06-14,2026-06-14 08:57:59,S24 Wishart Road,5 Wishart Road,Wishart,0828,NT,3,130.926545,-12.460552,OR,OR,94,08280094,True,True,,,196.9,1.969,,,172.9,1.729,,,190.4,1.9040000000000001,201.9,2.019,,,,,,,,,,,,,196.9,1.969,,,172.9,1.729,,,190.4,1.9040000000000001,201.9,2.019,,,,,,,,,,,,,True,True,,,True,True,,,True,True,True,True,,,,,,,,,,,4,4,"P95, P98, PD, U91","P95, P98, PD, U91",U91,Unleaded 91,172.9,1.729,,,196.9,196.9,,,172.9,172.9,,,190.4,190.4,201.9,201.9,,,,,,,,,,,False,https://www.otr.com.au,OK,OK,https://myfuelnt.nt.gov.au/Home/Results?Location=3&FuelCode=ALLD,serverJson:root.FuelOutlet
2026-06-14,2026-06-14 08:57:59,Nguiu Ullintjinni Association 24 Hrs Fuel,Lot 406 Puautjimi Street,Wurrumiyanga/Bathurst Island,0822,NT,8,130.634886,-11.757567,PM,PM,161,08220161,True,True,375.0,3.75,,,,,,,360.0,3.6,,,,,,,,,,,,,,,375.0,3.75,,,,,,,360.0,3.6,,,,,,,,,,,,,,,True,True,,,,,,,True,True,,,,,,,,,,,,,,,2,2,"DL, LAF","DL, LAF",LAF,Low Aromatic Fuel,360.0,3.6,375.0,375.0,,,,,,,360.0,360.0,,,,,,,,,,,,,,,False,,OK,OK,https://myfuelnt.nt.gov.au/Home/Results?Location=3&FuelCode=ALLD,serverJson:root.FuelOutlet
2026-06-14,2026-06-14 08:57:59,SHELL AYERS ROCK RESORT SERVICE STATION,7:00am - 8:00pm 7 days. 257 YULARA DRIVE,YULARA,0872,NT,4,130.990076,-25.240005,SH,SH,109,08720109,True,True,297.0,2.97,303.0,3.03,,,,,269.0,2.69,,,285.0,2.85,,,,,,,,,,,297.0,2.97,303.0,3.03,,,,,269.0,2.69,,,285.0,2.85,,,,,,,,,,,True,True,True,True,,,,,True,True,,,True,True,,,,,,,,,,,4,4,"DL, LAF, P98, PD","DL, LAF, P98, PD",LAF,Low Aromatic Fuel,269.0,2.69,297.0,297.0,303.0,303.0,,,,,269.0,269.0,,,285.0,285.0,,,,,,,,,,,False,https://www.vivaenergy.com.au/tools/fuel-finder,OK,OK,https://myfuelnt.nt.gov.au/Home/Results?Location=3&FuelCode=ALLD,serverJson:root.FuelOutlet
2026-06-14,2026-06-14 08:57:59,Independent Yarralin Community Store,Lot 33,Yarralin Community,0852,NT,6,130.883164,-16.446908,IN,IN,120,08520120,True,True,385.0,3.85,,,,,,,316.0,3.16,,,,,,,,,,,,,,,385.0,3.85,,,,,,,316.0,3.16,,,,,,,,,,,,,,,True,True,,,,,,,True,True,,,,,,,,,,,,,,,2,2,"DL, LAF","DL, LAF",LAF,Low Aromatic Fuel,316.0,3.16,385.0,385.0,,,,,,,316.0,316.0,,,,,,,,,,,,,,,False,,OK,OK,https://myfuelnt.nt.gov.au/Home/Results?Location=3&FuelCode=ALLD,serverJson:root.FuelOutlet
2026-06-14,2026-06-14 08:57:59,Ampol Foodary Yarrawonga,8 Middleton St,Yarrawonga,0830,NT,9,130.987781,-12.469825,AM,AM,56,08300056,True,True,,,197.9,1.979,,,174.9,1.749,,,191.9,1.919,213.9,2.1390000000000002,,,,,,,,,,,,,197.9,1.979,,,174.9,1.749,,,191.9,1.919,213.9,2.1390000000000002,,,,,,,,,,,,,True,True,,,True,True,,,True,True,True,True,,,,,,,,,,,4,4,"P95, P98, PD, U91","P95, P98, PD, U91",U91,Unleaded 91,174.9,1.749,,,197.9,197.9,,,174.9,174.9,,,191.9,191.9,213.9,213.9,,,,,,,,,,,False,https://www.ampol.com.au,OK,OK,https://myfuelnt.nt.gov.au/Home/Results?Location=3&FuelCode=ALLD,serverJson:root.FuelOutlet
2026-06-14,2026-06-14 08:57:59,Independent Yirrkala Community Store,"Lot 140, Tuffin Road",Yirrkala,0880,NT,7,136.891041,-12.25071,IN,IN,237,08800237,True,True,275.0,2.75,,,,,,,,,,,,,,,,,,,,,,,275.0,2.75,,,,,,,,,,,,,,,,,,,,,,,True,True,,,,,,,,,,,,,,,,,,,,,,,1,1,DL,DL,DL,Diesel,275.0,2.75,275.0,275.0,,,,,,,,,,,,,,,,,,,,,,,False,www.yirrkalacommunitystore.com.au,OK,OK,https://myfuelnt.nt.gov.au/Home/Results?Location=3&FuelCode=ALLD,serverJson:root.FuelOutlet
2026-06-14,2026-06-14 08:57:59,Independent Alpirakina Store (Yuelamu Store),Lot 21 Arrunge Crescent,Yuelamu,0872,NT,4,132.205158,-22.259432,IN,IN,144,08720144,True,True,390.0,3.9,,,,,,,343.0,3.43,,,,,,,,,,,,,,,390.0,3.9,,,,,,,343.0,3.43,,,,,,,,,,,,,,,True,True,,,,,,,True,True,,,,,,,,,,,,,,,2,2,"DL, LAF","DL, LAF",LAF,Low Aromatic Fuel,343.0,3.43,390.0,390.0,,,,,,,343.0,343.0,,,,,,,,,,,,,,,False,https://outbackstores.com.au,OK,OK,https://myfuelnt.nt.gov.au/Home/Results?Location=3&FuelCode=ALLD,serverJson:root.FuelOutlet
2026-06-14,2026-06-14 08:57:59,Independent Yuendumu Big Shop,369 Colliston Road,Yuendumu,0872,NT,4,131.795078,-22.25346,IN,IV,206,08720206,True,True,385.0,3.85,,,,,,,385.0,3.85,,,,,,,,,,,,,,,385.0,3.85,,,,,,,385.0,3.85,,,,,,,,,,,,,,,True,True,,,,,,,True,True,,,,,,,,,,,,,,,2,2,"DL, LAF","DL, LAF",DL,Diesel,385.0,3.85,385.0,385.0,,,,,,,385.0,385.0,,,,,,,,,,,,,,,False,www.maiwiru.org.au,OK,OK,https://myfuelnt.nt.gov.au/Home/Results?Location=3&FuelCode=ALLD,serverJson:root.FuelOutlet
2026-06-14,2026-06-14 08:57:59,Nguru Walalja Store,Lot 430,Yuendumu,0870,NT,4,131.794646,-22.25555,PM,PM,33,08720033,True,True,325.0,3.25,,,,,,,325.0,3.25,,,,,,,,,,,,,,,325.0,3.25,,,,,,,325.0,3.25,,,,,,,,,,,,,,,True,True,,,,,,,True,True,,,,,,,,,,,,,,,2,2,"DL, LAF","DL, LAF",DL,Diesel,325.0,3.25,325.0,325.0,,,,,,,325.0,325.0,,,,,,,,,,,,,,,False,https://outbackstores.com.au,OK,OK,https://myfuelnt.nt.gov.au/Home/Results?Location=3&FuelCode=ALLD,serverJson:root.FuelOutlet
2026-06-14,2026-06-14 08:57:59,Independent Redgum Store,1 Redgum Road,via Arlparra,0872,NT,4,134.970824,-22.262279,IN,IV,216,08720216,True,True,275.0,2.75,,,,,,,265.0,2.65,,,,,,,,,,,,,,,275.0,2.75,,,,,,,265.0,2.65,,,,,,,,,,,,,,,True,True,,,,,,,True,True,,,,,,,,,,,,,,,2,2,"DL, LAF","DL, LAF",LAF,Low Aromatic Fuel,265.0,2.65,275.0,275.0,,,,,,,265.0,265.0,,,,,,,,,,,,,,,False,,OK,OK,https://myfuelnt.nt.gov.au/Home/Results?Location=3&FuelCode=ALLD,serverJson:root.FuelOutlet
