Date,Week,Year,Fuel,State,Region,Geography_Type,Price_CPL,Source_Name,Page_URL
2025-08-24,24 Aug,2025,Diesel,NSW/ACT,Canberra,Capital City,193.1,Canberra,https://aip.com.au/pricing/diesel/new-south-wales-act-retail-diesel-prices/canberra/
2025-08-31,31 Aug,2025,Diesel,NSW/ACT,Canberra,Capital City,193.4,Canberra,https://aip.com.au/pricing/diesel/new-south-wales-act-retail-diesel-prices/canberra/
2025-09-07,7 Sep,2025,Diesel,NSW/ACT,Canberra,Capital City,193.3,Canberra,https://aip.com.au/pricing/diesel/new-south-wales-act-retail-diesel-prices/canberra/
2025-09-14,14 Sep,2025,Diesel,NSW/ACT,Canberra,Capital City,193.2,Canberra,https://aip.com.au/pricing/diesel/new-south-wales-act-retail-diesel-prices/canberra/
2025-09-21,21 Sep,2025,Diesel,NSW/ACT,Canberra,Capital City,193.1,Canberra,https://aip.com.au/pricing/diesel/new-south-wales-act-retail-diesel-prices/canberra/
2025-09-28,28 Sep,2025,Diesel,NSW/ACT,Canberra,Capital City,193.1,Canberra,https://aip.com.au/pricing/diesel/new-south-wales-act-retail-diesel-prices/canberra/
2025-10-05,5 Oct,2025,Diesel,NSW/ACT,Canberra,Capital City,193.4,Canberra,https://aip.com.au/pricing/diesel/new-south-wales-act-retail-diesel-prices/canberra/
2025-10-12,12 Oct,2025,Diesel,NSW/ACT,Canberra,Capital City,193.2,Canberra,https://aip.com.au/pricing/diesel/new-south-wales-act-retail-diesel-prices/canberra/
2025-10-19,19 Oct,2025,Diesel,NSW/ACT,Canberra,Capital City,193.1,Canberra,https://aip.com.au/pricing/diesel/new-south-wales-act-retail-diesel-prices/canberra/
2025-10-26,26 Oct,2025,Diesel,NSW/ACT,Canberra,Capital City,193.1,Canberra,https://aip.com.au/pricing/diesel/new-south-wales-act-retail-diesel-prices/canberra/
2025-11-02,2 Nov,2025,Diesel,NSW/ACT,Canberra,Capital City,193.2,Canberra,https://aip.com.au/pricing/diesel/new-south-wales-act-retail-diesel-prices/canberra/
2025-11-09,9 Nov,2025,Diesel,NSW/ACT,Canberra,Capital City,193.4,Canberra,https://aip.com.au/pricing/diesel/new-south-wales-act-retail-diesel-prices/canberra/
2025-11-16,16 Nov,2025,Diesel,NSW/ACT,Canberra,Capital City,195.7,Canberra,https://aip.com.au/pricing/diesel/new-south-wales-act-retail-diesel-prices/canberra/
2025-11-23,23 Nov,2025,Diesel,NSW/ACT,Canberra,Capital City,199.2,Canberra,https://aip.com.au/pricing/diesel/new-south-wales-act-retail-diesel-prices/canberra/
2025-11-30,30 Nov,2025,Diesel,NSW/ACT,Canberra,Capital City,201.8,Canberra,https://aip.com.au/pricing/diesel/new-south-wales-act-retail-diesel-prices/canberra/
2025-12-07,7 Dec,2025,Diesel,NSW/ACT,Canberra,Capital City,202.4,Canberra,https://aip.com.au/pricing/diesel/new-south-wales-act-retail-diesel-prices/canberra/
2025-12-14,14 Dec,2025,Diesel,NSW/ACT,Canberra,Capital City,202.2,Canberra,https://aip.com.au/pricing/diesel/new-south-wales-act-retail-diesel-prices/canberra/
2025-12-21,21 Dec,2025,Diesel,NSW/ACT,Canberra,Capital City,201.3,Canberra,https://aip.com.au/pricing/diesel/new-south-wales-act-retail-diesel-prices/canberra/
2025-12-28,28 Dec,2025,Diesel,NSW/ACT,Canberra,Capital City,200.4,Canberra,https://aip.com.au/pricing/diesel/new-south-wales-act-retail-diesel-prices/canberra/
2026-01-04,4 Jan,2026,Diesel,NSW/ACT,Canberra,Capital City,200.4,Canberra,https://aip.com.au/pricing/diesel/new-south-wales-act-retail-diesel-prices/canberra/
2026-01-11,11 Jan,2026,Diesel,NSW/ACT,Canberra,Capital City,198.2,Canberra,https://aip.com.au/pricing/diesel/new-south-wales-act-retail-diesel-prices/canberra/
2026-01-18,18 Jan,2026,Diesel,NSW/ACT,Canberra,Capital City,196.1,Canberra,https://aip.com.au/pricing/diesel/new-south-wales-act-retail-diesel-prices/canberra/
2026-01-25,25 Jan,2026,Diesel,NSW/ACT,Canberra,Capital City,195.8,Canberra,https://aip.com.au/pricing/diesel/new-south-wales-act-retail-diesel-prices/canberra/
2026-02-01,1 Feb,2026,Diesel,NSW/ACT,Canberra,Capital City,194.4,Canberra,https://aip.com.au/pricing/diesel/new-south-wales-act-retail-diesel-prices/canberra/
2026-02-08,8 Feb,2026,Diesel,NSW/ACT,Canberra,Capital City,189.7,Canberra,https://aip.com.au/pricing/diesel/new-south-wales-act-retail-diesel-prices/canberra/
2026-02-15,15 Feb,2026,Diesel,NSW/ACT,Canberra,Capital City,186.9,Canberra,https://aip.com.au/pricing/diesel/new-south-wales-act-retail-diesel-prices/canberra/
2026-02-22,22 Feb,2026,Diesel,NSW/ACT,Canberra,Capital City,186.9,Canberra,https://aip.com.au/pricing/diesel/new-south-wales-act-retail-diesel-prices/canberra/
2026-03-01,1 Mar,2026,Diesel,NSW/ACT,Canberra,Capital City,187.0,Canberra,https://aip.com.au/pricing/diesel/new-south-wales-act-retail-diesel-prices/canberra/
2026-03-08,8 Mar,2026,Diesel,NSW/ACT,Canberra,Capital City,198.9,Canberra,https://aip.com.au/pricing/diesel/new-south-wales-act-retail-diesel-prices/canberra/
2026-03-15,15 Mar,2026,Diesel,NSW/ACT,Canberra,Capital City,246.4,Canberra,https://aip.com.au/pricing/diesel/new-south-wales-act-retail-diesel-prices/canberra/
2026-03-22,22 Mar,2026,Diesel,NSW/ACT,Canberra,Capital City,282.5,Canberra,https://aip.com.au/pricing/diesel/new-south-wales-act-retail-diesel-prices/canberra/
2026-03-29,29 Mar,2026,Diesel,NSW/ACT,Canberra,Capital City,309.1,Canberra,https://aip.com.au/pricing/diesel/new-south-wales-act-retail-diesel-prices/canberra/
2026-04-05,5 Apr,2026,Diesel,NSW/ACT,Canberra,Capital City,308.5,Canberra,https://aip.com.au/pricing/diesel/new-south-wales-act-retail-diesel-prices/canberra/
2026-04-12,12 Apr,2026,Diesel,NSW/ACT,Canberra,Capital City,317.7,Canberra,https://aip.com.au/pricing/diesel/new-south-wales-act-retail-diesel-prices/canberra/
2026-04-19,19 Apr,2026,Diesel,NSW/ACT,Canberra,Capital City,302.6,Canberra,https://aip.com.au/pricing/diesel/new-south-wales-act-retail-diesel-prices/canberra/
2026-04-26,26 Apr,2026,Diesel,NSW/ACT,Canberra,Capital City,277.0,Canberra,https://aip.com.au/pricing/diesel/new-south-wales-act-retail-diesel-prices/canberra/
2026-05-03,3 May,2026,Diesel,NSW/ACT,Canberra,Capital City,268.5,Canberra,https://aip.com.au/pricing/diesel/new-south-wales-act-retail-diesel-prices/canberra/
2026-05-10,10 May,2026,Diesel,NSW/ACT,Canberra,Capital City,265.3,Canberra,https://aip.com.au/pricing/diesel/new-south-wales-act-retail-diesel-prices/canberra/
2026-05-17,17 May,2026,Diesel,NSW/ACT,Canberra,Capital City,260.1,Canberra,https://aip.com.au/pricing/diesel/new-south-wales-act-retail-diesel-prices/canberra/
2026-05-24,24 May,2026,Diesel,NSW/ACT,Canberra,Capital City,258.3,Canberra,https://aip.com.au/pricing/diesel/new-south-wales-act-retail-diesel-prices/canberra/
2026-05-31,31 May,2026,Diesel,NSW/ACT,Canberra,Capital City,248.1,Canberra,https://aip.com.au/pricing/diesel/new-south-wales-act-retail-diesel-prices/canberra/
2026-06-07,7 Jun,2026,Diesel,NSW/ACT,Canberra,Capital City,221.8,Canberra,https://aip.com.au/pricing/diesel/new-south-wales-act-retail-diesel-prices/canberra/
2026-06-14,14 Jun,2026,Diesel,NSW/ACT,Canberra,Capital City,214.4,Canberra,https://aip.com.au/pricing/diesel/new-south-wales-act-retail-diesel-prices/canberra/
2026-06-21,21 Jun,2026,Diesel,NSW/ACT,Canberra,Capital City,203.0,Canberra,https://aip.com.au/pricing/diesel/new-south-wales-act-retail-diesel-prices/canberra/
2026-06-28,28 Jun,2026,Diesel,NSW/ACT,Canberra,Capital City,196.2,Canberra,https://aip.com.au/pricing/diesel/new-south-wales-act-retail-diesel-prices/canberra/
2026-07-05,5 Jul,2026,Diesel,NSW/ACT,Canberra,Capital City,193.4,Canberra,https://aip.com.au/pricing/diesel/new-south-wales-act-retail-diesel-prices/canberra/
2026-07-12,12 Jul,2026,Diesel,NSW/ACT,Canberra,Capital City,200.3,Canberra,https://aip.com.au/pricing/diesel/new-south-wales-act-retail-diesel-prices/canberra/
2026-07-19,19 Jul,2026,Diesel,NSW/ACT,Canberra,Capital City,201.3,Canberra,https://aip.com.au/pricing/diesel/new-south-wales-act-retail-diesel-prices/canberra/
2026-07-26,26 Jul,2026,Diesel,NSW/ACT,Canberra,Capital City,221.9,Canberra,https://aip.com.au/pricing/diesel/new-south-wales-act-retail-diesel-prices/canberra/
2026-08-02,2 Aug,2026,Diesel,NSW/ACT,Canberra,Capital City,239.7,Canberra,https://aip.com.au/pricing/diesel/new-south-wales-act-retail-diesel-prices/canberra/
2026-08-09,9 Aug,2026,Diesel,NSW/ACT,Canberra,Capital City,253.9,Canberra,https://aip.com.au/pricing/diesel/new-south-wales-act-retail-diesel-prices/canberra/
2026-08-16,16 Aug,2026,Diesel,NSW/ACT,Canberra,Capital City,244.8,Canberra,https://aip.com.au/pricing/diesel/new-south-wales-act-retail-diesel-prices/canberra/
2025-08-24,24 Aug,2025,Diesel,NSW/ACT,NSW Regional Average,State Regional Average,184.7,NSW Regional Average,https://aip.com.au/pricing/diesel/new-south-wales-act-retail-diesel-prices/nsw-regional-average/
2025-08-31,31 Aug,2025,Diesel,NSW/ACT,NSW Regional Average,State Regional Average,184.4,NSW Regional Average,https://aip.com.au/pricing/diesel/new-south-wales-act-retail-diesel-prices/nsw-regional-average/
2025-09-07,7 Sep,2025,Diesel,NSW/ACT,NSW Regional Average,State Regional Average,184.7,NSW Regional Average,https://aip.com.au/pricing/diesel/new-south-wales-act-retail-diesel-prices/nsw-regional-average/
2025-09-14,14 Sep,2025,Diesel,NSW/ACT,NSW Regional Average,State Regional Average,184.9,NSW Regional Average,https://aip.com.au/pricing/diesel/new-south-wales-act-retail-diesel-prices/nsw-regional-average/
2025-09-21,21 Sep,2025,Diesel,NSW/ACT,NSW Regional Average,State Regional Average,185.0,NSW Regional Average,https://aip.com.au/pricing/diesel/new-south-wales-act-retail-diesel-prices/nsw-regional-average/
2025-09-28,28 Sep,2025,Diesel,NSW/ACT,NSW Regional Average,State Regional Average,184.9,NSW Regional Average,https://aip.com.au/pricing/diesel/new-south-wales-act-retail-diesel-prices/nsw-regional-average/
2025-10-05,5 Oct,2025,Diesel,NSW/ACT,NSW Regional Average,State Regional Average,185.1,NSW Regional Average,https://aip.com.au/pricing/diesel/new-south-wales-act-retail-diesel-prices/nsw-regional-average/
2025-10-12,12 Oct,2025,Diesel,NSW/ACT,NSW Regional Average,State Regional Average,185.2,NSW Regional Average,https://aip.com.au/pricing/diesel/new-south-wales-act-retail-diesel-prices/nsw-regional-average/
2025-10-19,19 Oct,2025,Diesel,NSW/ACT,NSW Regional Average,State Regional Average,184.6,NSW Regional Average,https://aip.com.au/pricing/diesel/new-south-wales-act-retail-diesel-prices/nsw-regional-average/
2025-10-26,26 Oct,2025,Diesel,NSW/ACT,NSW Regional Average,State Regional Average,184.2,NSW Regional Average,https://aip.com.au/pricing/diesel/new-south-wales-act-retail-diesel-prices/nsw-regional-average/
2025-11-02,2 Nov,2025,Diesel,NSW/ACT,NSW Regional Average,State Regional Average,184.5,NSW Regional Average,https://aip.com.au/pricing/diesel/new-south-wales-act-retail-diesel-prices/nsw-regional-average/
2025-11-09,9 Nov,2025,Diesel,NSW/ACT,NSW Regional Average,State Regional Average,185.8,NSW Regional Average,https://aip.com.au/pricing/diesel/new-south-wales-act-retail-diesel-prices/nsw-regional-average/
2025-11-16,16 Nov,2025,Diesel,NSW/ACT,NSW Regional Average,State Regional Average,188.3,NSW Regional Average,https://aip.com.au/pricing/diesel/new-south-wales-act-retail-diesel-prices/nsw-regional-average/
2025-11-23,23 Nov,2025,Diesel,NSW/ACT,NSW Regional Average,State Regional Average,190.9,NSW Regional Average,https://aip.com.au/pricing/diesel/new-south-wales-act-retail-diesel-prices/nsw-regional-average/
2025-11-30,30 Nov,2025,Diesel,NSW/ACT,NSW Regional Average,State Regional Average,192.2,NSW Regional Average,https://aip.com.au/pricing/diesel/new-south-wales-act-retail-diesel-prices/nsw-regional-average/
2025-12-07,7 Dec,2025,Diesel,NSW/ACT,NSW Regional Average,State Regional Average,192.0,NSW Regional Average,https://aip.com.au/pricing/diesel/new-south-wales-act-retail-diesel-prices/nsw-regional-average/
2025-12-14,14 Dec,2025,Diesel,NSW/ACT,NSW Regional Average,State Regional Average,191.2,NSW Regional Average,https://aip.com.au/pricing/diesel/new-south-wales-act-retail-diesel-prices/nsw-regional-average/
2025-12-21,21 Dec,2025,Diesel,NSW/ACT,NSW Regional Average,State Regional Average,190.2,NSW Regional Average,https://aip.com.au/pricing/diesel/new-south-wales-act-retail-diesel-prices/nsw-regional-average/
2025-12-28,28 Dec,2025,Diesel,NSW/ACT,NSW Regional Average,State Regional Average,188.7,NSW Regional Average,https://aip.com.au/pricing/diesel/new-south-wales-act-retail-diesel-prices/nsw-regional-average/
2026-01-04,4 Jan,2026,Diesel,NSW/ACT,NSW Regional Average,State Regional Average,187.7,NSW Regional Average,https://aip.com.au/pricing/diesel/new-south-wales-act-retail-diesel-prices/nsw-regional-average/
2026-01-11,11 Jan,2026,Diesel,NSW/ACT,NSW Regional Average,State Regional Average,186.2,NSW Regional Average,https://aip.com.au/pricing/diesel/new-south-wales-act-retail-diesel-prices/nsw-regional-average/
2026-01-18,18 Jan,2026,Diesel,NSW/ACT,NSW Regional Average,State Regional Average,184.9,NSW Regional Average,https://aip.com.au/pricing/diesel/new-south-wales-act-retail-diesel-prices/nsw-regional-average/
2026-01-25,25 Jan,2026,Diesel,NSW/ACT,NSW Regional Average,State Regional Average,184.2,NSW Regional Average,https://aip.com.au/pricing/diesel/new-south-wales-act-retail-diesel-prices/nsw-regional-average/
2026-02-01,1 Feb,2026,Diesel,NSW/ACT,NSW Regional Average,State Regional Average,183.6,NSW Regional Average,https://aip.com.au/pricing/diesel/new-south-wales-act-retail-diesel-prices/nsw-regional-average/
2026-02-08,8 Feb,2026,Diesel,NSW/ACT,NSW Regional Average,State Regional Average,182.9,NSW Regional Average,https://aip.com.au/pricing/diesel/new-south-wales-act-retail-diesel-prices/nsw-regional-average/
2026-02-15,15 Feb,2026,Diesel,NSW/ACT,NSW Regional Average,State Regional Average,182.7,NSW Regional Average,https://aip.com.au/pricing/diesel/new-south-wales-act-retail-diesel-prices/nsw-regional-average/
2026-02-22,22 Feb,2026,Diesel,NSW/ACT,NSW Regional Average,State Regional Average,182.6,NSW Regional Average,https://aip.com.au/pricing/diesel/new-south-wales-act-retail-diesel-prices/nsw-regional-average/
2026-03-01,1 Mar,2026,Diesel,NSW/ACT,NSW Regional Average,State Regional Average,183.1,NSW Regional Average,https://aip.com.au/pricing/diesel/new-south-wales-act-retail-diesel-prices/nsw-regional-average/
2026-03-08,8 Mar,2026,Diesel,NSW/ACT,NSW Regional Average,State Regional Average,200.2,NSW Regional Average,https://aip.com.au/pricing/diesel/new-south-wales-act-retail-diesel-prices/nsw-regional-average/
2026-03-15,15 Mar,2026,Diesel,NSW/ACT,NSW Regional Average,State Regional Average,248.5,NSW Regional Average,https://aip.com.au/pricing/diesel/new-south-wales-act-retail-diesel-prices/nsw-regional-average/
2026-03-22,22 Mar,2026,Diesel,NSW/ACT,NSW Regional Average,State Regional Average,284.8,NSW Regional Average,https://aip.com.au/pricing/diesel/new-south-wales-act-retail-diesel-prices/nsw-regional-average/
2026-03-29,29 Mar,2026,Diesel,NSW/ACT,NSW Regional Average,State Regional Average,312.8,NSW Regional Average,https://aip.com.au/pricing/diesel/new-south-wales-act-retail-diesel-prices/nsw-regional-average/
2026-04-05,5 Apr,2026,Diesel,NSW/ACT,NSW Regional Average,State Regional Average,316.2,NSW Regional Average,https://aip.com.au/pricing/diesel/new-south-wales-act-retail-diesel-prices/nsw-regional-average/
2026-04-12,12 Apr,2026,Diesel,NSW/ACT,NSW Regional Average,State Regional Average,320.6,NSW Regional Average,https://aip.com.au/pricing/diesel/new-south-wales-act-retail-diesel-prices/nsw-regional-average/
2026-04-19,19 Apr,2026,Diesel,NSW/ACT,NSW Regional Average,State Regional Average,310.5,NSW Regional Average,https://aip.com.au/pricing/diesel/new-south-wales-act-retail-diesel-prices/nsw-regional-average/
2026-04-26,26 Apr,2026,Diesel,NSW/ACT,NSW Regional Average,State Regional Average,276.0,NSW Regional Average,https://aip.com.au/pricing/diesel/new-south-wales-act-retail-diesel-prices/nsw-regional-average/
2026-05-03,3 May,2026,Diesel,NSW/ACT,NSW Regional Average,State Regional Average,254.0,NSW Regional Average,https://aip.com.au/pricing/diesel/new-south-wales-act-retail-diesel-prices/nsw-regional-average/
2026-05-10,10 May,2026,Diesel,NSW/ACT,NSW Regional Average,State Regional Average,247.0,NSW Regional Average,https://aip.com.au/pricing/diesel/new-south-wales-act-retail-diesel-prices/nsw-regional-average/
2026-05-17,17 May,2026,Diesel,NSW/ACT,NSW Regional Average,State Regional Average,236.4,NSW Regional Average,https://aip.com.au/pricing/diesel/new-south-wales-act-retail-diesel-prices/nsw-regional-average/
2026-05-24,24 May,2026,Diesel,NSW/ACT,NSW Regional Average,State Regional Average,230.8,NSW Regional Average,https://aip.com.au/pricing/diesel/new-south-wales-act-retail-diesel-prices/nsw-regional-average/
2026-05-31,31 May,2026,Diesel,NSW/ACT,NSW Regional Average,State Regional Average,225.1,NSW Regional Average,https://aip.com.au/pricing/diesel/new-south-wales-act-retail-diesel-prices/nsw-regional-average/
2026-06-07,7 Jun,2026,Diesel,NSW/ACT,NSW Regional Average,State Regional Average,213.0,NSW Regional Average,https://aip.com.au/pricing/diesel/new-south-wales-act-retail-diesel-prices/nsw-regional-average/
2026-06-14,14 Jun,2026,Diesel,NSW/ACT,NSW Regional Average,State Regional Average,206.2,NSW Regional Average,https://aip.com.au/pricing/diesel/new-south-wales-act-retail-diesel-prices/nsw-regional-average/
2026-06-21,21 Jun,2026,Diesel,NSW/ACT,NSW Regional Average,State Regional Average,197.4,NSW Regional Average,https://aip.com.au/pricing/diesel/new-south-wales-act-retail-diesel-prices/nsw-regional-average/
2026-06-28,28 Jun,2026,Diesel,NSW/ACT,NSW Regional Average,State Regional Average,183.7,NSW Regional Average,https://aip.com.au/pricing/diesel/new-south-wales-act-retail-diesel-prices/nsw-regional-average/
2026-07-05,5 Jul,2026,Diesel,NSW/ACT,NSW Regional Average,State Regional Average,184.1,NSW Regional Average,https://aip.com.au/pricing/diesel/new-south-wales-act-retail-diesel-prices/nsw-regional-average/
2026-07-12,12 Jul,2026,Diesel,NSW/ACT,NSW Regional Average,State Regional Average,189.7,NSW Regional Average,https://aip.com.au/pricing/diesel/new-south-wales-act-retail-diesel-prices/nsw-regional-average/
2026-07-19,19 Jul,2026,Diesel,NSW/ACT,NSW Regional Average,State Regional Average,200.4,NSW Regional Average,https://aip.com.au/pricing/diesel/new-south-wales-act-retail-diesel-prices/nsw-regional-average/
2026-07-26,26 Jul,2026,Diesel,NSW/ACT,NSW Regional Average,State Regional Average,220.2,NSW Regional Average,https://aip.com.au/pricing/diesel/new-south-wales-act-retail-diesel-prices/nsw-regional-average/
2026-08-02,2 Aug,2026,Diesel,NSW/ACT,NSW Regional Average,State Regional Average,235.5,NSW Regional Average,https://aip.com.au/pricing/diesel/new-south-wales-act-retail-diesel-prices/nsw-regional-average/
2026-08-09,9 Aug,2026,Diesel,NSW/ACT,NSW Regional Average,State Regional Average,247.5,NSW Regional Average,https://aip.com.au/pricing/diesel/new-south-wales-act-retail-diesel-prices/nsw-regional-average/
2026-08-16,16 Aug,2026,Diesel,NSW/ACT,NSW Regional Average,State Regional Average,244.6,NSW Regional Average,https://aip.com.au/pricing/diesel/new-south-wales-act-retail-diesel-prices/nsw-regional-average/
2025-08-24,24 Aug,2025,Diesel,NSW/ACT,NSW State Average,State Average,183.7,NSW State Average,https://aip.com.au/pricing/diesel/new-south-wales-act-retail-diesel-prices/nsw-state-average/
2025-08-31,31 Aug,2025,Diesel,NSW/ACT,NSW State Average,State Average,183.3,NSW State Average,https://aip.com.au/pricing/diesel/new-south-wales-act-retail-diesel-prices/nsw-state-average/
2025-09-07,7 Sep,2025,Diesel,NSW/ACT,NSW State Average,State Average,183.5,NSW State Average,https://aip.com.au/pricing/diesel/new-south-wales-act-retail-diesel-prices/nsw-state-average/
2025-09-14,14 Sep,2025,Diesel,NSW/ACT,NSW State Average,State Average,183.8,NSW State Average,https://aip.com.au/pricing/diesel/new-south-wales-act-retail-diesel-prices/nsw-state-average/
2025-09-21,21 Sep,2025,Diesel,NSW/ACT,NSW State Average,State Average,183.9,NSW State Average,https://aip.com.au/pricing/diesel/new-south-wales-act-retail-diesel-prices/nsw-state-average/
2025-09-28,28 Sep,2025,Diesel,NSW/ACT,NSW State Average,State Average,183.7,NSW State Average,https://aip.com.au/pricing/diesel/new-south-wales-act-retail-diesel-prices/nsw-state-average/
2025-10-05,5 Oct,2025,Diesel,NSW/ACT,NSW State Average,State Average,183.8,NSW State Average,https://aip.com.au/pricing/diesel/new-south-wales-act-retail-diesel-prices/nsw-state-average/
2025-10-12,12 Oct,2025,Diesel,NSW/ACT,NSW State Average,State Average,183.9,NSW State Average,https://aip.com.au/pricing/diesel/new-south-wales-act-retail-diesel-prices/nsw-state-average/
2025-10-19,19 Oct,2025,Diesel,NSW/ACT,NSW State Average,State Average,183.3,NSW State Average,https://aip.com.au/pricing/diesel/new-south-wales-act-retail-diesel-prices/nsw-state-average/
2025-10-26,26 Oct,2025,Diesel,NSW/ACT,NSW State Average,State Average,183.0,NSW State Average,https://aip.com.au/pricing/diesel/new-south-wales-act-retail-diesel-prices/nsw-state-average/
2025-11-02,2 Nov,2025,Diesel,NSW/ACT,NSW State Average,State Average,183.5,NSW State Average,https://aip.com.au/pricing/diesel/new-south-wales-act-retail-diesel-prices/nsw-state-average/
2025-11-09,9 Nov,2025,Diesel,NSW/ACT,NSW State Average,State Average,184.7,NSW State Average,https://aip.com.au/pricing/diesel/new-south-wales-act-retail-diesel-prices/nsw-state-average/
2025-11-16,16 Nov,2025,Diesel,NSW/ACT,NSW State Average,State Average,187.5,NSW State Average,https://aip.com.au/pricing/diesel/new-south-wales-act-retail-diesel-prices/nsw-state-average/
2025-11-23,23 Nov,2025,Diesel,NSW/ACT,NSW State Average,State Average,190.4,NSW State Average,https://aip.com.au/pricing/diesel/new-south-wales-act-retail-diesel-prices/nsw-state-average/
2025-11-30,30 Nov,2025,Diesel,NSW/ACT,NSW State Average,State Average,191.5,NSW State Average,https://aip.com.au/pricing/diesel/new-south-wales-act-retail-diesel-prices/nsw-state-average/
2025-12-07,7 Dec,2025,Diesel,NSW/ACT,NSW State Average,State Average,191.2,NSW State Average,https://aip.com.au/pricing/diesel/new-south-wales-act-retail-diesel-prices/nsw-state-average/
2025-12-14,14 Dec,2025,Diesel,NSW/ACT,NSW State Average,State Average,190.4,NSW State Average,https://aip.com.au/pricing/diesel/new-south-wales-act-retail-diesel-prices/nsw-state-average/
2025-12-21,21 Dec,2025,Diesel,NSW/ACT,NSW State Average,State Average,189.4,NSW State Average,https://aip.com.au/pricing/diesel/new-south-wales-act-retail-diesel-prices/nsw-state-average/
2025-12-28,28 Dec,2025,Diesel,NSW/ACT,NSW State Average,State Average,187.7,NSW State Average,https://aip.com.au/pricing/diesel/new-south-wales-act-retail-diesel-prices/nsw-state-average/
2026-01-04,4 Jan,2026,Diesel,NSW/ACT,NSW State Average,State Average,186.2,NSW State Average,https://aip.com.au/pricing/diesel/new-south-wales-act-retail-diesel-prices/nsw-state-average/
2026-01-11,11 Jan,2026,Diesel,NSW/ACT,NSW State Average,State Average,184.0,NSW State Average,https://aip.com.au/pricing/diesel/new-south-wales-act-retail-diesel-prices/nsw-state-average/
2026-01-18,18 Jan,2026,Diesel,NSW/ACT,NSW State Average,State Average,182.3,NSW State Average,https://aip.com.au/pricing/diesel/new-south-wales-act-retail-diesel-prices/nsw-state-average/
2026-01-25,25 Jan,2026,Diesel,NSW/ACT,NSW State Average,State Average,181.5,NSW State Average,https://aip.com.au/pricing/diesel/new-south-wales-act-retail-diesel-prices/nsw-state-average/
2026-02-01,1 Feb,2026,Diesel,NSW/ACT,NSW State Average,State Average,180.8,NSW State Average,https://aip.com.au/pricing/diesel/new-south-wales-act-retail-diesel-prices/nsw-state-average/
2026-02-08,8 Feb,2026,Diesel,NSW/ACT,NSW State Average,State Average,180.0,NSW State Average,https://aip.com.au/pricing/diesel/new-south-wales-act-retail-diesel-prices/nsw-state-average/
2026-02-15,15 Feb,2026,Diesel,NSW/ACT,NSW State Average,State Average,179.8,NSW State Average,https://aip.com.au/pricing/diesel/new-south-wales-act-retail-diesel-prices/nsw-state-average/
2026-02-22,22 Feb,2026,Diesel,NSW/ACT,NSW State Average,State Average,179.8,NSW State Average,https://aip.com.au/pricing/diesel/new-south-wales-act-retail-diesel-prices/nsw-state-average/
2026-03-01,1 Mar,2026,Diesel,NSW/ACT,NSW State Average,State Average,180.6,NSW State Average,https://aip.com.au/pricing/diesel/new-south-wales-act-retail-diesel-prices/nsw-state-average/
2026-03-08,8 Mar,2026,Diesel,NSW/ACT,NSW State Average,State Average,199.2,NSW State Average,https://aip.com.au/pricing/diesel/new-south-wales-act-retail-diesel-prices/nsw-state-average/
2026-03-15,15 Mar,2026,Diesel,NSW/ACT,NSW State Average,State Average,248.0,NSW State Average,https://aip.com.au/pricing/diesel/new-south-wales-act-retail-diesel-prices/nsw-state-average/
2026-03-22,22 Mar,2026,Diesel,NSW/ACT,NSW State Average,State Average,283.8,NSW State Average,https://aip.com.au/pricing/diesel/new-south-wales-act-retail-diesel-prices/nsw-state-average/
2026-03-29,29 Mar,2026,Diesel,NSW/ACT,NSW State Average,State Average,311.4,NSW State Average,https://aip.com.au/pricing/diesel/new-south-wales-act-retail-diesel-prices/nsw-state-average/
2026-04-05,5 Apr,2026,Diesel,NSW/ACT,NSW State Average,State Average,314.1,NSW State Average,https://aip.com.au/pricing/diesel/new-south-wales-act-retail-diesel-prices/nsw-state-average/
2026-04-12,12 Apr,2026,Diesel,NSW/ACT,NSW State Average,State Average,318.9,NSW State Average,https://aip.com.au/pricing/diesel/new-south-wales-act-retail-diesel-prices/nsw-state-average/
2026-04-19,19 Apr,2026,Diesel,NSW/ACT,NSW State Average,State Average,308.1,NSW State Average,https://aip.com.au/pricing/diesel/new-south-wales-act-retail-diesel-prices/nsw-state-average/
2026-04-26,26 Apr,2026,Diesel,NSW/ACT,NSW State Average,State Average,273.5,NSW State Average,https://aip.com.au/pricing/diesel/new-south-wales-act-retail-diesel-prices/nsw-state-average/
2026-05-03,3 May,2026,Diesel,NSW/ACT,NSW State Average,State Average,252.1,NSW State Average,https://aip.com.au/pricing/diesel/new-south-wales-act-retail-diesel-prices/nsw-state-average/
2026-05-10,10 May,2026,Diesel,NSW/ACT,NSW State Average,State Average,245.2,NSW State Average,https://aip.com.au/pricing/diesel/new-south-wales-act-retail-diesel-prices/nsw-state-average/
2026-05-17,17 May,2026,Diesel,NSW/ACT,NSW State Average,State Average,235.4,NSW State Average,https://aip.com.au/pricing/diesel/new-south-wales-act-retail-diesel-prices/nsw-state-average/
2026-05-24,24 May,2026,Diesel,NSW/ACT,NSW State Average,State Average,230.1,NSW State Average,https://aip.com.au/pricing/diesel/new-south-wales-act-retail-diesel-prices/nsw-state-average/
2026-05-31,31 May,2026,Diesel,NSW/ACT,NSW State Average,State Average,223.9,NSW State Average,https://aip.com.au/pricing/diesel/new-south-wales-act-retail-diesel-prices/nsw-state-average/
2026-06-07,7 Jun,2026,Diesel,NSW/ACT,NSW State Average,State Average,210.5,NSW State Average,https://aip.com.au/pricing/diesel/new-south-wales-act-retail-diesel-prices/nsw-state-average/
2026-06-14,14 Jun,2026,Diesel,NSW/ACT,NSW State Average,State Average,203.4,NSW State Average,https://aip.com.au/pricing/diesel/new-south-wales-act-retail-diesel-prices/nsw-state-average/
2026-06-21,21 Jun,2026,Diesel,NSW/ACT,NSW State Average,State Average,194.8,NSW State Average,https://aip.com.au/pricing/diesel/new-south-wales-act-retail-diesel-prices/nsw-state-average/
2026-06-28,28 Jun,2026,Diesel,NSW/ACT,NSW State Average,State Average,182.0,NSW State Average,https://aip.com.au/pricing/diesel/new-south-wales-act-retail-diesel-prices/nsw-state-average/
2026-07-05,5 Jul,2026,Diesel,NSW/ACT,NSW State Average,State Average,183.2,NSW State Average,https://aip.com.au/pricing/diesel/new-south-wales-act-retail-diesel-prices/nsw-state-average/
2026-07-12,12 Jul,2026,Diesel,NSW/ACT,NSW State Average,State Average,188.8,NSW State Average,https://aip.com.au/pricing/diesel/new-south-wales-act-retail-diesel-prices/nsw-state-average/
2026-07-19,19 Jul,2026,Diesel,NSW/ACT,NSW State Average,State Average,199.5,NSW State Average,https://aip.com.au/pricing/diesel/new-south-wales-act-retail-diesel-prices/nsw-state-average/
2026-07-26,26 Jul,2026,Diesel,NSW/ACT,NSW State Average,State Average,219.5,NSW State Average,https://aip.com.au/pricing/diesel/new-south-wales-act-retail-diesel-prices/nsw-state-average/
2026-08-02,2 Aug,2026,Diesel,NSW/ACT,NSW State Average,State Average,234.9,NSW State Average,https://aip.com.au/pricing/diesel/new-south-wales-act-retail-diesel-prices/nsw-state-average/
2026-08-09,9 Aug,2026,Diesel,NSW/ACT,NSW State Average,State Average,246.7,NSW State Average,https://aip.com.au/pricing/diesel/new-south-wales-act-retail-diesel-prices/nsw-state-average/
2026-08-16,16 Aug,2026,Diesel,NSW/ACT,NSW State Average,State Average,243.0,NSW State Average,https://aip.com.au/pricing/diesel/new-south-wales-act-retail-diesel-prices/nsw-state-average/
2025-08-24,24 Aug,2025,Diesel,NSW/ACT,Sydney,Capital City,181.0,Sydney,https://aip.com.au/pricing/diesel/new-south-wales-act-retail-diesel-prices/sydney/
2025-08-31,31 Aug,2025,Diesel,NSW/ACT,Sydney,Capital City,180.2,Sydney,https://aip.com.au/pricing/diesel/new-south-wales-act-retail-diesel-prices/sydney/
2025-09-07,7 Sep,2025,Diesel,NSW/ACT,Sydney,Capital City,180.4,Sydney,https://aip.com.au/pricing/diesel/new-south-wales-act-retail-diesel-prices/sydney/
2025-09-14,14 Sep,2025,Diesel,NSW/ACT,Sydney,Capital City,181.0,Sydney,https://aip.com.au/pricing/diesel/new-south-wales-act-retail-diesel-prices/sydney/
2025-09-21,21 Sep,2025,Diesel,NSW/ACT,Sydney,Capital City,181.1,Sydney,https://aip.com.au/pricing/diesel/new-south-wales-act-retail-diesel-prices/sydney/
2025-09-28,28 Sep,2025,Diesel,NSW/ACT,Sydney,Capital City,180.6,Sydney,https://aip.com.au/pricing/diesel/new-south-wales-act-retail-diesel-prices/sydney/
2025-10-05,5 Oct,2025,Diesel,NSW/ACT,Sydney,Capital City,180.6,Sydney,https://aip.com.au/pricing/diesel/new-south-wales-act-retail-diesel-prices/sydney/
2025-10-12,12 Oct,2025,Diesel,NSW/ACT,Sydney,Capital City,180.6,Sydney,https://aip.com.au/pricing/diesel/new-south-wales-act-retail-diesel-prices/sydney/
2025-10-19,19 Oct,2025,Diesel,NSW/ACT,Sydney,Capital City,180.0,Sydney,https://aip.com.au/pricing/diesel/new-south-wales-act-retail-diesel-prices/sydney/
2025-10-26,26 Oct,2025,Diesel,NSW/ACT,Sydney,Capital City,179.8,Sydney,https://aip.com.au/pricing/diesel/new-south-wales-act-retail-diesel-prices/sydney/
2025-11-02,2 Nov,2025,Diesel,NSW/ACT,Sydney,Capital City,180.5,Sydney,https://aip.com.au/pricing/diesel/new-south-wales-act-retail-diesel-prices/sydney/
2025-11-09,9 Nov,2025,Diesel,NSW/ACT,Sydney,Capital City,181.7,Sydney,https://aip.com.au/pricing/diesel/new-south-wales-act-retail-diesel-prices/sydney/
2025-11-16,16 Nov,2025,Diesel,NSW/ACT,Sydney,Capital City,185.3,Sydney,https://aip.com.au/pricing/diesel/new-south-wales-act-retail-diesel-prices/sydney/
2025-11-23,23 Nov,2025,Diesel,NSW/ACT,Sydney,Capital City,188.5,Sydney,https://aip.com.au/pricing/diesel/new-south-wales-act-retail-diesel-prices/sydney/
2025-11-30,30 Nov,2025,Diesel,NSW/ACT,Sydney,Capital City,189.2,Sydney,https://aip.com.au/pricing/diesel/new-south-wales-act-retail-diesel-prices/sydney/
2025-12-07,7 Dec,2025,Diesel,NSW/ACT,Sydney,Capital City,188.6,Sydney,https://aip.com.au/pricing/diesel/new-south-wales-act-retail-diesel-prices/sydney/
2025-12-14,14 Dec,2025,Diesel,NSW/ACT,Sydney,Capital City,187.8,Sydney,https://aip.com.au/pricing/diesel/new-south-wales-act-retail-diesel-prices/sydney/
2025-12-21,21 Dec,2025,Diesel,NSW/ACT,Sydney,Capital City,186.8,Sydney,https://aip.com.au/pricing/diesel/new-south-wales-act-retail-diesel-prices/sydney/
2025-12-28,28 Dec,2025,Diesel,NSW/ACT,Sydney,Capital City,184.5,Sydney,https://aip.com.au/pricing/diesel/new-south-wales-act-retail-diesel-prices/sydney/
2026-01-04,4 Jan,2026,Diesel,NSW/ACT,Sydney,Capital City,182.0,Sydney,https://aip.com.au/pricing/diesel/new-south-wales-act-retail-diesel-prices/sydney/
2026-01-11,11 Jan,2026,Diesel,NSW/ACT,Sydney,Capital City,178.7,Sydney,https://aip.com.au/pricing/diesel/new-south-wales-act-retail-diesel-prices/sydney/
2026-01-18,18 Jan,2026,Diesel,NSW/ACT,Sydney,Capital City,176.1,Sydney,https://aip.com.au/pricing/diesel/new-south-wales-act-retail-diesel-prices/sydney/
2026-01-25,25 Jan,2026,Diesel,NSW/ACT,Sydney,Capital City,175.1,Sydney,https://aip.com.au/pricing/diesel/new-south-wales-act-retail-diesel-prices/sydney/
2026-02-01,1 Feb,2026,Diesel,NSW/ACT,Sydney,Capital City,174.4,Sydney,https://aip.com.au/pricing/diesel/new-south-wales-act-retail-diesel-prices/sydney/
2026-02-08,8 Feb,2026,Diesel,NSW/ACT,Sydney,Capital City,173.7,Sydney,https://aip.com.au/pricing/diesel/new-south-wales-act-retail-diesel-prices/sydney/
2026-02-15,15 Feb,2026,Diesel,NSW/ACT,Sydney,Capital City,173.9,Sydney,https://aip.com.au/pricing/diesel/new-south-wales-act-retail-diesel-prices/sydney/
2026-02-22,22 Feb,2026,Diesel,NSW/ACT,Sydney,Capital City,174.1,Sydney,https://aip.com.au/pricing/diesel/new-south-wales-act-retail-diesel-prices/sydney/
2026-03-01,1 Mar,2026,Diesel,NSW/ACT,Sydney,Capital City,175.4,Sydney,https://aip.com.au/pricing/diesel/new-south-wales-act-retail-diesel-prices/sydney/
2026-03-08,8 Mar,2026,Diesel,NSW/ACT,Sydney,Capital City,197.4,Sydney,https://aip.com.au/pricing/diesel/new-south-wales-act-retail-diesel-prices/sydney/
2026-03-15,15 Mar,2026,Diesel,NSW/ACT,Sydney,Capital City,247.2,Sydney,https://aip.com.au/pricing/diesel/new-south-wales-act-retail-diesel-prices/sydney/
2026-03-22,22 Mar,2026,Diesel,NSW/ACT,Sydney,Capital City,282.1,Sydney,https://aip.com.au/pricing/diesel/new-south-wales-act-retail-diesel-prices/sydney/
2026-03-29,29 Mar,2026,Diesel,NSW/ACT,Sydney,Capital City,309.1,Sydney,https://aip.com.au/pricing/diesel/new-south-wales-act-retail-diesel-prices/sydney/
2026-04-05,5 Apr,2026,Diesel,NSW/ACT,Sydney,Capital City,310.6,Sydney,https://aip.com.au/pricing/diesel/new-south-wales-act-retail-diesel-prices/sydney/
2026-04-12,12 Apr,2026,Diesel,NSW/ACT,Sydney,Capital City,316.0,Sydney,https://aip.com.au/pricing/diesel/new-south-wales-act-retail-diesel-prices/sydney/
2026-04-19,19 Apr,2026,Diesel,NSW/ACT,Sydney,Capital City,304.1,Sydney,https://aip.com.au/pricing/diesel/new-south-wales-act-retail-diesel-prices/sydney/
2026-04-26,26 Apr,2026,Diesel,NSW/ACT,Sydney,Capital City,268.5,Sydney,https://aip.com.au/pricing/diesel/new-south-wales-act-retail-diesel-prices/sydney/
2026-05-03,3 May,2026,Diesel,NSW/ACT,Sydney,Capital City,246.9,Sydney,https://aip.com.au/pricing/diesel/new-south-wales-act-retail-diesel-prices/sydney/
2026-05-10,10 May,2026,Diesel,NSW/ACT,Sydney,Capital City,239.9,Sydney,https://aip.com.au/pricing/diesel/new-south-wales-act-retail-diesel-prices/sydney/
2026-05-17,17 May,2026,Diesel,NSW/ACT,Sydney,Capital City,231.0,Sydney,https://aip.com.au/pricing/diesel/new-south-wales-act-retail-diesel-prices/sydney/
2026-05-24,24 May,2026,Diesel,NSW/ACT,Sydney,Capital City,225.8,Sydney,https://aip.com.au/pricing/diesel/new-south-wales-act-retail-diesel-prices/sydney/
2026-05-31,31 May,2026,Diesel,NSW/ACT,Sydney,Capital City,219.3,Sydney,https://aip.com.au/pricing/diesel/new-south-wales-act-retail-diesel-prices/sydney/
2026-06-07,7 Jun,2026,Diesel,NSW/ACT,Sydney,Capital City,204.7,Sydney,https://aip.com.au/pricing/diesel/new-south-wales-act-retail-diesel-prices/sydney/
2026-06-14,14 Jun,2026,Diesel,NSW/ACT,Sydney,Capital City,197.2,Sydney,https://aip.com.au/pricing/diesel/new-south-wales-act-retail-diesel-prices/sydney/
2026-06-21,21 Jun,2026,Diesel,NSW/ACT,Sydney,Capital City,189.3,Sydney,https://aip.com.au/pricing/diesel/new-south-wales-act-retail-diesel-prices/sydney/
2026-06-28,28 Jun,2026,Diesel,NSW/ACT,Sydney,Capital City,177.3,Sydney,https://aip.com.au/pricing/diesel/new-south-wales-act-retail-diesel-prices/sydney/
2026-07-05,5 Jul,2026,Diesel,NSW/ACT,Sydney,Capital City,180.5,Sydney,https://aip.com.au/pricing/diesel/new-south-wales-act-retail-diesel-prices/sydney/
2026-07-12,12 Jul,2026,Diesel,NSW/ACT,Sydney,Capital City,185.8,Sydney,https://aip.com.au/pricing/diesel/new-south-wales-act-retail-diesel-prices/sydney/
2026-07-19,19 Jul,2026,Diesel,NSW/ACT,Sydney,Capital City,197.7,Sydney,https://aip.com.au/pricing/diesel/new-south-wales-act-retail-diesel-prices/sydney/
2026-07-26,26 Jul,2026,Diesel,NSW/ACT,Sydney,Capital City,217.8,Sydney,https://aip.com.au/pricing/diesel/new-south-wales-act-retail-diesel-prices/sydney/
2026-08-02,2 Aug,2026,Diesel,NSW/ACT,Sydney,Capital City,233.2,Sydney,https://aip.com.au/pricing/diesel/new-south-wales-act-retail-diesel-prices/sydney/
2026-08-09,9 Aug,2026,Diesel,NSW/ACT,Sydney,Capital City,244.4,Sydney,https://aip.com.au/pricing/diesel/new-south-wales-act-retail-diesel-prices/sydney/
2026-08-16,16 Aug,2026,Diesel,NSW/ACT,Sydney,Capital City,239.9,Sydney,https://aip.com.au/pricing/diesel/new-south-wales-act-retail-diesel-prices/sydney/
2025-08-24,24 Aug,2025,Diesel,NT,Darwin,City/Region,186.8,Darwin,https://aip.com.au/pricing/diesel/northern-territory-retail-diesel-prices/darwin/
2025-08-31,31 Aug,2025,Diesel,NT,Darwin,City/Region,187.1,Darwin,https://aip.com.au/pricing/diesel/northern-territory-retail-diesel-prices/darwin/
2025-09-07,7 Sep,2025,Diesel,NT,Darwin,City/Region,188.5,Darwin,https://aip.com.au/pricing/diesel/northern-territory-retail-diesel-prices/darwin/
2025-09-14,14 Sep,2025,Diesel,NT,Darwin,City/Region,189.1,Darwin,https://aip.com.au/pricing/diesel/northern-territory-retail-diesel-prices/darwin/
2025-09-21,21 Sep,2025,Diesel,NT,Darwin,City/Region,189.2,Darwin,https://aip.com.au/pricing/diesel/northern-territory-retail-diesel-prices/darwin/
2025-09-28,28 Sep,2025,Diesel,NT,Darwin,City/Region,189.4,Darwin,https://aip.com.au/pricing/diesel/northern-territory-retail-diesel-prices/darwin/
2025-10-05,5 Oct,2025,Diesel,NT,Darwin,City/Region,189.6,Darwin,https://aip.com.au/pricing/diesel/northern-territory-retail-diesel-prices/darwin/
2025-10-12,12 Oct,2025,Diesel,NT,Darwin,City/Region,189.5,Darwin,https://aip.com.au/pricing/diesel/northern-territory-retail-diesel-prices/darwin/
2025-10-19,19 Oct,2025,Diesel,NT,Darwin,City/Region,189.1,Darwin,https://aip.com.au/pricing/diesel/northern-territory-retail-diesel-prices/darwin/
2025-10-26,26 Oct,2025,Diesel,NT,Darwin,City/Region,188.9,Darwin,https://aip.com.au/pricing/diesel/northern-territory-retail-diesel-prices/darwin/
2025-11-02,2 Nov,2025,Diesel,NT,Darwin,City/Region,188.5,Darwin,https://aip.com.au/pricing/diesel/northern-territory-retail-diesel-prices/darwin/
2025-11-09,9 Nov,2025,Diesel,NT,Darwin,City/Region,188.6,Darwin,https://aip.com.au/pricing/diesel/northern-territory-retail-diesel-prices/darwin/
2025-11-16,16 Nov,2025,Diesel,NT,Darwin,City/Region,189.7,Darwin,https://aip.com.au/pricing/diesel/northern-territory-retail-diesel-prices/darwin/
2025-11-23,23 Nov,2025,Diesel,NT,Darwin,City/Region,191.5,Darwin,https://aip.com.au/pricing/diesel/northern-territory-retail-diesel-prices/darwin/
2025-11-30,30 Nov,2025,Diesel,NT,Darwin,City/Region,192.4,Darwin,https://aip.com.au/pricing/diesel/northern-territory-retail-diesel-prices/darwin/
2025-12-07,7 Dec,2025,Diesel,NT,Darwin,City/Region,191.4,Darwin,https://aip.com.au/pricing/diesel/northern-territory-retail-diesel-prices/darwin/
2025-12-14,14 Dec,2025,Diesel,NT,Darwin,City/Region,191.0,Darwin,https://aip.com.au/pricing/diesel/northern-territory-retail-diesel-prices/darwin/
2025-12-21,21 Dec,2025,Diesel,NT,Darwin,City/Region,189.2,Darwin,https://aip.com.au/pricing/diesel/northern-territory-retail-diesel-prices/darwin/
2025-12-28,28 Dec,2025,Diesel,NT,Darwin,City/Region,188.0,Darwin,https://aip.com.au/pricing/diesel/northern-territory-retail-diesel-prices/darwin/
2026-01-04,4 Jan,2026,Diesel,NT,Darwin,City/Region,187.5,Darwin,https://aip.com.au/pricing/diesel/northern-territory-retail-diesel-prices/darwin/
2026-01-11,11 Jan,2026,Diesel,NT,Darwin,City/Region,186.3,Darwin,https://aip.com.au/pricing/diesel/northern-territory-retail-diesel-prices/darwin/
2026-01-18,18 Jan,2026,Diesel,NT,Darwin,City/Region,186.1,Darwin,https://aip.com.au/pricing/diesel/northern-territory-retail-diesel-prices/darwin/
2026-01-25,25 Jan,2026,Diesel,NT,Darwin,City/Region,185.5,Darwin,https://aip.com.au/pricing/diesel/northern-territory-retail-diesel-prices/darwin/
2026-02-01,1 Feb,2026,Diesel,NT,Darwin,City/Region,184.1,Darwin,https://aip.com.au/pricing/diesel/northern-territory-retail-diesel-prices/darwin/
2026-02-08,8 Feb,2026,Diesel,NT,Darwin,City/Region,183.1,Darwin,https://aip.com.au/pricing/diesel/northern-territory-retail-diesel-prices/darwin/
2026-02-15,15 Feb,2026,Diesel,NT,Darwin,City/Region,182.6,Darwin,https://aip.com.au/pricing/diesel/northern-territory-retail-diesel-prices/darwin/
2026-02-22,22 Feb,2026,Diesel,NT,Darwin,City/Region,182.5,Darwin,https://aip.com.au/pricing/diesel/northern-territory-retail-diesel-prices/darwin/
2026-03-01,1 Mar,2026,Diesel,NT,Darwin,City/Region,183.6,Darwin,https://aip.com.au/pricing/diesel/northern-territory-retail-diesel-prices/darwin/
2026-03-08,8 Mar,2026,Diesel,NT,Darwin,City/Region,199.5,Darwin,https://aip.com.au/pricing/diesel/northern-territory-retail-diesel-prices/darwin/
2026-03-15,15 Mar,2026,Diesel,NT,Darwin,City/Region,247.0,Darwin,https://aip.com.au/pricing/diesel/northern-territory-retail-diesel-prices/darwin/
2026-03-22,22 Mar,2026,Diesel,NT,Darwin,City/Region,281.6,Darwin,https://aip.com.au/pricing/diesel/northern-territory-retail-diesel-prices/darwin/
2026-03-29,29 Mar,2026,Diesel,NT,Darwin,City/Region,308.0,Darwin,https://aip.com.au/pricing/diesel/northern-territory-retail-diesel-prices/darwin/
2026-04-05,5 Apr,2026,Diesel,NT,Darwin,City/Region,309.5,Darwin,https://aip.com.au/pricing/diesel/northern-territory-retail-diesel-prices/darwin/
2026-04-12,12 Apr,2026,Diesel,NT,Darwin,City/Region,319.3,Darwin,https://aip.com.au/pricing/diesel/northern-territory-retail-diesel-prices/darwin/
2026-04-19,19 Apr,2026,Diesel,NT,Darwin,City/Region,305.6,Darwin,https://aip.com.au/pricing/diesel/northern-territory-retail-diesel-prices/darwin/
2026-04-26,26 Apr,2026,Diesel,NT,Darwin,City/Region,274.6,Darwin,https://aip.com.au/pricing/diesel/northern-territory-retail-diesel-prices/darwin/
2026-05-03,3 May,2026,Diesel,NT,Darwin,City/Region,253.4,Darwin,https://aip.com.au/pricing/diesel/northern-territory-retail-diesel-prices/darwin/
2026-05-10,10 May,2026,Diesel,NT,Darwin,City/Region,247.7,Darwin,https://aip.com.au/pricing/diesel/northern-territory-retail-diesel-prices/darwin/
2026-05-17,17 May,2026,Diesel,NT,Darwin,City/Region,240.8,Darwin,https://aip.com.au/pricing/diesel/northern-territory-retail-diesel-prices/darwin/
2026-05-24,24 May,2026,Diesel,NT,Darwin,City/Region,236.2,Darwin,https://aip.com.au/pricing/diesel/northern-territory-retail-diesel-prices/darwin/
2026-05-31,31 May,2026,Diesel,NT,Darwin,City/Region,229.0,Darwin,https://aip.com.au/pricing/diesel/northern-territory-retail-diesel-prices/darwin/
2026-06-07,7 Jun,2026,Diesel,NT,Darwin,City/Region,210.3,Darwin,https://aip.com.au/pricing/diesel/northern-territory-retail-diesel-prices/darwin/
2026-06-14,14 Jun,2026,Diesel,NT,Darwin,City/Region,199.2,Darwin,https://aip.com.au/pricing/diesel/northern-territory-retail-diesel-prices/darwin/
2026-06-21,21 Jun,2026,Diesel,NT,Darwin,City/Region,192.5,Darwin,https://aip.com.au/pricing/diesel/northern-territory-retail-diesel-prices/darwin/
2026-06-28,28 Jun,2026,Diesel,NT,Darwin,City/Region,182.0,Darwin,https://aip.com.au/pricing/diesel/northern-territory-retail-diesel-prices/darwin/
2026-07-05,5 Jul,2026,Diesel,NT,Darwin,City/Region,182.5,Darwin,https://aip.com.au/pricing/diesel/northern-territory-retail-diesel-prices/darwin/
2026-07-12,12 Jul,2026,Diesel,NT,Darwin,City/Region,188.9,Darwin,https://aip.com.au/pricing/diesel/northern-territory-retail-diesel-prices/darwin/
2026-07-19,19 Jul,2026,Diesel,NT,Darwin,City/Region,200.0,Darwin,https://aip.com.au/pricing/diesel/northern-territory-retail-diesel-prices/darwin/
2026-07-26,26 Jul,2026,Diesel,NT,Darwin,City/Region,221.3,Darwin,https://aip.com.au/pricing/diesel/northern-territory-retail-diesel-prices/darwin/
2026-08-02,2 Aug,2026,Diesel,NT,Darwin,City/Region,239.5,Darwin,https://aip.com.au/pricing/diesel/northern-territory-retail-diesel-prices/darwin/
2026-08-09,9 Aug,2026,Diesel,NT,Darwin,City/Region,253.1,Darwin,https://aip.com.au/pricing/diesel/northern-territory-retail-diesel-prices/darwin/
2026-08-16,16 Aug,2026,Diesel,NT,Darwin,City/Region,250.0,Darwin,https://aip.com.au/pricing/diesel/northern-territory-retail-diesel-prices/darwin/
2025-08-24,24 Aug,2025,Diesel,NT,Northern Territory Regional Average,State Regional Average,240.8,Northern Territory Regional Average,https://aip.com.au/pricing/diesel/northern-territory-retail-diesel-prices/northern-territory-regional-average/
2025-08-31,31 Aug,2025,Diesel,NT,Northern Territory Regional Average,State Regional Average,241.0,Northern Territory Regional Average,https://aip.com.au/pricing/diesel/northern-territory-retail-diesel-prices/northern-territory-regional-average/
2025-09-07,7 Sep,2025,Diesel,NT,Northern Territory Regional Average,State Regional Average,241.1,Northern Territory Regional Average,https://aip.com.au/pricing/diesel/northern-territory-retail-diesel-prices/northern-territory-regional-average/
2025-09-14,14 Sep,2025,Diesel,NT,Northern Territory Regional Average,State Regional Average,241.4,Northern Territory Regional Average,https://aip.com.au/pricing/diesel/northern-territory-retail-diesel-prices/northern-territory-regional-average/
2025-09-21,21 Sep,2025,Diesel,NT,Northern Territory Regional Average,State Regional Average,241.4,Northern Territory Regional Average,https://aip.com.au/pricing/diesel/northern-territory-retail-diesel-prices/northern-territory-regional-average/
2025-09-28,28 Sep,2025,Diesel,NT,Northern Territory Regional Average,State Regional Average,241.3,Northern Territory Regional Average,https://aip.com.au/pricing/diesel/northern-territory-retail-diesel-prices/northern-territory-regional-average/
2025-10-05,5 Oct,2025,Diesel,NT,Northern Territory Regional Average,State Regional Average,241.3,Northern Territory Regional Average,https://aip.com.au/pricing/diesel/northern-territory-retail-diesel-prices/northern-territory-regional-average/
2025-10-12,12 Oct,2025,Diesel,NT,Northern Territory Regional Average,State Regional Average,241.4,Northern Territory Regional Average,https://aip.com.au/pricing/diesel/northern-territory-retail-diesel-prices/northern-territory-regional-average/
2025-10-19,19 Oct,2025,Diesel,NT,Northern Territory Regional Average,State Regional Average,241.4,Northern Territory Regional Average,https://aip.com.au/pricing/diesel/northern-territory-retail-diesel-prices/northern-territory-regional-average/
2025-10-26,26 Oct,2025,Diesel,NT,Northern Territory Regional Average,State Regional Average,241.4,Northern Territory Regional Average,https://aip.com.au/pricing/diesel/northern-territory-retail-diesel-prices/northern-territory-regional-average/
2025-11-02,2 Nov,2025,Diesel,NT,Northern Territory Regional Average,State Regional Average,241.3,Northern Territory Regional Average,https://aip.com.au/pricing/diesel/northern-territory-retail-diesel-prices/northern-territory-regional-average/
2025-11-09,9 Nov,2025,Diesel,NT,Northern Territory Regional Average,State Regional Average,241.6,Northern Territory Regional Average,https://aip.com.au/pricing/diesel/northern-territory-retail-diesel-prices/northern-territory-regional-average/
2025-11-16,16 Nov,2025,Diesel,NT,Northern Territory Regional Average,State Regional Average,242.2,Northern Territory Regional Average,https://aip.com.au/pricing/diesel/northern-territory-retail-diesel-prices/northern-territory-regional-average/
2025-11-23,23 Nov,2025,Diesel,NT,Northern Territory Regional Average,State Regional Average,242.8,Northern Territory Regional Average,https://aip.com.au/pricing/diesel/northern-territory-retail-diesel-prices/northern-territory-regional-average/
2025-11-30,30 Nov,2025,Diesel,NT,Northern Territory Regional Average,State Regional Average,242.9,Northern Territory Regional Average,https://aip.com.au/pricing/diesel/northern-territory-retail-diesel-prices/northern-territory-regional-average/
2025-12-07,7 Dec,2025,Diesel,NT,Northern Territory Regional Average,State Regional Average,242.5,Northern Territory Regional Average,https://aip.com.au/pricing/diesel/northern-territory-retail-diesel-prices/northern-territory-regional-average/
2025-12-14,14 Dec,2025,Diesel,NT,Northern Territory Regional Average,State Regional Average,241.5,Northern Territory Regional Average,https://aip.com.au/pricing/diesel/northern-territory-retail-diesel-prices/northern-territory-regional-average/
2025-12-21,21 Dec,2025,Diesel,NT,Northern Territory Regional Average,State Regional Average,240.9,Northern Territory Regional Average,https://aip.com.au/pricing/diesel/northern-territory-retail-diesel-prices/northern-territory-regional-average/
2025-12-28,28 Dec,2025,Diesel,NT,Northern Territory Regional Average,State Regional Average,240.5,Northern Territory Regional Average,https://aip.com.au/pricing/diesel/northern-territory-retail-diesel-prices/northern-territory-regional-average/
2026-01-04,4 Jan,2026,Diesel,NT,Northern Territory Regional Average,State Regional Average,240.3,Northern Territory Regional Average,https://aip.com.au/pricing/diesel/northern-territory-retail-diesel-prices/northern-territory-regional-average/
2026-01-11,11 Jan,2026,Diesel,NT,Northern Territory Regional Average,State Regional Average,239.6,Northern Territory Regional Average,https://aip.com.au/pricing/diesel/northern-territory-retail-diesel-prices/northern-territory-regional-average/
2026-01-18,18 Jan,2026,Diesel,NT,Northern Territory Regional Average,State Regional Average,239.5,Northern Territory Regional Average,https://aip.com.au/pricing/diesel/northern-territory-retail-diesel-prices/northern-territory-regional-average/
2026-01-25,25 Jan,2026,Diesel,NT,Northern Territory Regional Average,State Regional Average,239.1,Northern Territory Regional Average,https://aip.com.au/pricing/diesel/northern-territory-retail-diesel-prices/northern-territory-regional-average/
2026-02-01,1 Feb,2026,Diesel,NT,Northern Territory Regional Average,State Regional Average,238.6,Northern Territory Regional Average,https://aip.com.au/pricing/diesel/northern-territory-retail-diesel-prices/northern-territory-regional-average/
2026-02-08,8 Feb,2026,Diesel,NT,Northern Territory Regional Average,State Regional Average,238.0,Northern Territory Regional Average,https://aip.com.au/pricing/diesel/northern-territory-retail-diesel-prices/northern-territory-regional-average/
2026-02-15,15 Feb,2026,Diesel,NT,Northern Territory Regional Average,State Regional Average,237.9,Northern Territory Regional Average,https://aip.com.au/pricing/diesel/northern-territory-retail-diesel-prices/northern-territory-regional-average/
2026-02-22,22 Feb,2026,Diesel,NT,Northern Territory Regional Average,State Regional Average,237.9,Northern Territory Regional Average,https://aip.com.au/pricing/diesel/northern-territory-retail-diesel-prices/northern-territory-regional-average/
2026-03-01,1 Mar,2026,Diesel,NT,Northern Territory Regional Average,State Regional Average,237.9,Northern Territory Regional Average,https://aip.com.au/pricing/diesel/northern-territory-retail-diesel-prices/northern-territory-regional-average/
2026-03-08,8 Mar,2026,Diesel,NT,Northern Territory Regional Average,State Regional Average,242.9,Northern Territory Regional Average,https://aip.com.au/pricing/diesel/northern-territory-retail-diesel-prices/northern-territory-regional-average/
2026-03-15,15 Mar,2026,Diesel,NT,Northern Territory Regional Average,State Regional Average,264.3,Northern Territory Regional Average,https://aip.com.au/pricing/diesel/northern-territory-retail-diesel-prices/northern-territory-regional-average/
2026-03-22,22 Mar,2026,Diesel,NT,Northern Territory Regional Average,State Regional Average,286.5,Northern Territory Regional Average,https://aip.com.au/pricing/diesel/northern-territory-retail-diesel-prices/northern-territory-regional-average/
2026-03-29,29 Mar,2026,Diesel,NT,Northern Territory Regional Average,State Regional Average,305.0,Northern Territory Regional Average,https://aip.com.au/pricing/diesel/northern-territory-retail-diesel-prices/northern-territory-regional-average/
2026-04-05,5 Apr,2026,Diesel,NT,Northern Territory Regional Average,State Regional Average,317.2,Northern Territory Regional Average,https://aip.com.au/pricing/diesel/northern-territory-retail-diesel-prices/northern-territory-regional-average/
2026-04-12,12 Apr,2026,Diesel,NT,Northern Territory Regional Average,State Regional Average,327.0,Northern Territory Regional Average,https://aip.com.au/pricing/diesel/northern-territory-retail-diesel-prices/northern-territory-regional-average/
2026-04-19,19 Apr,2026,Diesel,NT,Northern Territory Regional Average,State Regional Average,325.5,Northern Territory Regional Average,https://aip.com.au/pricing/diesel/northern-territory-retail-diesel-prices/northern-territory-regional-average/
2026-04-26,26 Apr,2026,Diesel,NT,Northern Territory Regional Average,State Regional Average,290.9,Northern Territory Regional Average,https://aip.com.au/pricing/diesel/northern-territory-retail-diesel-prices/northern-territory-regional-average/
2026-05-03,3 May,2026,Diesel,NT,Northern Territory Regional Average,State Regional Average,308.5,Northern Territory Regional Average,https://aip.com.au/pricing/diesel/northern-territory-retail-diesel-prices/northern-territory-regional-average/
2026-05-10,10 May,2026,Diesel,NT,Northern Territory Regional Average,State Regional Average,303.5,Northern Territory Regional Average,https://aip.com.au/pricing/diesel/northern-territory-retail-diesel-prices/northern-territory-regional-average/
2026-05-17,17 May,2026,Diesel,NT,Northern Territory Regional Average,State Regional Average,300.5,Northern Territory Regional Average,https://aip.com.au/pricing/diesel/northern-territory-retail-diesel-prices/northern-territory-regional-average/
2026-05-24,24 May,2026,Diesel,NT,Northern Territory Regional Average,State Regional Average,296.5,Northern Territory Regional Average,https://aip.com.au/pricing/diesel/northern-territory-retail-diesel-prices/northern-territory-regional-average/
2026-05-31,31 May,2026,Diesel,NT,Northern Territory Regional Average,State Regional Average,292.5,Northern Territory Regional Average,https://aip.com.au/pricing/diesel/northern-territory-retail-diesel-prices/northern-territory-regional-average/
2026-06-07,7 Jun,2026,Diesel,NT,Northern Territory Regional Average,State Regional Average,286.7,Northern Territory Regional Average,https://aip.com.au/pricing/diesel/northern-territory-retail-diesel-prices/northern-territory-regional-average/
2026-06-14,14 Jun,2026,Diesel,NT,Northern Territory Regional Average,State Regional Average,281.3,Northern Territory Regional Average,https://aip.com.au/pricing/diesel/northern-territory-retail-diesel-prices/northern-territory-regional-average/
2026-06-21,21 Jun,2026,Diesel,NT,Northern Territory Regional Average,State Regional Average,276.1,Northern Territory Regional Average,https://aip.com.au/pricing/diesel/northern-territory-retail-diesel-prices/northern-territory-regional-average/
2026-06-28,28 Jun,2026,Diesel,NT,Northern Territory Regional Average,State Regional Average,270.5,Northern Territory Regional Average,https://aip.com.au/pricing/diesel/northern-territory-retail-diesel-prices/northern-territory-regional-average/
2026-07-05,5 Jul,2026,Diesel,NT,Northern Territory Regional Average,State Regional Average,266.7,Northern Territory Regional Average,https://aip.com.au/pricing/diesel/northern-territory-retail-diesel-prices/northern-territory-regional-average/
2026-07-12,12 Jul,2026,Diesel,NT,Northern Territory Regional Average,State Regional Average,263.7,Northern Territory Regional Average,https://aip.com.au/pricing/diesel/northern-territory-retail-diesel-prices/northern-territory-regional-average/
2026-07-19,19 Jul,2026,Diesel,NT,Northern Territory Regional Average,State Regional Average,263.6,Northern Territory Regional Average,https://aip.com.au/pricing/diesel/northern-territory-retail-diesel-prices/northern-territory-regional-average/
2026-07-26,26 Jul,2026,Diesel,NT,Northern Territory Regional Average,State Regional Average,269.4,Northern Territory Regional Average,https://aip.com.au/pricing/diesel/northern-territory-retail-diesel-prices/northern-territory-regional-average/
2026-08-02,2 Aug,2026,Diesel,NT,Northern Territory Regional Average,State Regional Average,276.4,Northern Territory Regional Average,https://aip.com.au/pricing/diesel/northern-territory-retail-diesel-prices/northern-territory-regional-average/
2026-08-09,9 Aug,2026,Diesel,NT,Northern Territory Regional Average,State Regional Average,284.1,Northern Territory Regional Average,https://aip.com.au/pricing/diesel/northern-territory-retail-diesel-prices/northern-territory-regional-average/
2026-08-16,16 Aug,2026,Diesel,NT,Northern Territory Regional Average,State Regional Average,288.4,Northern Territory Regional Average,https://aip.com.au/pricing/diesel/northern-territory-retail-diesel-prices/northern-territory-regional-average/
2025-08-24,24 Aug,2025,Diesel,NT,Northern Territory State Average,State Average,208.0,Northern Territory State Average,https://aip.com.au/pricing/diesel/northern-territory-retail-diesel-prices/northern-territory-state-average/
2025-08-31,31 Aug,2025,Diesel,NT,Northern Territory State Average,State Average,208.3,Northern Territory State Average,https://aip.com.au/pricing/diesel/northern-territory-retail-diesel-prices/northern-territory-state-average/
2025-09-07,7 Sep,2025,Diesel,NT,Northern Territory State Average,State Average,209.1,Northern Territory State Average,https://aip.com.au/pricing/diesel/northern-territory-retail-diesel-prices/northern-territory-state-average/
2025-09-14,14 Sep,2025,Diesel,NT,Northern Territory State Average,State Average,209.6,Northern Territory State Average,https://aip.com.au/pricing/diesel/northern-territory-retail-diesel-prices/northern-territory-state-average/
2025-09-21,21 Sep,2025,Diesel,NT,Northern Territory State Average,State Average,209.7,Northern Territory State Average,https://aip.com.au/pricing/diesel/northern-territory-retail-diesel-prices/northern-territory-state-average/
2025-09-28,28 Sep,2025,Diesel,NT,Northern Territory State Average,State Average,209.8,Northern Territory State Average,https://aip.com.au/pricing/diesel/northern-territory-retail-diesel-prices/northern-territory-state-average/
2025-10-05,5 Oct,2025,Diesel,NT,Northern Territory State Average,State Average,209.9,Northern Territory State Average,https://aip.com.au/pricing/diesel/northern-territory-retail-diesel-prices/northern-territory-state-average/
2025-10-12,12 Oct,2025,Diesel,NT,Northern Territory State Average,State Average,209.9,Northern Territory State Average,https://aip.com.au/pricing/diesel/northern-territory-retail-diesel-prices/northern-territory-state-average/
2025-10-19,19 Oct,2025,Diesel,NT,Northern Territory State Average,State Average,209.6,Northern Territory State Average,https://aip.com.au/pricing/diesel/northern-territory-retail-diesel-prices/northern-territory-state-average/
2025-10-26,26 Oct,2025,Diesel,NT,Northern Territory State Average,State Average,209.5,Northern Territory State Average,https://aip.com.au/pricing/diesel/northern-territory-retail-diesel-prices/northern-territory-state-average/
2025-11-02,2 Nov,2025,Diesel,NT,Northern Territory State Average,State Average,209.2,Northern Territory State Average,https://aip.com.au/pricing/diesel/northern-territory-retail-diesel-prices/northern-territory-state-average/
2025-11-09,9 Nov,2025,Diesel,NT,Northern Territory State Average,State Average,209.4,Northern Territory State Average,https://aip.com.au/pricing/diesel/northern-territory-retail-diesel-prices/northern-territory-state-average/
2025-11-16,16 Nov,2025,Diesel,NT,Northern Territory State Average,State Average,210.3,Northern Territory State Average,https://aip.com.au/pricing/diesel/northern-territory-retail-diesel-prices/northern-territory-state-average/
2025-11-23,23 Nov,2025,Diesel,NT,Northern Territory State Average,State Average,211.6,Northern Territory State Average,https://aip.com.au/pricing/diesel/northern-territory-retail-diesel-prices/northern-territory-state-average/
2025-11-30,30 Nov,2025,Diesel,NT,Northern Territory State Average,State Average,212.2,Northern Territory State Average,https://aip.com.au/pricing/diesel/northern-territory-retail-diesel-prices/northern-territory-state-average/
2025-12-07,7 Dec,2025,Diesel,NT,Northern Territory State Average,State Average,211.4,Northern Territory State Average,https://aip.com.au/pricing/diesel/northern-territory-retail-diesel-prices/northern-territory-state-average/
2025-12-14,14 Dec,2025,Diesel,NT,Northern Territory State Average,State Average,210.8,Northern Territory State Average,https://aip.com.au/pricing/diesel/northern-territory-retail-diesel-prices/northern-territory-state-average/
2025-12-21,21 Dec,2025,Diesel,NT,Northern Territory State Average,State Average,209.5,Northern Territory State Average,https://aip.com.au/pricing/diesel/northern-territory-retail-diesel-prices/northern-territory-state-average/
2025-12-28,28 Dec,2025,Diesel,NT,Northern Territory State Average,State Average,208.6,Northern Territory State Average,https://aip.com.au/pricing/diesel/northern-territory-retail-diesel-prices/northern-territory-state-average/
2026-01-04,4 Jan,2026,Diesel,NT,Northern Territory State Average,State Average,208.2,Northern Territory State Average,https://aip.com.au/pricing/diesel/northern-territory-retail-diesel-prices/northern-territory-state-average/
2026-01-11,11 Jan,2026,Diesel,NT,Northern Territory State Average,State Average,207.2,Northern Territory State Average,https://aip.com.au/pricing/diesel/northern-territory-retail-diesel-prices/northern-territory-state-average/
2026-01-18,18 Jan,2026,Diesel,NT,Northern Territory State Average,State Average,207.0,Northern Territory State Average,https://aip.com.au/pricing/diesel/northern-territory-retail-diesel-prices/northern-territory-state-average/
2026-01-25,25 Jan,2026,Diesel,NT,Northern Territory State Average,State Average,206.5,Northern Territory State Average,https://aip.com.au/pricing/diesel/northern-territory-retail-diesel-prices/northern-territory-state-average/
2026-02-01,1 Feb,2026,Diesel,NT,Northern Territory State Average,State Average,205.5,Northern Territory State Average,https://aip.com.au/pricing/diesel/northern-territory-retail-diesel-prices/northern-territory-state-average/
2026-02-08,8 Feb,2026,Diesel,NT,Northern Territory State Average,State Average,204.7,Northern Territory State Average,https://aip.com.au/pricing/diesel/northern-territory-retail-diesel-prices/northern-territory-state-average/
2026-02-15,15 Feb,2026,Diesel,NT,Northern Territory State Average,State Average,204.3,Northern Territory State Average,https://aip.com.au/pricing/diesel/northern-territory-retail-diesel-prices/northern-territory-state-average/
2026-02-22,22 Feb,2026,Diesel,NT,Northern Territory State Average,State Average,204.2,Northern Territory State Average,https://aip.com.au/pricing/diesel/northern-territory-retail-diesel-prices/northern-territory-state-average/
2026-03-01,1 Mar,2026,Diesel,NT,Northern Territory State Average,State Average,204.9,Northern Territory State Average,https://aip.com.au/pricing/diesel/northern-territory-retail-diesel-prices/northern-territory-state-average/
2026-03-08,8 Mar,2026,Diesel,NT,Northern Territory State Average,State Average,216.5,Northern Territory State Average,https://aip.com.au/pricing/diesel/northern-territory-retail-diesel-prices/northern-territory-state-average/
2026-03-15,15 Mar,2026,Diesel,NT,Northern Territory State Average,State Average,253.8,Northern Territory State Average,https://aip.com.au/pricing/diesel/northern-territory-retail-diesel-prices/northern-territory-state-average/
2026-03-22,22 Mar,2026,Diesel,NT,Northern Territory State Average,State Average,283.5,Northern Territory State Average,https://aip.com.au/pricing/diesel/northern-territory-retail-diesel-prices/northern-territory-state-average/
2026-03-29,29 Mar,2026,Diesel,NT,Northern Territory State Average,State Average,306.8,Northern Territory State Average,https://aip.com.au/pricing/diesel/northern-territory-retail-diesel-prices/northern-territory-state-average/
2026-04-05,5 Apr,2026,Diesel,NT,Northern Territory State Average,State Average,312.5,Northern Territory State Average,https://aip.com.au/pricing/diesel/northern-territory-retail-diesel-prices/northern-territory-state-average/
2026-04-12,12 Apr,2026,Diesel,NT,Northern Territory State Average,State Average,322.3,Northern Territory State Average,https://aip.com.au/pricing/diesel/northern-territory-retail-diesel-prices/northern-territory-state-average/
2026-04-19,19 Apr,2026,Diesel,NT,Northern Territory State Average,State Average,313.4,Northern Territory State Average,https://aip.com.au/pricing/diesel/northern-territory-retail-diesel-prices/northern-territory-state-average/
2026-04-26,26 Apr,2026,Diesel,NT,Northern Territory State Average,State Average,281.0,Northern Territory State Average,https://aip.com.au/pricing/diesel/northern-territory-retail-diesel-prices/northern-territory-state-average/
2026-05-03,3 May,2026,Diesel,NT,Northern Territory State Average,State Average,275.0,Northern Territory State Average,https://aip.com.au/pricing/diesel/northern-territory-retail-diesel-prices/northern-territory-state-average/
2026-05-10,10 May,2026,Diesel,NT,Northern Territory State Average,State Average,269.6,Northern Territory State Average,https://aip.com.au/pricing/diesel/northern-territory-retail-diesel-prices/northern-territory-state-average/
2026-05-17,17 May,2026,Diesel,NT,Northern Territory State Average,State Average,264.2,Northern Territory State Average,https://aip.com.au/pricing/diesel/northern-territory-retail-diesel-prices/northern-territory-state-average/
2026-05-24,24 May,2026,Diesel,NT,Northern Territory State Average,State Average,259.9,Northern Territory State Average,https://aip.com.au/pricing/diesel/northern-territory-retail-diesel-prices/northern-territory-state-average/
2026-05-31,31 May,2026,Diesel,NT,Northern Territory State Average,State Average,253.9,Northern Territory State Average,https://aip.com.au/pricing/diesel/northern-territory-retail-diesel-prices/northern-territory-state-average/
2026-06-07,7 Jun,2026,Diesel,NT,Northern Territory State Average,State Average,240.3,Northern Territory State Average,https://aip.com.au/pricing/diesel/northern-territory-retail-diesel-prices/northern-territory-state-average/
2026-06-14,14 Jun,2026,Diesel,NT,Northern Territory State Average,State Average,231.5,Northern Territory State Average,https://aip.com.au/pricing/diesel/northern-territory-retail-diesel-prices/northern-territory-state-average/
2026-06-21,21 Jun,2026,Diesel,NT,Northern Territory State Average,State Average,225.3,Northern Territory State Average,https://aip.com.au/pricing/diesel/northern-territory-retail-diesel-prices/northern-territory-state-average/
2026-06-28,28 Jun,2026,Diesel,NT,Northern Territory State Average,State Average,216.7,Northern Territory State Average,https://aip.com.au/pricing/diesel/northern-territory-retail-diesel-prices/northern-territory-state-average/
2026-07-05,5 Jul,2026,Diesel,NT,Northern Territory State Average,State Average,215.5,Northern Territory State Average,https://aip.com.au/pricing/diesel/northern-territory-retail-diesel-prices/northern-territory-state-average/
2026-07-12,12 Jul,2026,Diesel,NT,Northern Territory State Average,State Average,218.2,Northern Territory State Average,https://aip.com.au/pricing/diesel/northern-territory-retail-diesel-prices/northern-territory-state-average/
2026-07-19,19 Jul,2026,Diesel,NT,Northern Territory State Average,State Average,224.9,Northern Territory State Average,https://aip.com.au/pricing/diesel/northern-territory-retail-diesel-prices/northern-territory-state-average/
2026-07-26,26 Jul,2026,Diesel,NT,Northern Territory State Average,State Average,240.2,Northern Territory State Average,https://aip.com.au/pricing/diesel/northern-territory-retail-diesel-prices/northern-territory-state-average/
2026-08-02,2 Aug,2026,Diesel,NT,Northern Territory State Average,State Average,254.0,Northern Territory State Average,https://aip.com.au/pricing/diesel/northern-territory-retail-diesel-prices/northern-territory-state-average/
2026-08-09,9 Aug,2026,Diesel,NT,Northern Territory State Average,State Average,265.3,Northern Territory State Average,https://aip.com.au/pricing/diesel/northern-territory-retail-diesel-prices/northern-territory-state-average/
2026-08-16,16 Aug,2026,Diesel,NT,Northern Territory State Average,State Average,265.1,Northern Territory State Average,https://aip.com.au/pricing/diesel/northern-territory-retail-diesel-prices/northern-territory-state-average/
2025-08-24,24 Aug,2025,Diesel,National,Five Capital City Average,National Capital City Average,182.2,Five Capital City Average,https://aip.com.au/pricing/diesel/national-retail-diesel-prices/5-capital-city-average/
2025-08-31,31 Aug,2025,Diesel,National,Five Capital City Average,National Capital City Average,182.1,Five Capital City Average,https://aip.com.au/pricing/diesel/national-retail-diesel-prices/5-capital-city-average/
2025-09-07,7 Sep,2025,Diesel,National,Five Capital City Average,National Capital City Average,182.5,Five Capital City Average,https://aip.com.au/pricing/diesel/national-retail-diesel-prices/5-capital-city-average/
2025-09-14,14 Sep,2025,Diesel,National,Five Capital City Average,National Capital City Average,182.8,Five Capital City Average,https://aip.com.au/pricing/diesel/national-retail-diesel-prices/5-capital-city-average/
2025-09-21,21 Sep,2025,Diesel,National,Five Capital City Average,National Capital City Average,182.8,Five Capital City Average,https://aip.com.au/pricing/diesel/national-retail-diesel-prices/5-capital-city-average/
2025-09-28,28 Sep,2025,Diesel,National,Five Capital City Average,National Capital City Average,182.8,Five Capital City Average,https://aip.com.au/pricing/diesel/national-retail-diesel-prices/5-capital-city-average/
2025-10-05,5 Oct,2025,Diesel,National,Five Capital City Average,National Capital City Average,182.5,Five Capital City Average,https://aip.com.au/pricing/diesel/national-retail-diesel-prices/5-capital-city-average/
2025-10-12,12 Oct,2025,Diesel,National,Five Capital City Average,National Capital City Average,182.5,Five Capital City Average,https://aip.com.au/pricing/diesel/national-retail-diesel-prices/5-capital-city-average/
2025-10-19,19 Oct,2025,Diesel,National,Five Capital City Average,National Capital City Average,181.7,Five Capital City Average,https://aip.com.au/pricing/diesel/national-retail-diesel-prices/5-capital-city-average/
2025-10-26,26 Oct,2025,Diesel,National,Five Capital City Average,National Capital City Average,181.6,Five Capital City Average,https://aip.com.au/pricing/diesel/national-retail-diesel-prices/5-capital-city-average/
2025-11-02,2 Nov,2025,Diesel,National,Five Capital City Average,National Capital City Average,182.9,Five Capital City Average,https://aip.com.au/pricing/diesel/national-retail-diesel-prices/5-capital-city-average/
2025-11-09,9 Nov,2025,Diesel,National,Five Capital City Average,National Capital City Average,184.1,Five Capital City Average,https://aip.com.au/pricing/diesel/national-retail-diesel-prices/5-capital-city-average/
2025-11-16,16 Nov,2025,Diesel,National,Five Capital City Average,National Capital City Average,187.1,Five Capital City Average,https://aip.com.au/pricing/diesel/national-retail-diesel-prices/5-capital-city-average/
2025-11-23,23 Nov,2025,Diesel,National,Five Capital City Average,National Capital City Average,190.0,Five Capital City Average,https://aip.com.au/pricing/diesel/national-retail-diesel-prices/5-capital-city-average/
2025-11-30,30 Nov,2025,Diesel,National,Five Capital City Average,National Capital City Average,191.2,Five Capital City Average,https://aip.com.au/pricing/diesel/national-retail-diesel-prices/5-capital-city-average/
2025-12-07,7 Dec,2025,Diesel,National,Five Capital City Average,National Capital City Average,190.4,Five Capital City Average,https://aip.com.au/pricing/diesel/national-retail-diesel-prices/5-capital-city-average/
2025-12-14,14 Dec,2025,Diesel,National,Five Capital City Average,National Capital City Average,189.3,Five Capital City Average,https://aip.com.au/pricing/diesel/national-retail-diesel-prices/5-capital-city-average/
2025-12-21,21 Dec,2025,Diesel,National,Five Capital City Average,National Capital City Average,187.5,Five Capital City Average,https://aip.com.au/pricing/diesel/national-retail-diesel-prices/5-capital-city-average/
2025-12-28,28 Dec,2025,Diesel,National,Five Capital City Average,National Capital City Average,185.2,Five Capital City Average,https://aip.com.au/pricing/diesel/national-retail-diesel-prices/5-capital-city-average/
2026-01-04,4 Jan,2026,Diesel,National,Five Capital City Average,National Capital City Average,183.8,Five Capital City Average,https://aip.com.au/pricing/diesel/national-retail-diesel-prices/5-capital-city-average/
2026-01-11,11 Jan,2026,Diesel,National,Five Capital City Average,National Capital City Average,181.7,Five Capital City Average,https://aip.com.au/pricing/diesel/national-retail-diesel-prices/5-capital-city-average/
2026-01-18,18 Jan,2026,Diesel,National,Five Capital City Average,National Capital City Average,180.2,Five Capital City Average,https://aip.com.au/pricing/diesel/national-retail-diesel-prices/5-capital-city-average/
2026-01-25,25 Jan,2026,Diesel,National,Five Capital City Average,National Capital City Average,179.0,Five Capital City Average,https://aip.com.au/pricing/diesel/national-retail-diesel-prices/5-capital-city-average/
2026-02-01,1 Feb,2026,Diesel,National,Five Capital City Average,National Capital City Average,178.1,Five Capital City Average,https://aip.com.au/pricing/diesel/national-retail-diesel-prices/5-capital-city-average/
2026-02-08,8 Feb,2026,Diesel,National,Five Capital City Average,National Capital City Average,177.5,Five Capital City Average,https://aip.com.au/pricing/diesel/national-retail-diesel-prices/5-capital-city-average/
2026-02-15,15 Feb,2026,Diesel,National,Five Capital City Average,National Capital City Average,177.2,Five Capital City Average,https://aip.com.au/pricing/diesel/national-retail-diesel-prices/5-capital-city-average/
2026-02-22,22 Feb,2026,Diesel,National,Five Capital City Average,National Capital City Average,176.9,Five Capital City Average,https://aip.com.au/pricing/diesel/national-retail-diesel-prices/5-capital-city-average/
2026-03-01,1 Mar,2026,Diesel,National,Five Capital City Average,National Capital City Average,177.9,Five Capital City Average,https://aip.com.au/pricing/diesel/national-retail-diesel-prices/5-capital-city-average/
2026-03-08,8 Mar,2026,Diesel,National,Five Capital City Average,National Capital City Average,194.9,Five Capital City Average,https://aip.com.au/pricing/diesel/national-retail-diesel-prices/5-capital-city-average/
2026-03-15,15 Mar,2026,Diesel,National,Five Capital City Average,National Capital City Average,245.3,Five Capital City Average,https://aip.com.au/pricing/diesel/national-retail-diesel-prices/5-capital-city-average/
2026-03-22,22 Mar,2026,Diesel,National,Five Capital City Average,National Capital City Average,281.1,Five Capital City Average,https://aip.com.au/pricing/diesel/national-retail-diesel-prices/5-capital-city-average/
2026-03-29,29 Mar,2026,Diesel,National,Five Capital City Average,National Capital City Average,308.5,Five Capital City Average,https://aip.com.au/pricing/diesel/national-retail-diesel-prices/5-capital-city-average/
2026-04-05,5 Apr,2026,Diesel,National,Five Capital City Average,National Capital City Average,310.0,Five Capital City Average,https://aip.com.au/pricing/diesel/national-retail-diesel-prices/5-capital-city-average/
2026-04-12,12 Apr,2026,Diesel,National,Five Capital City Average,National Capital City Average,317.1,Five Capital City Average,https://aip.com.au/pricing/diesel/national-retail-diesel-prices/5-capital-city-average/
2026-04-19,19 Apr,2026,Diesel,National,Five Capital City Average,National Capital City Average,304.9,Five Capital City Average,https://aip.com.au/pricing/diesel/national-retail-diesel-prices/5-capital-city-average/
2026-04-26,26 Apr,2026,Diesel,National,Five Capital City Average,National Capital City Average,268.8,Five Capital City Average,https://aip.com.au/pricing/diesel/national-retail-diesel-prices/5-capital-city-average/
2026-05-03,3 May,2026,Diesel,National,Five Capital City Average,National Capital City Average,247.5,Five Capital City Average,https://aip.com.au/pricing/diesel/national-retail-diesel-prices/5-capital-city-average/
2026-05-10,10 May,2026,Diesel,National,Five Capital City Average,National Capital City Average,241.1,Five Capital City Average,https://aip.com.au/pricing/diesel/national-retail-diesel-prices/5-capital-city-average/
2026-05-17,17 May,2026,Diesel,National,Five Capital City Average,National Capital City Average,231.3,Five Capital City Average,https://aip.com.au/pricing/diesel/national-retail-diesel-prices/5-capital-city-average/
2026-05-24,24 May,2026,Diesel,National,Five Capital City Average,National Capital City Average,225.7,Five Capital City Average,https://aip.com.au/pricing/diesel/national-retail-diesel-prices/5-capital-city-average/
2026-05-31,31 May,2026,Diesel,National,Five Capital City Average,National Capital City Average,219.4,Five Capital City Average,https://aip.com.au/pricing/diesel/national-retail-diesel-prices/5-capital-city-average/
2026-06-07,7 Jun,2026,Diesel,National,Five Capital City Average,National Capital City Average,207.5,Five Capital City Average,https://aip.com.au/pricing/diesel/national-retail-diesel-prices/5-capital-city-average/
2026-06-14,14 Jun,2026,Diesel,National,Five Capital City Average,National Capital City Average,200.9,Five Capital City Average,https://aip.com.au/pricing/diesel/national-retail-diesel-prices/5-capital-city-average/
2026-06-21,21 Jun,2026,Diesel,National,Five Capital City Average,National Capital City Average,192.5,Five Capital City Average,https://aip.com.au/pricing/diesel/national-retail-diesel-prices/5-capital-city-average/
2026-06-28,28 Jun,2026,Diesel,National,Five Capital City Average,National Capital City Average,178.9,Five Capital City Average,https://aip.com.au/pricing/diesel/national-retail-diesel-prices/5-capital-city-average/
2026-07-05,5 Jul,2026,Diesel,National,Five Capital City Average,National Capital City Average,180.8,Five Capital City Average,https://aip.com.au/pricing/diesel/national-retail-diesel-prices/5-capital-city-average/
2026-07-12,12 Jul,2026,Diesel,National,Five Capital City Average,National Capital City Average,186.3,Five Capital City Average,https://aip.com.au/pricing/diesel/national-retail-diesel-prices/5-capital-city-average/
2026-07-19,19 Jul,2026,Diesel,National,Five Capital City Average,National Capital City Average,197.3,Five Capital City Average,https://aip.com.au/pricing/diesel/national-retail-diesel-prices/5-capital-city-average/
2026-07-26,26 Jul,2026,Diesel,National,Five Capital City Average,National Capital City Average,217.6,Five Capital City Average,https://aip.com.au/pricing/diesel/national-retail-diesel-prices/5-capital-city-average/
2026-08-02,2 Aug,2026,Diesel,National,Five Capital City Average,National Capital City Average,233.1,Five Capital City Average,https://aip.com.au/pricing/diesel/national-retail-diesel-prices/5-capital-city-average/
2026-08-09,9 Aug,2026,Diesel,National,Five Capital City Average,National Capital City Average,246.3,Five Capital City Average,https://aip.com.au/pricing/diesel/national-retail-diesel-prices/5-capital-city-average/
2026-08-16,16 Aug,2026,Diesel,National,Five Capital City Average,National Capital City Average,241.8,Five Capital City Average,https://aip.com.au/pricing/diesel/national-retail-diesel-prices/5-capital-city-average/
2025-08-24,24 Aug,2025,Diesel,National,National Average,National Average,185.5,National Average,https://aip.com.au/pricing/diesel/national-retail-diesel-prices/national-average/
2025-08-31,31 Aug,2025,Diesel,National,National Average,National Average,185.3,National Average,https://aip.com.au/pricing/diesel/national-retail-diesel-prices/national-average/
2025-09-07,7 Sep,2025,Diesel,National,National Average,National Average,185.6,National Average,https://aip.com.au/pricing/diesel/national-retail-diesel-prices/national-average/
2025-09-14,14 Sep,2025,Diesel,National,National Average,National Average,185.9,National Average,https://aip.com.au/pricing/diesel/national-retail-diesel-prices/national-average/
2025-09-21,21 Sep,2025,Diesel,National,National Average,National Average,185.9,National Average,https://aip.com.au/pricing/diesel/national-retail-diesel-prices/national-average/
2025-09-28,28 Sep,2025,Diesel,National,National Average,National Average,185.7,National Average,https://aip.com.au/pricing/diesel/national-retail-diesel-prices/national-average/
2025-10-05,5 Oct,2025,Diesel,National,National Average,National Average,185.6,National Average,https://aip.com.au/pricing/diesel/national-retail-diesel-prices/national-average/
2025-10-12,12 Oct,2025,Diesel,National,National Average,National Average,185.6,National Average,https://aip.com.au/pricing/diesel/national-retail-diesel-prices/national-average/
2025-10-19,19 Oct,2025,Diesel,National,National Average,National Average,184.7,National Average,https://aip.com.au/pricing/diesel/national-retail-diesel-prices/national-average/
2025-10-26,26 Oct,2025,Diesel,National,National Average,National Average,184.0,National Average,https://aip.com.au/pricing/diesel/national-retail-diesel-prices/national-average/
2025-11-02,2 Nov,2025,Diesel,National,National Average,National Average,184.9,National Average,https://aip.com.au/pricing/diesel/national-retail-diesel-prices/national-average/
2025-11-09,9 Nov,2025,Diesel,National,National Average,National Average,186.1,National Average,https://aip.com.au/pricing/diesel/national-retail-diesel-prices/national-average/
2025-11-16,16 Nov,2025,Diesel,National,National Average,National Average,188.6,National Average,https://aip.com.au/pricing/diesel/national-retail-diesel-prices/national-average/
2025-11-23,23 Nov,2025,Diesel,National,National Average,National Average,191.0,National Average,https://aip.com.au/pricing/diesel/national-retail-diesel-prices/national-average/
2025-11-30,30 Nov,2025,Diesel,National,National Average,National Average,192.1,National Average,https://aip.com.au/pricing/diesel/national-retail-diesel-prices/national-average/
2025-12-07,7 Dec,2025,Diesel,National,National Average,National Average,191.7,National Average,https://aip.com.au/pricing/diesel/national-retail-diesel-prices/national-average/
2025-12-14,14 Dec,2025,Diesel,National,National Average,National Average,190.8,National Average,https://aip.com.au/pricing/diesel/national-retail-diesel-prices/national-average/
2025-12-21,21 Dec,2025,Diesel,National,National Average,National Average,189.3,National Average,https://aip.com.au/pricing/diesel/national-retail-diesel-prices/national-average/
2025-12-28,28 Dec,2025,Diesel,National,National Average,National Average,187.3,National Average,https://aip.com.au/pricing/diesel/national-retail-diesel-prices/national-average/
2026-01-04,4 Jan,2026,Diesel,National,National Average,National Average,186.1,National Average,https://aip.com.au/pricing/diesel/national-retail-diesel-prices/national-average/
2026-01-11,11 Jan,2026,Diesel,National,National Average,National Average,184.4,National Average,https://aip.com.au/pricing/diesel/national-retail-diesel-prices/national-average/
2026-01-18,18 Jan,2026,Diesel,National,National Average,National Average,183.1,National Average,https://aip.com.au/pricing/diesel/national-retail-diesel-prices/national-average/
2026-01-25,25 Jan,2026,Diesel,National,National Average,National Average,182.1,National Average,https://aip.com.au/pricing/diesel/national-retail-diesel-prices/national-average/
2026-02-01,1 Feb,2026,Diesel,National,National Average,National Average,181.4,National Average,https://aip.com.au/pricing/diesel/national-retail-diesel-prices/national-average/
2026-02-08,8 Feb,2026,Diesel,National,National Average,National Average,180.8,National Average,https://aip.com.au/pricing/diesel/national-retail-diesel-prices/national-average/
2026-02-15,15 Feb,2026,Diesel,National,National Average,National Average,180.5,National Average,https://aip.com.au/pricing/diesel/national-retail-diesel-prices/national-average/
2026-02-22,22 Feb,2026,Diesel,National,National Average,National Average,180.2,National Average,https://aip.com.au/pricing/diesel/national-retail-diesel-prices/national-average/
2026-03-01,1 Mar,2026,Diesel,National,National Average,National Average,180.9,National Average,https://aip.com.au/pricing/diesel/national-retail-diesel-prices/national-average/
2026-03-08,8 Mar,2026,Diesel,National,National Average,National Average,196.5,National Average,https://aip.com.au/pricing/diesel/national-retail-diesel-prices/national-average/
2026-03-15,15 Mar,2026,Diesel,National,National Average,National Average,245.6,National Average,https://aip.com.au/pricing/diesel/national-retail-diesel-prices/national-average/
2026-03-22,22 Mar,2026,Diesel,National,National Average,National Average,282.4,National Average,https://aip.com.au/pricing/diesel/national-retail-diesel-prices/national-average/
2026-03-29,29 Mar,2026,Diesel,National,National Average,National Average,310.0,National Average,https://aip.com.au/pricing/diesel/national-retail-diesel-prices/national-average/
2026-04-05,5 Apr,2026,Diesel,National,National Average,National Average,312.7,National Average,https://aip.com.au/pricing/diesel/national-retail-diesel-prices/national-average/
2026-04-12,12 Apr,2026,Diesel,National,National Average,National Average,319.0,National Average,https://aip.com.au/pricing/diesel/national-retail-diesel-prices/national-average/
2026-04-19,19 Apr,2026,Diesel,National,National Average,National Average,308.9,National Average,https://aip.com.au/pricing/diesel/national-retail-diesel-prices/national-average/
2026-04-26,26 Apr,2026,Diesel,National,National Average,National Average,275.0,National Average,https://aip.com.au/pricing/diesel/national-retail-diesel-prices/national-average/
2026-05-03,3 May,2026,Diesel,National,National Average,National Average,254.3,National Average,https://aip.com.au/pricing/diesel/national-retail-diesel-prices/national-average/
2026-05-10,10 May,2026,Diesel,National,National Average,National Average,247.2,National Average,https://aip.com.au/pricing/diesel/national-retail-diesel-prices/national-average/
2026-05-17,17 May,2026,Diesel,National,National Average,National Average,236.6,National Average,https://aip.com.au/pricing/diesel/national-retail-diesel-prices/national-average/
2026-05-24,24 May,2026,Diesel,National,National Average,National Average,230.6,National Average,https://aip.com.au/pricing/diesel/national-retail-diesel-prices/national-average/
2026-05-31,31 May,2026,Diesel,National,National Average,National Average,225.1,National Average,https://aip.com.au/pricing/diesel/national-retail-diesel-prices/national-average/
2026-06-07,7 Jun,2026,Diesel,National,National Average,National Average,213.7,National Average,https://aip.com.au/pricing/diesel/national-retail-diesel-prices/national-average/
2026-06-14,14 Jun,2026,Diesel,National,National Average,National Average,206.7,National Average,https://aip.com.au/pricing/diesel/national-retail-diesel-prices/national-average/
2026-06-21,21 Jun,2026,Diesel,National,National Average,National Average,198.3,National Average,https://aip.com.au/pricing/diesel/national-retail-diesel-prices/national-average/
2026-06-28,28 Jun,2026,Diesel,National,National Average,National Average,185.1,National Average,https://aip.com.au/pricing/diesel/national-retail-diesel-prices/national-average/
2026-07-05,5 Jul,2026,Diesel,National,National Average,National Average,185.5,National Average,https://aip.com.au/pricing/diesel/national-retail-diesel-prices/national-average/
2026-07-12,12 Jul,2026,Diesel,National,National Average,National Average,190.7,National Average,https://aip.com.au/pricing/diesel/national-retail-diesel-prices/national-average/
2026-07-19,19 Jul,2026,Diesel,National,National Average,National Average,200.3,National Average,https://aip.com.au/pricing/diesel/national-retail-diesel-prices/national-average/
2026-07-26,26 Jul,2026,Diesel,National,National Average,National Average,219.6,National Average,https://aip.com.au/pricing/diesel/national-retail-diesel-prices/national-average/
2026-08-02,2 Aug,2026,Diesel,National,National Average,National Average,234.8,National Average,https://aip.com.au/pricing/diesel/national-retail-diesel-prices/national-average/
2026-08-09,9 Aug,2026,Diesel,National,National Average,National Average,248.0,National Average,https://aip.com.au/pricing/diesel/national-retail-diesel-prices/national-average/
2026-08-16,16 Aug,2026,Diesel,National,National Average,National Average,245.4,National Average,https://aip.com.au/pricing/diesel/national-retail-diesel-prices/national-average/
2025-08-24,24 Aug,2025,Diesel,National,Total Metropolitan Average,National Metropolitan Average,183.9,Total Metropolitan Average,https://aip.com.au/pricing/diesel/national-retail-diesel-prices/total-metropolitan-average/
2025-08-31,31 Aug,2025,Diesel,National,Total Metropolitan Average,National Metropolitan Average,183.7,Total Metropolitan Average,https://aip.com.au/pricing/diesel/national-retail-diesel-prices/total-metropolitan-average/
2025-09-07,7 Sep,2025,Diesel,National,Total Metropolitan Average,National Metropolitan Average,184.1,Total Metropolitan Average,https://aip.com.au/pricing/diesel/national-retail-diesel-prices/total-metropolitan-average/
2025-09-14,14 Sep,2025,Diesel,National,Total Metropolitan Average,National Metropolitan Average,184.4,Total Metropolitan Average,https://aip.com.au/pricing/diesel/national-retail-diesel-prices/total-metropolitan-average/
2025-09-21,21 Sep,2025,Diesel,National,Total Metropolitan Average,National Metropolitan Average,184.6,Total Metropolitan Average,https://aip.com.au/pricing/diesel/national-retail-diesel-prices/total-metropolitan-average/
2025-09-28,28 Sep,2025,Diesel,National,Total Metropolitan Average,National Metropolitan Average,184.3,Total Metropolitan Average,https://aip.com.au/pricing/diesel/national-retail-diesel-prices/total-metropolitan-average/
2025-10-05,5 Oct,2025,Diesel,National,Total Metropolitan Average,National Metropolitan Average,184.0,Total Metropolitan Average,https://aip.com.au/pricing/diesel/national-retail-diesel-prices/total-metropolitan-average/
2025-10-12,12 Oct,2025,Diesel,National,Total Metropolitan Average,National Metropolitan Average,184.1,Total Metropolitan Average,https://aip.com.au/pricing/diesel/national-retail-diesel-prices/total-metropolitan-average/
2025-10-19,19 Oct,2025,Diesel,National,Total Metropolitan Average,National Metropolitan Average,183.2,Total Metropolitan Average,https://aip.com.au/pricing/diesel/national-retail-diesel-prices/total-metropolitan-average/
2025-10-26,26 Oct,2025,Diesel,National,Total Metropolitan Average,National Metropolitan Average,183.0,Total Metropolitan Average,https://aip.com.au/pricing/diesel/national-retail-diesel-prices/total-metropolitan-average/
2025-11-02,2 Nov,2025,Diesel,National,Total Metropolitan Average,National Metropolitan Average,184.4,Total Metropolitan Average,https://aip.com.au/pricing/diesel/national-retail-diesel-prices/total-metropolitan-average/
2025-11-09,9 Nov,2025,Diesel,National,Total Metropolitan Average,National Metropolitan Average,185.5,Total Metropolitan Average,https://aip.com.au/pricing/diesel/national-retail-diesel-prices/total-metropolitan-average/
2025-11-16,16 Nov,2025,Diesel,National,Total Metropolitan Average,National Metropolitan Average,188.5,Total Metropolitan Average,https://aip.com.au/pricing/diesel/national-retail-diesel-prices/total-metropolitan-average/
2025-11-23,23 Nov,2025,Diesel,National,Total Metropolitan Average,National Metropolitan Average,191.1,Total Metropolitan Average,https://aip.com.au/pricing/diesel/national-retail-diesel-prices/total-metropolitan-average/
2025-11-30,30 Nov,2025,Diesel,National,Total Metropolitan Average,National Metropolitan Average,192.3,Total Metropolitan Average,https://aip.com.au/pricing/diesel/national-retail-diesel-prices/total-metropolitan-average/
2025-12-07,7 Dec,2025,Diesel,National,Total Metropolitan Average,National Metropolitan Average,191.9,Total Metropolitan Average,https://aip.com.au/pricing/diesel/national-retail-diesel-prices/total-metropolitan-average/
2025-12-14,14 Dec,2025,Diesel,National,Total Metropolitan Average,National Metropolitan Average,191.1,Total Metropolitan Average,https://aip.com.au/pricing/diesel/national-retail-diesel-prices/total-metropolitan-average/
2025-12-21,21 Dec,2025,Diesel,National,Total Metropolitan Average,National Metropolitan Average,189.4,Total Metropolitan Average,https://aip.com.au/pricing/diesel/national-retail-diesel-prices/total-metropolitan-average/
2025-12-28,28 Dec,2025,Diesel,National,Total Metropolitan Average,National Metropolitan Average,187.0,Total Metropolitan Average,https://aip.com.au/pricing/diesel/national-retail-diesel-prices/total-metropolitan-average/
2026-01-04,4 Jan,2026,Diesel,National,Total Metropolitan Average,National Metropolitan Average,185.6,Total Metropolitan Average,https://aip.com.au/pricing/diesel/national-retail-diesel-prices/total-metropolitan-average/
2026-01-11,11 Jan,2026,Diesel,National,Total Metropolitan Average,National Metropolitan Average,183.6,Total Metropolitan Average,https://aip.com.au/pricing/diesel/national-retail-diesel-prices/total-metropolitan-average/
2026-01-18,18 Jan,2026,Diesel,National,Total Metropolitan Average,National Metropolitan Average,182.2,Total Metropolitan Average,https://aip.com.au/pricing/diesel/national-retail-diesel-prices/total-metropolitan-average/
2026-01-25,25 Jan,2026,Diesel,National,Total Metropolitan Average,National Metropolitan Average,180.9,Total Metropolitan Average,https://aip.com.au/pricing/diesel/national-retail-diesel-prices/total-metropolitan-average/
2026-02-01,1 Feb,2026,Diesel,National,Total Metropolitan Average,National Metropolitan Average,179.9,Total Metropolitan Average,https://aip.com.au/pricing/diesel/national-retail-diesel-prices/total-metropolitan-average/
2026-02-08,8 Feb,2026,Diesel,National,Total Metropolitan Average,National Metropolitan Average,179.1,Total Metropolitan Average,https://aip.com.au/pricing/diesel/national-retail-diesel-prices/total-metropolitan-average/
2026-02-15,15 Feb,2026,Diesel,National,Total Metropolitan Average,National Metropolitan Average,178.6,Total Metropolitan Average,https://aip.com.au/pricing/diesel/national-retail-diesel-prices/total-metropolitan-average/
2026-02-22,22 Feb,2026,Diesel,National,Total Metropolitan Average,National Metropolitan Average,178.2,Total Metropolitan Average,https://aip.com.au/pricing/diesel/national-retail-diesel-prices/total-metropolitan-average/
2026-03-01,1 Mar,2026,Diesel,National,Total Metropolitan Average,National Metropolitan Average,179.3,Total Metropolitan Average,https://aip.com.au/pricing/diesel/national-retail-diesel-prices/total-metropolitan-average/
2026-03-08,8 Mar,2026,Diesel,National,Total Metropolitan Average,National Metropolitan Average,196.2,Total Metropolitan Average,https://aip.com.au/pricing/diesel/national-retail-diesel-prices/total-metropolitan-average/
2026-03-15,15 Mar,2026,Diesel,National,Total Metropolitan Average,National Metropolitan Average,245.4,Total Metropolitan Average,https://aip.com.au/pricing/diesel/national-retail-diesel-prices/total-metropolitan-average/
2026-03-22,22 Mar,2026,Diesel,National,Total Metropolitan Average,National Metropolitan Average,281.4,Total Metropolitan Average,https://aip.com.au/pricing/diesel/national-retail-diesel-prices/total-metropolitan-average/
2026-03-29,29 Mar,2026,Diesel,National,Total Metropolitan Average,National Metropolitan Average,308.7,Total Metropolitan Average,https://aip.com.au/pricing/diesel/national-retail-diesel-prices/total-metropolitan-average/
2026-04-05,5 Apr,2026,Diesel,National,Total Metropolitan Average,National Metropolitan Average,310.3,Total Metropolitan Average,https://aip.com.au/pricing/diesel/national-retail-diesel-prices/total-metropolitan-average/
2026-04-12,12 Apr,2026,Diesel,National,Total Metropolitan Average,National Metropolitan Average,317.1,Total Metropolitan Average,https://aip.com.au/pricing/diesel/national-retail-diesel-prices/total-metropolitan-average/
2026-04-19,19 Apr,2026,Diesel,National,Total Metropolitan Average,National Metropolitan Average,305.3,Total Metropolitan Average,https://aip.com.au/pricing/diesel/national-retail-diesel-prices/total-metropolitan-average/
2026-04-26,26 Apr,2026,Diesel,National,Total Metropolitan Average,National Metropolitan Average,270.0,Total Metropolitan Average,https://aip.com.au/pricing/diesel/national-retail-diesel-prices/total-metropolitan-average/
2026-05-03,3 May,2026,Diesel,National,Total Metropolitan Average,National Metropolitan Average,249.5,Total Metropolitan Average,https://aip.com.au/pricing/diesel/national-retail-diesel-prices/total-metropolitan-average/
2026-05-10,10 May,2026,Diesel,National,Total Metropolitan Average,National Metropolitan Average,243.0,Total Metropolitan Average,https://aip.com.au/pricing/diesel/national-retail-diesel-prices/total-metropolitan-average/
2026-05-17,17 May,2026,Diesel,National,Total Metropolitan Average,National Metropolitan Average,233.2,Total Metropolitan Average,https://aip.com.au/pricing/diesel/national-retail-diesel-prices/total-metropolitan-average/
2026-05-24,24 May,2026,Diesel,National,Total Metropolitan Average,National Metropolitan Average,227.7,Total Metropolitan Average,https://aip.com.au/pricing/diesel/national-retail-diesel-prices/total-metropolitan-average/
2026-05-31,31 May,2026,Diesel,National,Total Metropolitan Average,National Metropolitan Average,221.5,Total Metropolitan Average,https://aip.com.au/pricing/diesel/national-retail-diesel-prices/total-metropolitan-average/
2026-06-07,7 Jun,2026,Diesel,National,Total Metropolitan Average,National Metropolitan Average,209.2,Total Metropolitan Average,https://aip.com.au/pricing/diesel/national-retail-diesel-prices/total-metropolitan-average/
2026-06-14,14 Jun,2026,Diesel,National,Total Metropolitan Average,National Metropolitan Average,202.1,Total Metropolitan Average,https://aip.com.au/pricing/diesel/national-retail-diesel-prices/total-metropolitan-average/
2026-06-21,21 Jun,2026,Diesel,National,Total Metropolitan Average,National Metropolitan Average,193.2,Total Metropolitan Average,https://aip.com.au/pricing/diesel/national-retail-diesel-prices/total-metropolitan-average/
2026-06-28,28 Jun,2026,Diesel,National,Total Metropolitan Average,National Metropolitan Average,179.7,Total Metropolitan Average,https://aip.com.au/pricing/diesel/national-retail-diesel-prices/total-metropolitan-average/
2026-07-05,5 Jul,2026,Diesel,National,Total Metropolitan Average,National Metropolitan Average,181.6,Total Metropolitan Average,https://aip.com.au/pricing/diesel/national-retail-diesel-prices/total-metropolitan-average/
2026-07-12,12 Jul,2026,Diesel,National,Total Metropolitan Average,National Metropolitan Average,187.0,Total Metropolitan Average,https://aip.com.au/pricing/diesel/national-retail-diesel-prices/total-metropolitan-average/
2026-07-19,19 Jul,2026,Diesel,National,Total Metropolitan Average,National Metropolitan Average,198.2,Total Metropolitan Average,https://aip.com.au/pricing/diesel/national-retail-diesel-prices/total-metropolitan-average/
2026-07-26,26 Jul,2026,Diesel,National,Total Metropolitan Average,National Metropolitan Average,218.2,Total Metropolitan Average,https://aip.com.au/pricing/diesel/national-retail-diesel-prices/total-metropolitan-average/
2026-08-02,2 Aug,2026,Diesel,National,Total Metropolitan Average,National Metropolitan Average,233.8,Total Metropolitan Average,https://aip.com.au/pricing/diesel/national-retail-diesel-prices/total-metropolitan-average/
2026-08-09,9 Aug,2026,Diesel,National,Total Metropolitan Average,National Metropolitan Average,246.9,Total Metropolitan Average,https://aip.com.au/pricing/diesel/national-retail-diesel-prices/total-metropolitan-average/
2026-08-16,16 Aug,2026,Diesel,National,Total Metropolitan Average,National Metropolitan Average,242.8,Total Metropolitan Average,https://aip.com.au/pricing/diesel/national-retail-diesel-prices/total-metropolitan-average/
2025-08-24,24 Aug,2025,Diesel,National,Total Regional Average,National Regional Average,186.8,Total Regional Average,https://aip.com.au/pricing/diesel/national-retail-diesel-prices/total-regional-average/
2025-08-31,31 Aug,2025,Diesel,National,Total Regional Average,National Regional Average,186.6,Total Regional Average,https://aip.com.au/pricing/diesel/national-retail-diesel-prices/total-regional-average/
2025-09-07,7 Sep,2025,Diesel,National,Total Regional Average,National Regional Average,186.9,Total Regional Average,https://aip.com.au/pricing/diesel/national-retail-diesel-prices/total-regional-average/
2025-09-14,14 Sep,2025,Diesel,National,Total Regional Average,National Regional Average,187.1,Total Regional Average,https://aip.com.au/pricing/diesel/national-retail-diesel-prices/total-regional-average/
2025-09-21,21 Sep,2025,Diesel,National,Total Regional Average,National Regional Average,187.0,Total Regional Average,https://aip.com.au/pricing/diesel/national-retail-diesel-prices/total-regional-average/
2025-09-28,28 Sep,2025,Diesel,National,Total Regional Average,National Regional Average,186.9,Total Regional Average,https://aip.com.au/pricing/diesel/national-retail-diesel-prices/total-regional-average/
2025-10-05,5 Oct,2025,Diesel,National,Total Regional Average,National Regional Average,186.9,Total Regional Average,https://aip.com.au/pricing/diesel/national-retail-diesel-prices/total-regional-average/
2025-10-12,12 Oct,2025,Diesel,National,Total Regional Average,National Regional Average,186.9,Total Regional Average,https://aip.com.au/pricing/diesel/national-retail-diesel-prices/total-regional-average/
2025-10-19,19 Oct,2025,Diesel,National,Total Regional Average,National Regional Average,185.9,Total Regional Average,https://aip.com.au/pricing/diesel/national-retail-diesel-prices/total-regional-average/
2025-10-26,26 Oct,2025,Diesel,National,Total Regional Average,National Regional Average,184.9,Total Regional Average,https://aip.com.au/pricing/diesel/national-retail-diesel-prices/total-regional-average/
2025-11-02,2 Nov,2025,Diesel,National,Total Regional Average,National Regional Average,185.4,Total Regional Average,https://aip.com.au/pricing/diesel/national-retail-diesel-prices/total-regional-average/
2025-11-09,9 Nov,2025,Diesel,National,Total Regional Average,National Regional Average,186.6,Total Regional Average,https://aip.com.au/pricing/diesel/national-retail-diesel-prices/total-regional-average/
2025-11-16,16 Nov,2025,Diesel,National,Total Regional Average,National Regional Average,188.6,Total Regional Average,https://aip.com.au/pricing/diesel/national-retail-diesel-prices/total-regional-average/
2025-11-23,23 Nov,2025,Diesel,National,Total Regional Average,National Regional Average,190.9,Total Regional Average,https://aip.com.au/pricing/diesel/national-retail-diesel-prices/total-regional-average/
2025-11-30,30 Nov,2025,Diesel,National,Total Regional Average,National Regional Average,192.0,Total Regional Average,https://aip.com.au/pricing/diesel/national-retail-diesel-prices/total-regional-average/
2025-12-07,7 Dec,2025,Diesel,National,Total Regional Average,National Regional Average,191.6,Total Regional Average,https://aip.com.au/pricing/diesel/national-retail-diesel-prices/total-regional-average/
2025-12-14,14 Dec,2025,Diesel,National,Total Regional Average,National Regional Average,190.5,Total Regional Average,https://aip.com.au/pricing/diesel/national-retail-diesel-prices/total-regional-average/
2025-12-21,21 Dec,2025,Diesel,National,Total Regional Average,National Regional Average,189.2,Total Regional Average,https://aip.com.au/pricing/diesel/national-retail-diesel-prices/total-regional-average/
2025-12-28,28 Dec,2025,Diesel,National,Total Regional Average,National Regional Average,187.5,Total Regional Average,https://aip.com.au/pricing/diesel/national-retail-diesel-prices/total-regional-average/
2026-01-04,4 Jan,2026,Diesel,National,Total Regional Average,National Regional Average,186.5,Total Regional Average,https://aip.com.au/pricing/diesel/national-retail-diesel-prices/total-regional-average/
2026-01-11,11 Jan,2026,Diesel,National,Total Regional Average,National Regional Average,185.1,Total Regional Average,https://aip.com.au/pricing/diesel/national-retail-diesel-prices/total-regional-average/
2026-01-18,18 Jan,2026,Diesel,National,Total Regional Average,National Regional Average,183.8,Total Regional Average,https://aip.com.au/pricing/diesel/national-retail-diesel-prices/total-regional-average/
2026-01-25,25 Jan,2026,Diesel,National,Total Regional Average,National Regional Average,183.2,Total Regional Average,https://aip.com.au/pricing/diesel/national-retail-diesel-prices/total-regional-average/
2026-02-01,1 Feb,2026,Diesel,National,Total Regional Average,National Regional Average,182.7,Total Regional Average,https://aip.com.au/pricing/diesel/national-retail-diesel-prices/total-regional-average/
2026-02-08,8 Feb,2026,Diesel,National,Total Regional Average,National Regional Average,182.2,Total Regional Average,https://aip.com.au/pricing/diesel/national-retail-diesel-prices/total-regional-average/
2026-02-15,15 Feb,2026,Diesel,National,Total Regional Average,National Regional Average,182.0,Total Regional Average,https://aip.com.au/pricing/diesel/national-retail-diesel-prices/total-regional-average/
2026-02-22,22 Feb,2026,Diesel,National,Total Regional Average,National Regional Average,181.8,Total Regional Average,https://aip.com.au/pricing/diesel/national-retail-diesel-prices/total-regional-average/
2026-03-01,1 Mar,2026,Diesel,National,Total Regional Average,National Regional Average,182.3,Total Regional Average,https://aip.com.au/pricing/diesel/national-retail-diesel-prices/total-regional-average/
2026-03-08,8 Mar,2026,Diesel,National,Total Regional Average,National Regional Average,196.8,Total Regional Average,https://aip.com.au/pricing/diesel/national-retail-diesel-prices/total-regional-average/
2026-03-15,15 Mar,2026,Diesel,National,Total Regional Average,National Regional Average,245.8,Total Regional Average,https://aip.com.au/pricing/diesel/national-retail-diesel-prices/total-regional-average/
2026-03-22,22 Mar,2026,Diesel,National,Total Regional Average,National Regional Average,283.2,Total Regional Average,https://aip.com.au/pricing/diesel/national-retail-diesel-prices/total-regional-average/
2026-03-29,29 Mar,2026,Diesel,National,Total Regional Average,National Regional Average,311.1,Total Regional Average,https://aip.com.au/pricing/diesel/national-retail-diesel-prices/total-regional-average/
2026-04-05,5 Apr,2026,Diesel,National,Total Regional Average,National Regional Average,314.6,Total Regional Average,https://aip.com.au/pricing/diesel/national-retail-diesel-prices/total-regional-average/
2026-04-12,12 Apr,2026,Diesel,National,Total Regional Average,National Regional Average,320.5,Total Regional Average,https://aip.com.au/pricing/diesel/national-retail-diesel-prices/total-regional-average/
2026-04-19,19 Apr,2026,Diesel,National,Total Regional Average,National Regional Average,311.8,Total Regional Average,https://aip.com.au/pricing/diesel/national-retail-diesel-prices/total-regional-average/
2026-04-26,26 Apr,2026,Diesel,National,Total Regional Average,National Regional Average,279.1,Total Regional Average,https://aip.com.au/pricing/diesel/national-retail-diesel-prices/total-regional-average/
2026-05-03,3 May,2026,Diesel,National,Total Regional Average,National Regional Average,258.3,Total Regional Average,https://aip.com.au/pricing/diesel/national-retail-diesel-prices/total-regional-average/
2026-05-10,10 May,2026,Diesel,National,Total Regional Average,National Regional Average,250.6,Total Regional Average,https://aip.com.au/pricing/diesel/national-retail-diesel-prices/total-regional-average/
2026-05-17,17 May,2026,Diesel,National,Total Regional Average,National Regional Average,239.5,Total Regional Average,https://aip.com.au/pricing/diesel/national-retail-diesel-prices/total-regional-average/
2026-05-24,24 May,2026,Diesel,National,Total Regional Average,National Regional Average,233.0,Total Regional Average,https://aip.com.au/pricing/diesel/national-retail-diesel-prices/total-regional-average/
2026-05-31,31 May,2026,Diesel,National,Total Regional Average,National Regional Average,228.0,Total Regional Average,https://aip.com.au/pricing/diesel/national-retail-diesel-prices/total-regional-average/
2026-06-07,7 Jun,2026,Diesel,National,Total Regional Average,National Regional Average,217.5,Total Regional Average,https://aip.com.au/pricing/diesel/national-retail-diesel-prices/total-regional-average/
2026-06-14,14 Jun,2026,Diesel,National,Total Regional Average,National Regional Average,210.5,Total Regional Average,https://aip.com.au/pricing/diesel/national-retail-diesel-prices/total-regional-average/
2026-06-21,21 Jun,2026,Diesel,National,Total Regional Average,National Regional Average,202.4,Total Regional Average,https://aip.com.au/pricing/diesel/national-retail-diesel-prices/total-regional-average/
2026-06-28,28 Jun,2026,Diesel,National,Total Regional Average,National Regional Average,189.6,Total Regional Average,https://aip.com.au/pricing/diesel/national-retail-diesel-prices/total-regional-average/
2026-07-05,5 Jul,2026,Diesel,National,Total Regional Average,National Regional Average,188.7,Total Regional Average,https://aip.com.au/pricing/diesel/national-retail-diesel-prices/total-regional-average/
2026-07-12,12 Jul,2026,Diesel,National,Total Regional Average,National Regional Average,193.7,Total Regional Average,https://aip.com.au/pricing/diesel/national-retail-diesel-prices/total-regional-average/
2026-07-19,19 Jul,2026,Diesel,National,Total Regional Average,National Regional Average,202.1,Total Regional Average,https://aip.com.au/pricing/diesel/national-retail-diesel-prices/total-regional-average/
2026-07-26,26 Jul,2026,Diesel,National,Total Regional Average,National Regional Average,220.7,Total Regional Average,https://aip.com.au/pricing/diesel/national-retail-diesel-prices/total-regional-average/
2026-08-02,2 Aug,2026,Diesel,National,Total Regional Average,National Regional Average,235.7,Total Regional Average,https://aip.com.au/pricing/diesel/national-retail-diesel-prices/total-regional-average/
2026-08-09,9 Aug,2026,Diesel,National,Total Regional Average,National Regional Average,248.9,Total Regional Average,https://aip.com.au/pricing/diesel/national-retail-diesel-prices/total-regional-average/
2026-08-16,16 Aug,2026,Diesel,National,Total Regional Average,National Regional Average,247.5,Total Regional Average,https://aip.com.au/pricing/diesel/national-retail-diesel-prices/total-regional-average/
2025-08-24,24 Aug,2025,Diesel,QLD,Brisbane,Capital City,186.7,Brisbane,https://aip.com.au/pricing/diesel/queensland-retail-diesel-fuel-prices/brisbane/
2025-08-31,31 Aug,2025,Diesel,QLD,Brisbane,Capital City,186.5,Brisbane,https://aip.com.au/pricing/diesel/queensland-retail-diesel-fuel-prices/brisbane/
2025-09-07,7 Sep,2025,Diesel,QLD,Brisbane,Capital City,186.8,Brisbane,https://aip.com.au/pricing/diesel/queensland-retail-diesel-fuel-prices/brisbane/
2025-09-14,14 Sep,2025,Diesel,QLD,Brisbane,Capital City,187.2,Brisbane,https://aip.com.au/pricing/diesel/queensland-retail-diesel-fuel-prices/brisbane/
2025-09-21,21 Sep,2025,Diesel,QLD,Brisbane,Capital City,187.4,Brisbane,https://aip.com.au/pricing/diesel/queensland-retail-diesel-fuel-prices/brisbane/
2025-09-28,28 Sep,2025,Diesel,QLD,Brisbane,Capital City,186.1,Brisbane,https://aip.com.au/pricing/diesel/queensland-retail-diesel-fuel-prices/brisbane/
2025-10-05,5 Oct,2025,Diesel,QLD,Brisbane,Capital City,185.7,Brisbane,https://aip.com.au/pricing/diesel/queensland-retail-diesel-fuel-prices/brisbane/
2025-10-12,12 Oct,2025,Diesel,QLD,Brisbane,Capital City,185.6,Brisbane,https://aip.com.au/pricing/diesel/queensland-retail-diesel-fuel-prices/brisbane/
2025-10-19,19 Oct,2025,Diesel,QLD,Brisbane,Capital City,185.1,Brisbane,https://aip.com.au/pricing/diesel/queensland-retail-diesel-fuel-prices/brisbane/
2025-10-26,26 Oct,2025,Diesel,QLD,Brisbane,Capital City,185.0,Brisbane,https://aip.com.au/pricing/diesel/queensland-retail-diesel-fuel-prices/brisbane/
2025-11-02,2 Nov,2025,Diesel,QLD,Brisbane,Capital City,187.2,Brisbane,https://aip.com.au/pricing/diesel/queensland-retail-diesel-fuel-prices/brisbane/
2025-11-09,9 Nov,2025,Diesel,QLD,Brisbane,Capital City,188.3,Brisbane,https://aip.com.au/pricing/diesel/queensland-retail-diesel-fuel-prices/brisbane/
2025-11-16,16 Nov,2025,Diesel,QLD,Brisbane,Capital City,190.9,Brisbane,https://aip.com.au/pricing/diesel/queensland-retail-diesel-fuel-prices/brisbane/
2025-11-23,23 Nov,2025,Diesel,QLD,Brisbane,Capital City,193.2,Brisbane,https://aip.com.au/pricing/diesel/queensland-retail-diesel-fuel-prices/brisbane/
2025-11-30,30 Nov,2025,Diesel,QLD,Brisbane,Capital City,194.9,Brisbane,https://aip.com.au/pricing/diesel/queensland-retail-diesel-fuel-prices/brisbane/
2025-12-07,7 Dec,2025,Diesel,QLD,Brisbane,Capital City,194.7,Brisbane,https://aip.com.au/pricing/diesel/queensland-retail-diesel-fuel-prices/brisbane/
2025-12-14,14 Dec,2025,Diesel,QLD,Brisbane,Capital City,193.8,Brisbane,https://aip.com.au/pricing/diesel/queensland-retail-diesel-fuel-prices/brisbane/
2025-12-21,21 Dec,2025,Diesel,QLD,Brisbane,Capital City,191.5,Brisbane,https://aip.com.au/pricing/diesel/queensland-retail-diesel-fuel-prices/brisbane/
2025-12-28,28 Dec,2025,Diesel,QLD,Brisbane,Capital City,188.5,Brisbane,https://aip.com.au/pricing/diesel/queensland-retail-diesel-fuel-prices/brisbane/
2026-01-04,4 Jan,2026,Diesel,QLD,Brisbane,Capital City,187.0,Brisbane,https://aip.com.au/pricing/diesel/queensland-retail-diesel-fuel-prices/brisbane/
2026-01-11,11 Jan,2026,Diesel,QLD,Brisbane,Capital City,185.7,Brisbane,https://aip.com.au/pricing/diesel/queensland-retail-diesel-fuel-prices/brisbane/
2026-01-18,18 Jan,2026,Diesel,QLD,Brisbane,Capital City,184.4,Brisbane,https://aip.com.au/pricing/diesel/queensland-retail-diesel-fuel-prices/brisbane/
2026-01-25,25 Jan,2026,Diesel,QLD,Brisbane,Capital City,183.0,Brisbane,https://aip.com.au/pricing/diesel/queensland-retail-diesel-fuel-prices/brisbane/
2026-02-01,1 Feb,2026,Diesel,QLD,Brisbane,Capital City,181.9,Brisbane,https://aip.com.au/pricing/diesel/queensland-retail-diesel-fuel-prices/brisbane/
2026-02-08,8 Feb,2026,Diesel,QLD,Brisbane,Capital City,181.0,Brisbane,https://aip.com.au/pricing/diesel/queensland-retail-diesel-fuel-prices/brisbane/
2026-02-15,15 Feb,2026,Diesel,QLD,Brisbane,Capital City,181.1,Brisbane,https://aip.com.au/pricing/diesel/queensland-retail-diesel-fuel-prices/brisbane/
2026-02-22,22 Feb,2026,Diesel,QLD,Brisbane,Capital City,180.5,Brisbane,https://aip.com.au/pricing/diesel/queensland-retail-diesel-fuel-prices/brisbane/
2026-03-01,1 Mar,2026,Diesel,QLD,Brisbane,Capital City,181.9,Brisbane,https://aip.com.au/pricing/diesel/queensland-retail-diesel-fuel-prices/brisbane/
2026-03-08,8 Mar,2026,Diesel,QLD,Brisbane,Capital City,199.4,Brisbane,https://aip.com.au/pricing/diesel/queensland-retail-diesel-fuel-prices/brisbane/
2026-03-15,15 Mar,2026,Diesel,QLD,Brisbane,Capital City,245.9,Brisbane,https://aip.com.au/pricing/diesel/queensland-retail-diesel-fuel-prices/brisbane/
2026-03-22,22 Mar,2026,Diesel,QLD,Brisbane,Capital City,281.7,Brisbane,https://aip.com.au/pricing/diesel/queensland-retail-diesel-fuel-prices/brisbane/
2026-03-29,29 Mar,2026,Diesel,QLD,Brisbane,Capital City,310.3,Brisbane,https://aip.com.au/pricing/diesel/queensland-retail-diesel-fuel-prices/brisbane/
2026-04-05,5 Apr,2026,Diesel,QLD,Brisbane,Capital City,310.2,Brisbane,https://aip.com.au/pricing/diesel/queensland-retail-diesel-fuel-prices/brisbane/
2026-04-12,12 Apr,2026,Diesel,QLD,Brisbane,Capital City,318.3,Brisbane,https://aip.com.au/pricing/diesel/queensland-retail-diesel-fuel-prices/brisbane/
2026-04-19,19 Apr,2026,Diesel,QLD,Brisbane,Capital City,308.7,Brisbane,https://aip.com.au/pricing/diesel/queensland-retail-diesel-fuel-prices/brisbane/
2026-04-26,26 Apr,2026,Diesel,QLD,Brisbane,Capital City,271.3,Brisbane,https://aip.com.au/pricing/diesel/queensland-retail-diesel-fuel-prices/brisbane/
2026-05-03,3 May,2026,Diesel,QLD,Brisbane,Capital City,250.6,Brisbane,https://aip.com.au/pricing/diesel/queensland-retail-diesel-fuel-prices/brisbane/
2026-05-10,10 May,2026,Diesel,QLD,Brisbane,Capital City,243.9,Brisbane,https://aip.com.au/pricing/diesel/queensland-retail-diesel-fuel-prices/brisbane/
2026-05-17,17 May,2026,Diesel,QLD,Brisbane,Capital City,233.8,Brisbane,https://aip.com.au/pricing/diesel/queensland-retail-diesel-fuel-prices/brisbane/
2026-05-24,24 May,2026,Diesel,QLD,Brisbane,Capital City,228.5,Brisbane,https://aip.com.au/pricing/diesel/queensland-retail-diesel-fuel-prices/brisbane/
2026-05-31,31 May,2026,Diesel,QLD,Brisbane,Capital City,223.4,Brisbane,https://aip.com.au/pricing/diesel/queensland-retail-diesel-fuel-prices/brisbane/
2026-06-07,7 Jun,2026,Diesel,QLD,Brisbane,Capital City,212.4,Brisbane,https://aip.com.au/pricing/diesel/queensland-retail-diesel-fuel-prices/brisbane/
2026-06-14,14 Jun,2026,Diesel,QLD,Brisbane,Capital City,205.1,Brisbane,https://aip.com.au/pricing/diesel/queensland-retail-diesel-fuel-prices/brisbane/
2026-06-21,21 Jun,2026,Diesel,QLD,Brisbane,Capital City,195.9,Brisbane,https://aip.com.au/pricing/diesel/queensland-retail-diesel-fuel-prices/brisbane/
2026-06-28,28 Jun,2026,Diesel,QLD,Brisbane,Capital City,181.7,Brisbane,https://aip.com.au/pricing/diesel/queensland-retail-diesel-fuel-prices/brisbane/
2026-07-05,5 Jul,2026,Diesel,QLD,Brisbane,Capital City,182.9,Brisbane,https://aip.com.au/pricing/diesel/queensland-retail-diesel-fuel-prices/brisbane/
2026-07-12,12 Jul,2026,Diesel,QLD,Brisbane,Capital City,188.2,Brisbane,https://aip.com.au/pricing/diesel/queensland-retail-diesel-fuel-prices/brisbane/
2026-07-19,19 Jul,2026,Diesel,QLD,Brisbane,Capital City,200.0,Brisbane,https://aip.com.au/pricing/diesel/queensland-retail-diesel-fuel-prices/brisbane/
2026-07-26,26 Jul,2026,Diesel,QLD,Brisbane,Capital City,219.4,Brisbane,https://aip.com.au/pricing/diesel/queensland-retail-diesel-fuel-prices/brisbane/
2026-08-02,2 Aug,2026,Diesel,QLD,Brisbane,Capital City,234.6,Brisbane,https://aip.com.au/pricing/diesel/queensland-retail-diesel-fuel-prices/brisbane/
2026-08-09,9 Aug,2026,Diesel,QLD,Brisbane,Capital City,247.7,Brisbane,https://aip.com.au/pricing/diesel/queensland-retail-diesel-fuel-prices/brisbane/
2026-08-16,16 Aug,2026,Diesel,QLD,Brisbane,Capital City,245.0,Brisbane,https://aip.com.au/pricing/diesel/queensland-retail-diesel-fuel-prices/brisbane/
2025-08-24,24 Aug,2025,Diesel,QLD,Queensland Regional Average,State Regional Average,186.1,Queensland Regional Average,https://aip.com.au/pricing/diesel/queensland-retail-diesel-fuel-prices/queensland-regional-average/
2025-08-31,31 Aug,2025,Diesel,QLD,Queensland Regional Average,State Regional Average,186.0,Queensland Regional Average,https://aip.com.au/pricing/diesel/queensland-retail-diesel-fuel-prices/queensland-regional-average/
2025-09-07,7 Sep,2025,Diesel,QLD,Queensland Regional Average,State Regional Average,186.0,Queensland Regional Average,https://aip.com.au/pricing/diesel/queensland-retail-diesel-fuel-prices/queensland-regional-average/
2025-09-14,14 Sep,2025,Diesel,QLD,Queensland Regional Average,State Regional Average,186.0,Queensland Regional Average,https://aip.com.au/pricing/diesel/queensland-retail-diesel-fuel-prices/queensland-regional-average/
2025-09-21,21 Sep,2025,Diesel,QLD,Queensland Regional Average,State Regional Average,186.0,Queensland Regional Average,https://aip.com.au/pricing/diesel/queensland-retail-diesel-fuel-prices/queensland-regional-average/
2025-09-28,28 Sep,2025,Diesel,QLD,Queensland Regional Average,State Regional Average,185.6,Queensland Regional Average,https://aip.com.au/pricing/diesel/queensland-retail-diesel-fuel-prices/queensland-regional-average/
2025-10-05,5 Oct,2025,Diesel,QLD,Queensland Regional Average,State Regional Average,185.4,Queensland Regional Average,https://aip.com.au/pricing/diesel/queensland-retail-diesel-fuel-prices/queensland-regional-average/
2025-10-12,12 Oct,2025,Diesel,QLD,Queensland Regional Average,State Regional Average,185.4,Queensland Regional Average,https://aip.com.au/pricing/diesel/queensland-retail-diesel-fuel-prices/queensland-regional-average/
2025-10-19,19 Oct,2025,Diesel,QLD,Queensland Regional Average,State Regional Average,185.3,Queensland Regional Average,https://aip.com.au/pricing/diesel/queensland-retail-diesel-fuel-prices/queensland-regional-average/
2025-10-26,26 Oct,2025,Diesel,QLD,Queensland Regional Average,State Regional Average,185.0,Queensland Regional Average,https://aip.com.au/pricing/diesel/queensland-retail-diesel-fuel-prices/queensland-regional-average/
2025-11-02,2 Nov,2025,Diesel,QLD,Queensland Regional Average,State Regional Average,185.8,Queensland Regional Average,https://aip.com.au/pricing/diesel/queensland-retail-diesel-fuel-prices/queensland-regional-average/
2025-11-09,9 Nov,2025,Diesel,QLD,Queensland Regional Average,State Regional Average,187.1,Queensland Regional Average,https://aip.com.au/pricing/diesel/queensland-retail-diesel-fuel-prices/queensland-regional-average/
2025-11-16,16 Nov,2025,Diesel,QLD,Queensland Regional Average,State Regional Average,189.0,Queensland Regional Average,https://aip.com.au/pricing/diesel/queensland-retail-diesel-fuel-prices/queensland-regional-average/
2025-11-23,23 Nov,2025,Diesel,QLD,Queensland Regional Average,State Regional Average,191.2,Queensland Regional Average,https://aip.com.au/pricing/diesel/queensland-retail-diesel-fuel-prices/queensland-regional-average/
2025-11-30,30 Nov,2025,Diesel,QLD,Queensland Regional Average,State Regional Average,192.4,Queensland Regional Average,https://aip.com.au/pricing/diesel/queensland-retail-diesel-fuel-prices/queensland-regional-average/
2025-12-07,7 Dec,2025,Diesel,QLD,Queensland Regional Average,State Regional Average,191.7,Queensland Regional Average,https://aip.com.au/pricing/diesel/queensland-retail-diesel-fuel-prices/queensland-regional-average/
2025-12-14,14 Dec,2025,Diesel,QLD,Queensland Regional Average,State Regional Average,190.5,Queensland Regional Average,https://aip.com.au/pricing/diesel/queensland-retail-diesel-fuel-prices/queensland-regional-average/
2025-12-21,21 Dec,2025,Diesel,QLD,Queensland Regional Average,State Regional Average,188.8,Queensland Regional Average,https://aip.com.au/pricing/diesel/queensland-retail-diesel-fuel-prices/queensland-regional-average/
2025-12-28,28 Dec,2025,Diesel,QLD,Queensland Regional Average,State Regional Average,186.9,Queensland Regional Average,https://aip.com.au/pricing/diesel/queensland-retail-diesel-fuel-prices/queensland-regional-average/
2026-01-04,4 Jan,2026,Diesel,QLD,Queensland Regional Average,State Regional Average,185.6,Queensland Regional Average,https://aip.com.au/pricing/diesel/queensland-retail-diesel-fuel-prices/queensland-regional-average/
2026-01-11,11 Jan,2026,Diesel,QLD,Queensland Regional Average,State Regional Average,184.2,Queensland Regional Average,https://aip.com.au/pricing/diesel/queensland-retail-diesel-fuel-prices/queensland-regional-average/
2026-01-18,18 Jan,2026,Diesel,QLD,Queensland Regional Average,State Regional Average,182.6,Queensland Regional Average,https://aip.com.au/pricing/diesel/queensland-retail-diesel-fuel-prices/queensland-regional-average/
2026-01-25,25 Jan,2026,Diesel,QLD,Queensland Regional Average,State Regional Average,182.1,Queensland Regional Average,https://aip.com.au/pricing/diesel/queensland-retail-diesel-fuel-prices/queensland-regional-average/
2026-02-01,1 Feb,2026,Diesel,QLD,Queensland Regional Average,State Regional Average,181.8,Queensland Regional Average,https://aip.com.au/pricing/diesel/queensland-retail-diesel-fuel-prices/queensland-regional-average/
2026-02-08,8 Feb,2026,Diesel,QLD,Queensland Regional Average,State Regional Average,181.3,Queensland Regional Average,https://aip.com.au/pricing/diesel/queensland-retail-diesel-fuel-prices/queensland-regional-average/
2026-02-15,15 Feb,2026,Diesel,QLD,Queensland Regional Average,State Regional Average,181.4,Queensland Regional Average,https://aip.com.au/pricing/diesel/queensland-retail-diesel-fuel-prices/queensland-regional-average/
2026-02-22,22 Feb,2026,Diesel,QLD,Queensland Regional Average,State Regional Average,181.2,Queensland Regional Average,https://aip.com.au/pricing/diesel/queensland-retail-diesel-fuel-prices/queensland-regional-average/
2026-03-01,1 Mar,2026,Diesel,QLD,Queensland Regional Average,State Regional Average,181.6,Queensland Regional Average,https://aip.com.au/pricing/diesel/queensland-retail-diesel-fuel-prices/queensland-regional-average/
2026-03-08,8 Mar,2026,Diesel,QLD,Queensland Regional Average,State Regional Average,197.3,Queensland Regional Average,https://aip.com.au/pricing/diesel/queensland-retail-diesel-fuel-prices/queensland-regional-average/
2026-03-15,15 Mar,2026,Diesel,QLD,Queensland Regional Average,State Regional Average,245.1,Queensland Regional Average,https://aip.com.au/pricing/diesel/queensland-retail-diesel-fuel-prices/queensland-regional-average/
2026-03-22,22 Mar,2026,Diesel,QLD,Queensland Regional Average,State Regional Average,282.7,Queensland Regional Average,https://aip.com.au/pricing/diesel/queensland-retail-diesel-fuel-prices/queensland-regional-average/
2026-03-29,29 Mar,2026,Diesel,QLD,Queensland Regional Average,State Regional Average,311.3,Queensland Regional Average,https://aip.com.au/pricing/diesel/queensland-retail-diesel-fuel-prices/queensland-regional-average/
2026-04-05,5 Apr,2026,Diesel,QLD,Queensland Regional Average,State Regional Average,314.3,Queensland Regional Average,https://aip.com.au/pricing/diesel/queensland-retail-diesel-fuel-prices/queensland-regional-average/
2026-04-12,12 Apr,2026,Diesel,QLD,Queensland Regional Average,State Regional Average,320.0,Queensland Regional Average,https://aip.com.au/pricing/diesel/queensland-retail-diesel-fuel-prices/queensland-regional-average/
2026-04-19,19 Apr,2026,Diesel,QLD,Queensland Regional Average,State Regional Average,313.5,Queensland Regional Average,https://aip.com.au/pricing/diesel/queensland-retail-diesel-fuel-prices/queensland-regional-average/
2026-04-26,26 Apr,2026,Diesel,QLD,Queensland Regional Average,State Regional Average,280.8,Queensland Regional Average,https://aip.com.au/pricing/diesel/queensland-retail-diesel-fuel-prices/queensland-regional-average/
2026-05-03,3 May,2026,Diesel,QLD,Queensland Regional Average,State Regional Average,259.4,Queensland Regional Average,https://aip.com.au/pricing/diesel/queensland-retail-diesel-fuel-prices/queensland-regional-average/
2026-05-10,10 May,2026,Diesel,QLD,Queensland Regional Average,State Regional Average,252.3,Queensland Regional Average,https://aip.com.au/pricing/diesel/queensland-retail-diesel-fuel-prices/queensland-regional-average/
2026-05-17,17 May,2026,Diesel,QLD,Queensland Regional Average,State Regional Average,239.9,Queensland Regional Average,https://aip.com.au/pricing/diesel/queensland-retail-diesel-fuel-prices/queensland-regional-average/
2026-05-24,24 May,2026,Diesel,QLD,Queensland Regional Average,State Regional Average,232.7,Queensland Regional Average,https://aip.com.au/pricing/diesel/queensland-retail-diesel-fuel-prices/queensland-regional-average/
2026-05-31,31 May,2026,Diesel,QLD,Queensland Regional Average,State Regional Average,228.9,Queensland Regional Average,https://aip.com.au/pricing/diesel/queensland-retail-diesel-fuel-prices/queensland-regional-average/
2026-06-07,7 Jun,2026,Diesel,QLD,Queensland Regional Average,State Regional Average,218.8,Queensland Regional Average,https://aip.com.au/pricing/diesel/queensland-retail-diesel-fuel-prices/queensland-regional-average/
2026-06-14,14 Jun,2026,Diesel,QLD,Queensland Regional Average,State Regional Average,211.7,Queensland Regional Average,https://aip.com.au/pricing/diesel/queensland-retail-diesel-fuel-prices/queensland-regional-average/
2026-06-21,21 Jun,2026,Diesel,QLD,Queensland Regional Average,State Regional Average,203.9,Queensland Regional Average,https://aip.com.au/pricing/diesel/queensland-retail-diesel-fuel-prices/queensland-regional-average/
2026-06-28,28 Jun,2026,Diesel,QLD,Queensland Regional Average,State Regional Average,191.6,Queensland Regional Average,https://aip.com.au/pricing/diesel/queensland-retail-diesel-fuel-prices/queensland-regional-average/
2026-07-05,5 Jul,2026,Diesel,QLD,Queensland Regional Average,State Regional Average,189.8,Queensland Regional Average,https://aip.com.au/pricing/diesel/queensland-retail-diesel-fuel-prices/queensland-regional-average/
2026-07-12,12 Jul,2026,Diesel,QLD,Queensland Regional Average,State Regional Average,194.1,Queensland Regional Average,https://aip.com.au/pricing/diesel/queensland-retail-diesel-fuel-prices/queensland-regional-average/
2026-07-19,19 Jul,2026,Diesel,QLD,Queensland Regional Average,State Regional Average,202.4,Queensland Regional Average,https://aip.com.au/pricing/diesel/queensland-retail-diesel-fuel-prices/queensland-regional-average/
2026-07-26,26 Jul,2026,Diesel,QLD,Queensland Regional Average,State Regional Average,220.8,Queensland Regional Average,https://aip.com.au/pricing/diesel/queensland-retail-diesel-fuel-prices/queensland-regional-average/
2026-08-02,2 Aug,2026,Diesel,QLD,Queensland Regional Average,State Regional Average,235.8,Queensland Regional Average,https://aip.com.au/pricing/diesel/queensland-retail-diesel-fuel-prices/queensland-regional-average/
2026-08-09,9 Aug,2026,Diesel,QLD,Queensland Regional Average,State Regional Average,249.2,Queensland Regional Average,https://aip.com.au/pricing/diesel/queensland-retail-diesel-fuel-prices/queensland-regional-average/
2026-08-16,16 Aug,2026,Diesel,QLD,Queensland Regional Average,State Regional Average,248.2,Queensland Regional Average,https://aip.com.au/pricing/diesel/queensland-retail-diesel-fuel-prices/queensland-regional-average/
2025-08-24,24 Aug,2025,Diesel,QLD,Queensland State Average,State Average,186.4,Queensland State Average,https://aip.com.au/pricing/diesel/queensland-retail-diesel-fuel-prices/queensland-state-average/
2025-08-31,31 Aug,2025,Diesel,QLD,Queensland State Average,State Average,186.2,Queensland State Average,https://aip.com.au/pricing/diesel/queensland-retail-diesel-fuel-prices/queensland-state-average/
2025-09-07,7 Sep,2025,Diesel,QLD,Queensland State Average,State Average,186.4,Queensland State Average,https://aip.com.au/pricing/diesel/queensland-retail-diesel-fuel-prices/queensland-state-average/
2025-09-14,14 Sep,2025,Diesel,QLD,Queensland State Average,State Average,186.6,Queensland State Average,https://aip.com.au/pricing/diesel/queensland-retail-diesel-fuel-prices/queensland-state-average/
2025-09-21,21 Sep,2025,Diesel,QLD,Queensland State Average,State Average,186.7,Queensland State Average,https://aip.com.au/pricing/diesel/queensland-retail-diesel-fuel-prices/queensland-state-average/
2025-09-28,28 Sep,2025,Diesel,QLD,Queensland State Average,State Average,185.8,Queensland State Average,https://aip.com.au/pricing/diesel/queensland-retail-diesel-fuel-prices/queensland-state-average/
2025-10-05,5 Oct,2025,Diesel,QLD,Queensland State Average,State Average,185.5,Queensland State Average,https://aip.com.au/pricing/diesel/queensland-retail-diesel-fuel-prices/queensland-state-average/
2025-10-12,12 Oct,2025,Diesel,QLD,Queensland State Average,State Average,185.5,Queensland State Average,https://aip.com.au/pricing/diesel/queensland-retail-diesel-fuel-prices/queensland-state-average/
2025-10-19,19 Oct,2025,Diesel,QLD,Queensland State Average,State Average,185.2,Queensland State Average,https://aip.com.au/pricing/diesel/queensland-retail-diesel-fuel-prices/queensland-state-average/
2025-10-26,26 Oct,2025,Diesel,QLD,Queensland State Average,State Average,185.0,Queensland State Average,https://aip.com.au/pricing/diesel/queensland-retail-diesel-fuel-prices/queensland-state-average/
2025-11-02,2 Nov,2025,Diesel,QLD,Queensland State Average,State Average,186.5,Queensland State Average,https://aip.com.au/pricing/diesel/queensland-retail-diesel-fuel-prices/queensland-state-average/
2025-11-09,9 Nov,2025,Diesel,QLD,Queensland State Average,State Average,187.7,Queensland State Average,https://aip.com.au/pricing/diesel/queensland-retail-diesel-fuel-prices/queensland-state-average/
2025-11-16,16 Nov,2025,Diesel,QLD,Queensland State Average,State Average,189.9,Queensland State Average,https://aip.com.au/pricing/diesel/queensland-retail-diesel-fuel-prices/queensland-state-average/
2025-11-23,23 Nov,2025,Diesel,QLD,Queensland State Average,State Average,192.1,Queensland State Average,https://aip.com.au/pricing/diesel/queensland-retail-diesel-fuel-prices/queensland-state-average/
2025-11-30,30 Nov,2025,Diesel,QLD,Queensland State Average,State Average,193.6,Queensland State Average,https://aip.com.au/pricing/diesel/queensland-retail-diesel-fuel-prices/queensland-state-average/
2025-12-07,7 Dec,2025,Diesel,QLD,Queensland State Average,State Average,193.1,Queensland State Average,https://aip.com.au/pricing/diesel/queensland-retail-diesel-fuel-prices/queensland-state-average/
2025-12-14,14 Dec,2025,Diesel,QLD,Queensland State Average,State Average,192.1,Queensland State Average,https://aip.com.au/pricing/diesel/queensland-retail-diesel-fuel-prices/queensland-state-average/
2025-12-21,21 Dec,2025,Diesel,QLD,Queensland State Average,State Average,190.1,Queensland State Average,https://aip.com.au/pricing/diesel/queensland-retail-diesel-fuel-prices/queensland-state-average/
2025-12-28,28 Dec,2025,Diesel,QLD,Queensland State Average,State Average,187.7,Queensland State Average,https://aip.com.au/pricing/diesel/queensland-retail-diesel-fuel-prices/queensland-state-average/
2026-01-04,4 Jan,2026,Diesel,QLD,Queensland State Average,State Average,186.3,Queensland State Average,https://aip.com.au/pricing/diesel/queensland-retail-diesel-fuel-prices/queensland-state-average/
2026-01-11,11 Jan,2026,Diesel,QLD,Queensland State Average,State Average,184.9,Queensland State Average,https://aip.com.au/pricing/diesel/queensland-retail-diesel-fuel-prices/queensland-state-average/
2026-01-18,18 Jan,2026,Diesel,QLD,Queensland State Average,State Average,183.5,Queensland State Average,https://aip.com.au/pricing/diesel/queensland-retail-diesel-fuel-prices/queensland-state-average/
2026-01-25,25 Jan,2026,Diesel,QLD,Queensland State Average,State Average,182.6,Queensland State Average,https://aip.com.au/pricing/diesel/queensland-retail-diesel-fuel-prices/queensland-state-average/
2026-02-01,1 Feb,2026,Diesel,QLD,Queensland State Average,State Average,181.8,Queensland State Average,https://aip.com.au/pricing/diesel/queensland-retail-diesel-fuel-prices/queensland-state-average/
2026-02-08,8 Feb,2026,Diesel,QLD,Queensland State Average,State Average,181.2,Queensland State Average,https://aip.com.au/pricing/diesel/queensland-retail-diesel-fuel-prices/queensland-state-average/
2026-02-15,15 Feb,2026,Diesel,QLD,Queensland State Average,State Average,181.3,Queensland State Average,https://aip.com.au/pricing/diesel/queensland-retail-diesel-fuel-prices/queensland-state-average/
2026-02-22,22 Feb,2026,Diesel,QLD,Queensland State Average,State Average,180.9,Queensland State Average,https://aip.com.au/pricing/diesel/queensland-retail-diesel-fuel-prices/queensland-state-average/
2026-03-01,1 Mar,2026,Diesel,QLD,Queensland State Average,State Average,181.7,Queensland State Average,https://aip.com.au/pricing/diesel/queensland-retail-diesel-fuel-prices/queensland-state-average/
2026-03-08,8 Mar,2026,Diesel,QLD,Queensland State Average,State Average,198.3,Queensland State Average,https://aip.com.au/pricing/diesel/queensland-retail-diesel-fuel-prices/queensland-state-average/
2026-03-15,15 Mar,2026,Diesel,QLD,Queensland State Average,State Average,245.5,Queensland State Average,https://aip.com.au/pricing/diesel/queensland-retail-diesel-fuel-prices/queensland-state-average/
2026-03-22,22 Mar,2026,Diesel,QLD,Queensland State Average,State Average,282.2,Queensland State Average,https://aip.com.au/pricing/diesel/queensland-retail-diesel-fuel-prices/queensland-state-average/
2026-03-29,29 Mar,2026,Diesel,QLD,Queensland State Average,State Average,310.8,Queensland State Average,https://aip.com.au/pricing/diesel/queensland-retail-diesel-fuel-prices/queensland-state-average/
2026-04-05,5 Apr,2026,Diesel,QLD,Queensland State Average,State Average,312.3,Queensland State Average,https://aip.com.au/pricing/diesel/queensland-retail-diesel-fuel-prices/queensland-state-average/
2026-04-12,12 Apr,2026,Diesel,QLD,Queensland State Average,State Average,319.2,Queensland State Average,https://aip.com.au/pricing/diesel/queensland-retail-diesel-fuel-prices/queensland-state-average/
2026-04-19,19 Apr,2026,Diesel,QLD,Queensland State Average,State Average,311.1,Queensland State Average,https://aip.com.au/pricing/diesel/queensland-retail-diesel-fuel-prices/queensland-state-average/
2026-04-26,26 Apr,2026,Diesel,QLD,Queensland State Average,State Average,276.2,Queensland State Average,https://aip.com.au/pricing/diesel/queensland-retail-diesel-fuel-prices/queensland-state-average/
2026-05-03,3 May,2026,Diesel,QLD,Queensland State Average,State Average,255.1,Queensland State Average,https://aip.com.au/pricing/diesel/queensland-retail-diesel-fuel-prices/queensland-state-average/
2026-05-10,10 May,2026,Diesel,QLD,Queensland State Average,State Average,248.2,Queensland State Average,https://aip.com.au/pricing/diesel/queensland-retail-diesel-fuel-prices/queensland-state-average/
2026-05-17,17 May,2026,Diesel,QLD,Queensland State Average,State Average,236.9,Queensland State Average,https://aip.com.au/pricing/diesel/queensland-retail-diesel-fuel-prices/queensland-state-average/
2026-05-24,24 May,2026,Diesel,QLD,Queensland State Average,State Average,230.7,Queensland State Average,https://aip.com.au/pricing/diesel/queensland-retail-diesel-fuel-prices/queensland-state-average/
2026-05-31,31 May,2026,Diesel,QLD,Queensland State Average,State Average,226.2,Queensland State Average,https://aip.com.au/pricing/diesel/queensland-retail-diesel-fuel-prices/queensland-state-average/
2026-06-07,7 Jun,2026,Diesel,QLD,Queensland State Average,State Average,215.7,Queensland State Average,https://aip.com.au/pricing/diesel/queensland-retail-diesel-fuel-prices/queensland-state-average/
2026-06-14,14 Jun,2026,Diesel,QLD,Queensland State Average,State Average,208.5,Queensland State Average,https://aip.com.au/pricing/diesel/queensland-retail-diesel-fuel-prices/queensland-state-average/
2026-06-21,21 Jun,2026,Diesel,QLD,Queensland State Average,State Average,200.1,Queensland State Average,https://aip.com.au/pricing/diesel/queensland-retail-diesel-fuel-prices/queensland-state-average/
2026-06-28,28 Jun,2026,Diesel,QLD,Queensland State Average,State Average,186.8,Queensland State Average,https://aip.com.au/pricing/diesel/queensland-retail-diesel-fuel-prices/queensland-state-average/
2026-07-05,5 Jul,2026,Diesel,QLD,Queensland State Average,State Average,186.4,Queensland State Average,https://aip.com.au/pricing/diesel/queensland-retail-diesel-fuel-prices/queensland-state-average/
2026-07-12,12 Jul,2026,Diesel,QLD,Queensland State Average,State Average,191.3,Queensland State Average,https://aip.com.au/pricing/diesel/queensland-retail-diesel-fuel-prices/queensland-state-average/
2026-07-19,19 Jul,2026,Diesel,QLD,Queensland State Average,State Average,201.2,Queensland State Average,https://aip.com.au/pricing/diesel/queensland-retail-diesel-fuel-prices/queensland-state-average/
2026-07-26,26 Jul,2026,Diesel,QLD,Queensland State Average,State Average,220.1,Queensland State Average,https://aip.com.au/pricing/diesel/queensland-retail-diesel-fuel-prices/queensland-state-average/
2026-08-02,2 Aug,2026,Diesel,QLD,Queensland State Average,State Average,235.2,Queensland State Average,https://aip.com.au/pricing/diesel/queensland-retail-diesel-fuel-prices/queensland-state-average/
2026-08-09,9 Aug,2026,Diesel,QLD,Queensland State Average,State Average,248.5,Queensland State Average,https://aip.com.au/pricing/diesel/queensland-retail-diesel-fuel-prices/queensland-state-average/
2026-08-16,16 Aug,2026,Diesel,QLD,Queensland State Average,State Average,246.7,Queensland State Average,https://aip.com.au/pricing/diesel/queensland-retail-diesel-fuel-prices/queensland-state-average/
2025-08-24,24 Aug,2025,Diesel,SA,Adelaide,Capital City,178.7,Adelaide,https://aip.com.au/pricing/diesel/south-australian-retail-diesel-prices/adelaide/
2025-08-31,31 Aug,2025,Diesel,SA,Adelaide,Capital City,179.1,Adelaide,https://aip.com.au/pricing/diesel/south-australian-retail-diesel-prices/adelaide/
2025-09-07,7 Sep,2025,Diesel,SA,Adelaide,Capital City,179.7,Adelaide,https://aip.com.au/pricing/diesel/south-australian-retail-diesel-prices/adelaide/
2025-09-14,14 Sep,2025,Diesel,SA,Adelaide,Capital City,179.7,Adelaide,https://aip.com.au/pricing/diesel/south-australian-retail-diesel-prices/adelaide/
2025-09-21,21 Sep,2025,Diesel,SA,Adelaide,Capital City,179.1,Adelaide,https://aip.com.au/pricing/diesel/south-australian-retail-diesel-prices/adelaide/
2025-09-28,28 Sep,2025,Diesel,SA,Adelaide,Capital City,180.5,Adelaide,https://aip.com.au/pricing/diesel/south-australian-retail-diesel-prices/adelaide/
2025-10-05,5 Oct,2025,Diesel,SA,Adelaide,Capital City,180.1,Adelaide,https://aip.com.au/pricing/diesel/south-australian-retail-diesel-prices/adelaide/
2025-10-12,12 Oct,2025,Diesel,SA,Adelaide,Capital City,179.8,Adelaide,https://aip.com.au/pricing/diesel/south-australian-retail-diesel-prices/adelaide/
2025-10-19,19 Oct,2025,Diesel,SA,Adelaide,Capital City,179.3,Adelaide,https://aip.com.au/pricing/diesel/south-australian-retail-diesel-prices/adelaide/
2025-10-26,26 Oct,2025,Diesel,SA,Adelaide,Capital City,180.2,Adelaide,https://aip.com.au/pricing/diesel/south-australian-retail-diesel-prices/adelaide/
2025-11-02,2 Nov,2025,Diesel,SA,Adelaide,Capital City,180.7,Adelaide,https://aip.com.au/pricing/diesel/south-australian-retail-diesel-prices/adelaide/
2025-11-09,9 Nov,2025,Diesel,SA,Adelaide,Capital City,181.6,Adelaide,https://aip.com.au/pricing/diesel/south-australian-retail-diesel-prices/adelaide/
2025-11-16,16 Nov,2025,Diesel,SA,Adelaide,Capital City,184.3,Adelaide,https://aip.com.au/pricing/diesel/south-australian-retail-diesel-prices/adelaide/
2025-11-23,23 Nov,2025,Diesel,SA,Adelaide,Capital City,188.4,Adelaide,https://aip.com.au/pricing/diesel/south-australian-retail-diesel-prices/adelaide/
2025-11-30,30 Nov,2025,Diesel,SA,Adelaide,Capital City,189.8,Adelaide,https://aip.com.au/pricing/diesel/south-australian-retail-diesel-prices/adelaide/
2025-12-07,7 Dec,2025,Diesel,SA,Adelaide,Capital City,188.1,Adelaide,https://aip.com.au/pricing/diesel/south-australian-retail-diesel-prices/adelaide/
2025-12-14,14 Dec,2025,Diesel,SA,Adelaide,Capital City,186.1,Adelaide,https://aip.com.au/pricing/diesel/south-australian-retail-diesel-prices/adelaide/
2025-12-21,21 Dec,2025,Diesel,SA,Adelaide,Capital City,183.3,Adelaide,https://aip.com.au/pricing/diesel/south-australian-retail-diesel-prices/adelaide/
2025-12-28,28 Dec,2025,Diesel,SA,Adelaide,Capital City,181.4,Adelaide,https://aip.com.au/pricing/diesel/south-australian-retail-diesel-prices/adelaide/
2026-01-04,4 Jan,2026,Diesel,SA,Adelaide,Capital City,180.6,Adelaide,https://aip.com.au/pricing/diesel/south-australian-retail-diesel-prices/adelaide/
2026-01-11,11 Jan,2026,Diesel,SA,Adelaide,Capital City,178.1,Adelaide,https://aip.com.au/pricing/diesel/south-australian-retail-diesel-prices/adelaide/
2026-01-18,18 Jan,2026,Diesel,SA,Adelaide,Capital City,176.8,Adelaide,https://aip.com.au/pricing/diesel/south-australian-retail-diesel-prices/adelaide/
2026-01-25,25 Jan,2026,Diesel,SA,Adelaide,Capital City,176.3,Adelaide,https://aip.com.au/pricing/diesel/south-australian-retail-diesel-prices/adelaide/
2026-02-01,1 Feb,2026,Diesel,SA,Adelaide,Capital City,175.3,Adelaide,https://aip.com.au/pricing/diesel/south-australian-retail-diesel-prices/adelaide/
2026-02-08,8 Feb,2026,Diesel,SA,Adelaide,Capital City,174.9,Adelaide,https://aip.com.au/pricing/diesel/south-australian-retail-diesel-prices/adelaide/
2026-02-15,15 Feb,2026,Diesel,SA,Adelaide,Capital City,175.1,Adelaide,https://aip.com.au/pricing/diesel/south-australian-retail-diesel-prices/adelaide/
2026-02-22,22 Feb,2026,Diesel,SA,Adelaide,Capital City,175.0,Adelaide,https://aip.com.au/pricing/diesel/south-australian-retail-diesel-prices/adelaide/
2026-03-01,1 Mar,2026,Diesel,SA,Adelaide,Capital City,175.6,Adelaide,https://aip.com.au/pricing/diesel/south-australian-retail-diesel-prices/adelaide/
2026-03-08,8 Mar,2026,Diesel,SA,Adelaide,Capital City,192.1,Adelaide,https://aip.com.au/pricing/diesel/south-australian-retail-diesel-prices/adelaide/
2026-03-15,15 Mar,2026,Diesel,SA,Adelaide,Capital City,245.1,Adelaide,https://aip.com.au/pricing/diesel/south-australian-retail-diesel-prices/adelaide/
2026-03-22,22 Mar,2026,Diesel,SA,Adelaide,Capital City,280.6,Adelaide,https://aip.com.au/pricing/diesel/south-australian-retail-diesel-prices/adelaide/
2026-03-29,29 Mar,2026,Diesel,SA,Adelaide,Capital City,308.9,Adelaide,https://aip.com.au/pricing/diesel/south-australian-retail-diesel-prices/adelaide/
2026-04-05,5 Apr,2026,Diesel,SA,Adelaide,Capital City,308.8,Adelaide,https://aip.com.au/pricing/diesel/south-australian-retail-diesel-prices/adelaide/
2026-04-12,12 Apr,2026,Diesel,SA,Adelaide,Capital City,318.2,Adelaide,https://aip.com.au/pricing/diesel/south-australian-retail-diesel-prices/adelaide/
2026-04-19,19 Apr,2026,Diesel,SA,Adelaide,Capital City,304.3,Adelaide,https://aip.com.au/pricing/diesel/south-australian-retail-diesel-prices/adelaide/
2026-04-26,26 Apr,2026,Diesel,SA,Adelaide,Capital City,266.8,Adelaide,https://aip.com.au/pricing/diesel/south-australian-retail-diesel-prices/adelaide/
2026-05-03,3 May,2026,Diesel,SA,Adelaide,Capital City,243.9,Adelaide,https://aip.com.au/pricing/diesel/south-australian-retail-diesel-prices/adelaide/
2026-05-10,10 May,2026,Diesel,SA,Adelaide,Capital City,238.9,Adelaide,https://aip.com.au/pricing/diesel/south-australian-retail-diesel-prices/adelaide/
2026-05-17,17 May,2026,Diesel,SA,Adelaide,Capital City,229.9,Adelaide,https://aip.com.au/pricing/diesel/south-australian-retail-diesel-prices/adelaide/
2026-05-24,24 May,2026,Diesel,SA,Adelaide,Capital City,224.5,Adelaide,https://aip.com.au/pricing/diesel/south-australian-retail-diesel-prices/adelaide/
2026-05-31,31 May,2026,Diesel,SA,Adelaide,Capital City,217.5,Adelaide,https://aip.com.au/pricing/diesel/south-australian-retail-diesel-prices/adelaide/
2026-06-07,7 Jun,2026,Diesel,SA,Adelaide,Capital City,206.0,Adelaide,https://aip.com.au/pricing/diesel/south-australian-retail-diesel-prices/adelaide/
2026-06-14,14 Jun,2026,Diesel,SA,Adelaide,Capital City,201.3,Adelaide,https://aip.com.au/pricing/diesel/south-australian-retail-diesel-prices/adelaide/
2026-06-21,21 Jun,2026,Diesel,SA,Adelaide,Capital City,194.0,Adelaide,https://aip.com.au/pricing/diesel/south-australian-retail-diesel-prices/adelaide/
2026-06-28,28 Jun,2026,Diesel,SA,Adelaide,Capital City,180.3,Adelaide,https://aip.com.au/pricing/diesel/south-australian-retail-diesel-prices/adelaide/
2026-07-05,5 Jul,2026,Diesel,SA,Adelaide,Capital City,181.4,Adelaide,https://aip.com.au/pricing/diesel/south-australian-retail-diesel-prices/adelaide/
2026-07-12,12 Jul,2026,Diesel,SA,Adelaide,Capital City,187.2,Adelaide,https://aip.com.au/pricing/diesel/south-australian-retail-diesel-prices/adelaide/
2026-07-19,19 Jul,2026,Diesel,SA,Adelaide,Capital City,196.3,Adelaide,https://aip.com.au/pricing/diesel/south-australian-retail-diesel-prices/adelaide/
2026-07-26,26 Jul,2026,Diesel,SA,Adelaide,Capital City,218.1,Adelaide,https://aip.com.au/pricing/diesel/south-australian-retail-diesel-prices/adelaide/
2026-08-02,2 Aug,2026,Diesel,SA,Adelaide,Capital City,234.0,Adelaide,https://aip.com.au/pricing/diesel/south-australian-retail-diesel-prices/adelaide/
2026-08-09,9 Aug,2026,Diesel,SA,Adelaide,Capital City,247.3,Adelaide,https://aip.com.au/pricing/diesel/south-australian-retail-diesel-prices/adelaide/
2026-08-16,16 Aug,2026,Diesel,SA,Adelaide,Capital City,241.5,Adelaide,https://aip.com.au/pricing/diesel/south-australian-retail-diesel-prices/adelaide/
2025-08-24,24 Aug,2025,Diesel,SA,South Australian Regional Average,State Regional Average,184.4,South Australian Regional Average,https://aip.com.au/pricing/diesel/south-australian-retail-diesel-prices/south-australian-regional-average/
2025-08-31,31 Aug,2025,Diesel,SA,South Australian Regional Average,State Regional Average,184.4,South Australian Regional Average,https://aip.com.au/pricing/diesel/south-australian-retail-diesel-prices/south-australian-regional-average/
2025-09-07,7 Sep,2025,Diesel,SA,South Australian Regional Average,State Regional Average,185.1,South Australian Regional Average,https://aip.com.au/pricing/diesel/south-australian-retail-diesel-prices/south-australian-regional-average/
2025-09-14,14 Sep,2025,Diesel,SA,South Australian Regional Average,State Regional Average,185.4,South Australian Regional Average,https://aip.com.au/pricing/diesel/south-australian-retail-diesel-prices/south-australian-regional-average/
2025-09-21,21 Sep,2025,Diesel,SA,South Australian Regional Average,State Regional Average,185.2,South Australian Regional Average,https://aip.com.au/pricing/diesel/south-australian-retail-diesel-prices/south-australian-regional-average/
2025-09-28,28 Sep,2025,Diesel,SA,South Australian Regional Average,State Regional Average,184.9,South Australian Regional Average,https://aip.com.au/pricing/diesel/south-australian-retail-diesel-prices/south-australian-regional-average/
2025-10-05,5 Oct,2025,Diesel,SA,South Australian Regional Average,State Regional Average,184.6,South Australian Regional Average,https://aip.com.au/pricing/diesel/south-australian-retail-diesel-prices/south-australian-regional-average/
2025-10-12,12 Oct,2025,Diesel,SA,South Australian Regional Average,State Regional Average,184.7,South Australian Regional Average,https://aip.com.au/pricing/diesel/south-australian-retail-diesel-prices/south-australian-regional-average/
2025-10-19,19 Oct,2025,Diesel,SA,South Australian Regional Average,State Regional Average,184.4,South Australian Regional Average,https://aip.com.au/pricing/diesel/south-australian-retail-diesel-prices/south-australian-regional-average/
2025-10-26,26 Oct,2025,Diesel,SA,South Australian Regional Average,State Regional Average,183.9,South Australian Regional Average,https://aip.com.au/pricing/diesel/south-australian-retail-diesel-prices/south-australian-regional-average/
2025-11-02,2 Nov,2025,Diesel,SA,South Australian Regional Average,State Regional Average,184.3,South Australian Regional Average,https://aip.com.au/pricing/diesel/south-australian-retail-diesel-prices/south-australian-regional-average/
2025-11-09,9 Nov,2025,Diesel,SA,South Australian Regional Average,State Regional Average,185.9,South Australian Regional Average,https://aip.com.au/pricing/diesel/south-australian-retail-diesel-prices/south-australian-regional-average/
2025-11-16,16 Nov,2025,Diesel,SA,South Australian Regional Average,State Regional Average,188.8,South Australian Regional Average,https://aip.com.au/pricing/diesel/south-australian-retail-diesel-prices/south-australian-regional-average/
2025-11-23,23 Nov,2025,Diesel,SA,South Australian Regional Average,State Regional Average,190.7,South Australian Regional Average,https://aip.com.au/pricing/diesel/south-australian-retail-diesel-prices/south-australian-regional-average/
2025-11-30,30 Nov,2025,Diesel,SA,South Australian Regional Average,State Regional Average,191.8,South Australian Regional Average,https://aip.com.au/pricing/diesel/south-australian-retail-diesel-prices/south-australian-regional-average/
2025-12-07,7 Dec,2025,Diesel,SA,South Australian Regional Average,State Regional Average,191.1,South Australian Regional Average,https://aip.com.au/pricing/diesel/south-australian-retail-diesel-prices/south-australian-regional-average/
2025-12-14,14 Dec,2025,Diesel,SA,South Australian Regional Average,State Regional Average,189.2,South Australian Regional Average,https://aip.com.au/pricing/diesel/south-australian-retail-diesel-prices/south-australian-regional-average/
2025-12-21,21 Dec,2025,Diesel,SA,South Australian Regional Average,State Regional Average,187.4,South Australian Regional Average,https://aip.com.au/pricing/diesel/south-australian-retail-diesel-prices/south-australian-regional-average/
2025-12-28,28 Dec,2025,Diesel,SA,South Australian Regional Average,State Regional Average,185.8,South Australian Regional Average,https://aip.com.au/pricing/diesel/south-australian-retail-diesel-prices/south-australian-regional-average/
2026-01-04,4 Jan,2026,Diesel,SA,South Australian Regional Average,State Regional Average,184.6,South Australian Regional Average,https://aip.com.au/pricing/diesel/south-australian-retail-diesel-prices/south-australian-regional-average/
2026-01-11,11 Jan,2026,Diesel,SA,South Australian Regional Average,State Regional Average,182.5,South Australian Regional Average,https://aip.com.au/pricing/diesel/south-australian-retail-diesel-prices/south-australian-regional-average/
2026-01-18,18 Jan,2026,Diesel,SA,South Australian Regional Average,State Regional Average,181.3,South Australian Regional Average,https://aip.com.au/pricing/diesel/south-australian-retail-diesel-prices/south-australian-regional-average/
2026-01-25,25 Jan,2026,Diesel,SA,South Australian Regional Average,State Regional Average,181.0,South Australian Regional Average,https://aip.com.au/pricing/diesel/south-australian-retail-diesel-prices/south-australian-regional-average/
2026-02-01,1 Feb,2026,Diesel,SA,South Australian Regional Average,State Regional Average,180.7,South Australian Regional Average,https://aip.com.au/pricing/diesel/south-australian-retail-diesel-prices/south-australian-regional-average/
2026-02-08,8 Feb,2026,Diesel,SA,South Australian Regional Average,State Regional Average,180.3,South Australian Regional Average,https://aip.com.au/pricing/diesel/south-australian-retail-diesel-prices/south-australian-regional-average/
2026-02-15,15 Feb,2026,Diesel,SA,South Australian Regional Average,State Regional Average,180.0,South Australian Regional Average,https://aip.com.au/pricing/diesel/south-australian-retail-diesel-prices/south-australian-regional-average/
2026-02-22,22 Feb,2026,Diesel,SA,South Australian Regional Average,State Regional Average,180.0,South Australian Regional Average,https://aip.com.au/pricing/diesel/south-australian-retail-diesel-prices/south-australian-regional-average/
2026-03-01,1 Mar,2026,Diesel,SA,South Australian Regional Average,State Regional Average,180.2,South Australian Regional Average,https://aip.com.au/pricing/diesel/south-australian-retail-diesel-prices/south-australian-regional-average/
2026-03-08,8 Mar,2026,Diesel,SA,South Australian Regional Average,State Regional Average,192.6,South Australian Regional Average,https://aip.com.au/pricing/diesel/south-australian-retail-diesel-prices/south-australian-regional-average/
2026-03-15,15 Mar,2026,Diesel,SA,South Australian Regional Average,State Regional Average,244.9,South Australian Regional Average,https://aip.com.au/pricing/diesel/south-australian-retail-diesel-prices/south-australian-regional-average/
2026-03-22,22 Mar,2026,Diesel,SA,South Australian Regional Average,State Regional Average,281.0,South Australian Regional Average,https://aip.com.au/pricing/diesel/south-australian-retail-diesel-prices/south-australian-regional-average/
2026-03-29,29 Mar,2026,Diesel,SA,South Australian Regional Average,State Regional Average,311.3,South Australian Regional Average,https://aip.com.au/pricing/diesel/south-australian-retail-diesel-prices/south-australian-regional-average/
2026-04-05,5 Apr,2026,Diesel,SA,South Australian Regional Average,State Regional Average,313.1,South Australian Regional Average,https://aip.com.au/pricing/diesel/south-australian-retail-diesel-prices/south-australian-regional-average/
2026-04-12,12 Apr,2026,Diesel,SA,South Australian Regional Average,State Regional Average,320.9,South Australian Regional Average,https://aip.com.au/pricing/diesel/south-australian-retail-diesel-prices/south-australian-regional-average/
2026-04-19,19 Apr,2026,Diesel,SA,South Australian Regional Average,State Regional Average,313.4,South Australian Regional Average,https://aip.com.au/pricing/diesel/south-australian-retail-diesel-prices/south-australian-regional-average/
2026-04-26,26 Apr,2026,Diesel,SA,South Australian Regional Average,State Regional Average,283.2,South Australian Regional Average,https://aip.com.au/pricing/diesel/south-australian-retail-diesel-prices/south-australian-regional-average/
2026-05-03,3 May,2026,Diesel,SA,South Australian Regional Average,State Regional Average,259.1,South Australian Regional Average,https://aip.com.au/pricing/diesel/south-australian-retail-diesel-prices/south-australian-regional-average/
2026-05-10,10 May,2026,Diesel,SA,South Australian Regional Average,State Regional Average,248.8,South Australian Regional Average,https://aip.com.au/pricing/diesel/south-australian-retail-diesel-prices/south-australian-regional-average/
2026-05-17,17 May,2026,Diesel,SA,South Australian Regional Average,State Regional Average,237.0,South Australian Regional Average,https://aip.com.au/pricing/diesel/south-australian-retail-diesel-prices/south-australian-regional-average/
2026-05-24,24 May,2026,Diesel,SA,South Australian Regional Average,State Regional Average,228.9,South Australian Regional Average,https://aip.com.au/pricing/diesel/south-australian-retail-diesel-prices/south-australian-regional-average/
2026-05-31,31 May,2026,Diesel,SA,South Australian Regional Average,State Regional Average,223.9,South Australian Regional Average,https://aip.com.au/pricing/diesel/south-australian-retail-diesel-prices/south-australian-regional-average/
2026-06-07,7 Jun,2026,Diesel,SA,South Australian Regional Average,State Regional Average,214.9,South Australian Regional Average,https://aip.com.au/pricing/diesel/south-australian-retail-diesel-prices/south-australian-regional-average/
2026-06-14,14 Jun,2026,Diesel,SA,South Australian Regional Average,State Regional Average,208.3,South Australian Regional Average,https://aip.com.au/pricing/diesel/south-australian-retail-diesel-prices/south-australian-regional-average/
2026-06-21,21 Jun,2026,Diesel,SA,South Australian Regional Average,State Regional Average,201.2,South Australian Regional Average,https://aip.com.au/pricing/diesel/south-australian-retail-diesel-prices/south-australian-regional-average/
2026-06-28,28 Jun,2026,Diesel,SA,South Australian Regional Average,State Regional Average,188.0,South Australian Regional Average,https://aip.com.au/pricing/diesel/south-australian-retail-diesel-prices/south-australian-regional-average/
2026-07-05,5 Jul,2026,Diesel,SA,South Australian Regional Average,State Regional Average,186.8,South Australian Regional Average,https://aip.com.au/pricing/diesel/south-australian-retail-diesel-prices/south-australian-regional-average/
2026-07-12,12 Jul,2026,Diesel,SA,South Australian Regional Average,State Regional Average,194.8,South Australian Regional Average,https://aip.com.au/pricing/diesel/south-australian-retail-diesel-prices/south-australian-regional-average/
2026-07-19,19 Jul,2026,Diesel,SA,South Australian Regional Average,State Regional Average,201.6,South Australian Regional Average,https://aip.com.au/pricing/diesel/south-australian-retail-diesel-prices/south-australian-regional-average/
2026-07-26,26 Jul,2026,Diesel,SA,South Australian Regional Average,State Regional Average,220.5,South Australian Regional Average,https://aip.com.au/pricing/diesel/south-australian-retail-diesel-prices/south-australian-regional-average/
2026-08-02,2 Aug,2026,Diesel,SA,South Australian Regional Average,State Regional Average,234.3,South Australian Regional Average,https://aip.com.au/pricing/diesel/south-australian-retail-diesel-prices/south-australian-regional-average/
2026-08-09,9 Aug,2026,Diesel,SA,South Australian Regional Average,State Regional Average,248.3,South Australian Regional Average,https://aip.com.au/pricing/diesel/south-australian-retail-diesel-prices/south-australian-regional-average/
2026-08-16,16 Aug,2026,Diesel,SA,South Australian Regional Average,State Regional Average,247.5,South Australian Regional Average,https://aip.com.au/pricing/diesel/south-australian-retail-diesel-prices/south-australian-regional-average/
2025-08-24,24 Aug,2025,Diesel,SA,South Australian State Average,State Average,184.4,South Australian State Average,https://aip.com.au/pricing/diesel/south-australian-retail-diesel-prices/south-australian-state-average/
2025-08-31,31 Aug,2025,Diesel,SA,South Australian State Average,State Average,184.4,South Australian State Average,https://aip.com.au/pricing/diesel/south-australian-retail-diesel-prices/south-australian-state-average/
2025-09-07,7 Sep,2025,Diesel,SA,South Australian State Average,State Average,185.1,South Australian State Average,https://aip.com.au/pricing/diesel/south-australian-retail-diesel-prices/south-australian-state-average/
2025-09-14,14 Sep,2025,Diesel,SA,South Australian State Average,State Average,185.4,South Australian State Average,https://aip.com.au/pricing/diesel/south-australian-retail-diesel-prices/south-australian-state-average/
2025-09-21,21 Sep,2025,Diesel,SA,South Australian State Average,State Average,185.2,South Australian State Average,https://aip.com.au/pricing/diesel/south-australian-retail-diesel-prices/south-australian-state-average/
2025-09-28,28 Sep,2025,Diesel,SA,South Australian State Average,State Average,184.9,South Australian State Average,https://aip.com.au/pricing/diesel/south-australian-retail-diesel-prices/south-australian-state-average/
2025-10-05,5 Oct,2025,Diesel,SA,South Australian State Average,State Average,184.6,South Australian State Average,https://aip.com.au/pricing/diesel/south-australian-retail-diesel-prices/south-australian-state-average/
2025-10-12,12 Oct,2025,Diesel,SA,South Australian State Average,State Average,184.7,South Australian State Average,https://aip.com.au/pricing/diesel/south-australian-retail-diesel-prices/south-australian-state-average/
2025-10-19,19 Oct,2025,Diesel,SA,South Australian State Average,State Average,184.4,South Australian State Average,https://aip.com.au/pricing/diesel/south-australian-retail-diesel-prices/south-australian-state-average/
2025-10-26,26 Oct,2025,Diesel,SA,South Australian State Average,State Average,183.9,South Australian State Average,https://aip.com.au/pricing/diesel/south-australian-retail-diesel-prices/south-australian-state-average/
2025-11-02,2 Nov,2025,Diesel,SA,South Australian State Average,State Average,184.3,South Australian State Average,https://aip.com.au/pricing/diesel/south-australian-retail-diesel-prices/south-australian-state-average/
2025-11-09,9 Nov,2025,Diesel,SA,South Australian State Average,State Average,185.9,South Australian State Average,https://aip.com.au/pricing/diesel/south-australian-retail-diesel-prices/south-australian-state-average/
2025-11-16,16 Nov,2025,Diesel,SA,South Australian State Average,State Average,188.8,South Australian State Average,https://aip.com.au/pricing/diesel/south-australian-retail-diesel-prices/south-australian-state-average/
2025-11-23,23 Nov,2025,Diesel,SA,South Australian State Average,State Average,190.7,South Australian State Average,https://aip.com.au/pricing/diesel/south-australian-retail-diesel-prices/south-australian-state-average/
2025-11-30,30 Nov,2025,Diesel,SA,South Australian State Average,State Average,191.8,South Australian State Average,https://aip.com.au/pricing/diesel/south-australian-retail-diesel-prices/south-australian-state-average/
2025-12-07,7 Dec,2025,Diesel,SA,South Australian State Average,State Average,191.1,South Australian State Average,https://aip.com.au/pricing/diesel/south-australian-retail-diesel-prices/south-australian-state-average/
2025-12-14,14 Dec,2025,Diesel,SA,South Australian State Average,State Average,189.2,South Australian State Average,https://aip.com.au/pricing/diesel/south-australian-retail-diesel-prices/south-australian-state-average/
2025-12-21,21 Dec,2025,Diesel,SA,South Australian State Average,State Average,187.4,South Australian State Average,https://aip.com.au/pricing/diesel/south-australian-retail-diesel-prices/south-australian-state-average/
2025-12-28,28 Dec,2025,Diesel,SA,South Australian State Average,State Average,185.8,South Australian State Average,https://aip.com.au/pricing/diesel/south-australian-retail-diesel-prices/south-australian-state-average/
2026-01-04,4 Jan,2026,Diesel,SA,South Australian State Average,State Average,184.6,South Australian State Average,https://aip.com.au/pricing/diesel/south-australian-retail-diesel-prices/south-australian-state-average/
2026-01-11,11 Jan,2026,Diesel,SA,South Australian State Average,State Average,182.5,South Australian State Average,https://aip.com.au/pricing/diesel/south-australian-retail-diesel-prices/south-australian-state-average/
2026-01-18,18 Jan,2026,Diesel,SA,South Australian State Average,State Average,181.3,South Australian State Average,https://aip.com.au/pricing/diesel/south-australian-retail-diesel-prices/south-australian-state-average/
2026-01-25,25 Jan,2026,Diesel,SA,South Australian State Average,State Average,181.0,South Australian State Average,https://aip.com.au/pricing/diesel/south-australian-retail-diesel-prices/south-australian-state-average/
2026-02-01,1 Feb,2026,Diesel,SA,South Australian State Average,State Average,180.7,South Australian State Average,https://aip.com.au/pricing/diesel/south-australian-retail-diesel-prices/south-australian-state-average/
2026-02-08,8 Feb,2026,Diesel,SA,South Australian State Average,State Average,180.3,South Australian State Average,https://aip.com.au/pricing/diesel/south-australian-retail-diesel-prices/south-australian-state-average/
2026-02-15,15 Feb,2026,Diesel,SA,South Australian State Average,State Average,180.0,South Australian State Average,https://aip.com.au/pricing/diesel/south-australian-retail-diesel-prices/south-australian-state-average/
2026-02-22,22 Feb,2026,Diesel,SA,South Australian State Average,State Average,180.0,South Australian State Average,https://aip.com.au/pricing/diesel/south-australian-retail-diesel-prices/south-australian-state-average/
2026-03-01,1 Mar,2026,Diesel,SA,South Australian State Average,State Average,180.2,South Australian State Average,https://aip.com.au/pricing/diesel/south-australian-retail-diesel-prices/south-australian-state-average/
2026-03-08,8 Mar,2026,Diesel,SA,South Australian State Average,State Average,192.6,South Australian State Average,https://aip.com.au/pricing/diesel/south-australian-retail-diesel-prices/south-australian-state-average/
2026-03-15,15 Mar,2026,Diesel,SA,South Australian State Average,State Average,244.9,South Australian State Average,https://aip.com.au/pricing/diesel/south-australian-retail-diesel-prices/south-australian-state-average/
2026-03-22,22 Mar,2026,Diesel,SA,South Australian State Average,State Average,281.0,South Australian State Average,https://aip.com.au/pricing/diesel/south-australian-retail-diesel-prices/south-australian-state-average/
2026-03-29,29 Mar,2026,Diesel,SA,South Australian State Average,State Average,311.3,South Australian State Average,https://aip.com.au/pricing/diesel/south-australian-retail-diesel-prices/south-australian-state-average/
2026-04-05,5 Apr,2026,Diesel,SA,South Australian State Average,State Average,313.1,South Australian State Average,https://aip.com.au/pricing/diesel/south-australian-retail-diesel-prices/south-australian-state-average/
2026-04-12,12 Apr,2026,Diesel,SA,South Australian State Average,State Average,320.9,South Australian State Average,https://aip.com.au/pricing/diesel/south-australian-retail-diesel-prices/south-australian-state-average/
2026-04-19,19 Apr,2026,Diesel,SA,South Australian State Average,State Average,313.4,South Australian State Average,https://aip.com.au/pricing/diesel/south-australian-retail-diesel-prices/south-australian-state-average/
2026-04-26,26 Apr,2026,Diesel,SA,South Australian State Average,State Average,283.2,South Australian State Average,https://aip.com.au/pricing/diesel/south-australian-retail-diesel-prices/south-australian-state-average/
2026-05-03,3 May,2026,Diesel,SA,South Australian State Average,State Average,259.1,South Australian State Average,https://aip.com.au/pricing/diesel/south-australian-retail-diesel-prices/south-australian-state-average/
2026-05-10,10 May,2026,Diesel,SA,South Australian State Average,State Average,248.8,South Australian State Average,https://aip.com.au/pricing/diesel/south-australian-retail-diesel-prices/south-australian-state-average/
2026-05-17,17 May,2026,Diesel,SA,South Australian State Average,State Average,237.0,South Australian State Average,https://aip.com.au/pricing/diesel/south-australian-retail-diesel-prices/south-australian-state-average/
2026-05-24,24 May,2026,Diesel,SA,South Australian State Average,State Average,228.9,South Australian State Average,https://aip.com.au/pricing/diesel/south-australian-retail-diesel-prices/south-australian-state-average/
2026-05-31,31 May,2026,Diesel,SA,South Australian State Average,State Average,223.9,South Australian State Average,https://aip.com.au/pricing/diesel/south-australian-retail-diesel-prices/south-australian-state-average/
2026-06-07,7 Jun,2026,Diesel,SA,South Australian State Average,State Average,214.9,South Australian State Average,https://aip.com.au/pricing/diesel/south-australian-retail-diesel-prices/south-australian-state-average/
2026-06-14,14 Jun,2026,Diesel,SA,South Australian State Average,State Average,208.3,South Australian State Average,https://aip.com.au/pricing/diesel/south-australian-retail-diesel-prices/south-australian-state-average/
2026-06-21,21 Jun,2026,Diesel,SA,South Australian State Average,State Average,201.2,South Australian State Average,https://aip.com.au/pricing/diesel/south-australian-retail-diesel-prices/south-australian-state-average/
2026-06-28,28 Jun,2026,Diesel,SA,South Australian State Average,State Average,188.0,South Australian State Average,https://aip.com.au/pricing/diesel/south-australian-retail-diesel-prices/south-australian-state-average/
2026-07-05,5 Jul,2026,Diesel,SA,South Australian State Average,State Average,186.8,South Australian State Average,https://aip.com.au/pricing/diesel/south-australian-retail-diesel-prices/south-australian-state-average/
2026-07-12,12 Jul,2026,Diesel,SA,South Australian State Average,State Average,194.8,South Australian State Average,https://aip.com.au/pricing/diesel/south-australian-retail-diesel-prices/south-australian-state-average/
2026-07-19,19 Jul,2026,Diesel,SA,South Australian State Average,State Average,201.6,South Australian State Average,https://aip.com.au/pricing/diesel/south-australian-retail-diesel-prices/south-australian-state-average/
2026-07-26,26 Jul,2026,Diesel,SA,South Australian State Average,State Average,220.5,South Australian State Average,https://aip.com.au/pricing/diesel/south-australian-retail-diesel-prices/south-australian-state-average/
2026-08-02,2 Aug,2026,Diesel,SA,South Australian State Average,State Average,234.3,South Australian State Average,https://aip.com.au/pricing/diesel/south-australian-retail-diesel-prices/south-australian-state-average/
2026-08-09,9 Aug,2026,Diesel,SA,South Australian State Average,State Average,248.3,South Australian State Average,https://aip.com.au/pricing/diesel/south-australian-retail-diesel-prices/south-australian-state-average/
2026-08-16,16 Aug,2026,Diesel,SA,South Australian State Average,State Average,247.5,South Australian State Average,https://aip.com.au/pricing/diesel/south-australian-retail-diesel-prices/south-australian-state-average/
2025-08-24,24 Aug,2025,Diesel,TAS,Hobart,Capital City,184.9,Hobart,https://aip.com.au/pricing/diesel/tasmania-retail-diesel-prices/hobart/
2025-08-31,31 Aug,2025,Diesel,TAS,Hobart,Capital City,185.3,Hobart,https://aip.com.au/pricing/diesel/tasmania-retail-diesel-prices/hobart/
2025-09-07,7 Sep,2025,Diesel,TAS,Hobart,Capital City,185.7,Hobart,https://aip.com.au/pricing/diesel/tasmania-retail-diesel-prices/hobart/
2025-09-14,14 Sep,2025,Diesel,TAS,Hobart,Capital City,184.8,Hobart,https://aip.com.au/pricing/diesel/tasmania-retail-diesel-prices/hobart/
2025-09-21,21 Sep,2025,Diesel,TAS,Hobart,Capital City,184.7,Hobart,https://aip.com.au/pricing/diesel/tasmania-retail-diesel-prices/hobart/
2025-09-28,28 Sep,2025,Diesel,TAS,Hobart,Capital City,184.9,Hobart,https://aip.com.au/pricing/diesel/tasmania-retail-diesel-prices/hobart/
2025-10-05,5 Oct,2025,Diesel,TAS,Hobart,Capital City,185.6,Hobart,https://aip.com.au/pricing/diesel/tasmania-retail-diesel-prices/hobart/
2025-10-12,12 Oct,2025,Diesel,TAS,Hobart,Capital City,185.7,Hobart,https://aip.com.au/pricing/diesel/tasmania-retail-diesel-prices/hobart/
2025-10-19,19 Oct,2025,Diesel,TAS,Hobart,Capital City,185.0,Hobart,https://aip.com.au/pricing/diesel/tasmania-retail-diesel-prices/hobart/
2025-10-26,26 Oct,2025,Diesel,TAS,Hobart,Capital City,184.5,Hobart,https://aip.com.au/pricing/diesel/tasmania-retail-diesel-prices/hobart/
2025-11-02,2 Nov,2025,Diesel,TAS,Hobart,Capital City,185.8,Hobart,https://aip.com.au/pricing/diesel/tasmania-retail-diesel-prices/hobart/
2025-11-09,9 Nov,2025,Diesel,TAS,Hobart,Capital City,187.2,Hobart,https://aip.com.au/pricing/diesel/tasmania-retail-diesel-prices/hobart/
2025-11-16,16 Nov,2025,Diesel,TAS,Hobart,Capital City,188.5,Hobart,https://aip.com.au/pricing/diesel/tasmania-retail-diesel-prices/hobart/
2025-11-23,23 Nov,2025,Diesel,TAS,Hobart,Capital City,191.3,Hobart,https://aip.com.au/pricing/diesel/tasmania-retail-diesel-prices/hobart/
2025-11-30,30 Nov,2025,Diesel,TAS,Hobart,Capital City,193.9,Hobart,https://aip.com.au/pricing/diesel/tasmania-retail-diesel-prices/hobart/
2025-12-07,7 Dec,2025,Diesel,TAS,Hobart,Capital City,194.9,Hobart,https://aip.com.au/pricing/diesel/tasmania-retail-diesel-prices/hobart/
2025-12-14,14 Dec,2025,Diesel,TAS,Hobart,Capital City,194.5,Hobart,https://aip.com.au/pricing/diesel/tasmania-retail-diesel-prices/hobart/
2025-12-21,21 Dec,2025,Diesel,TAS,Hobart,Capital City,193.0,Hobart,https://aip.com.au/pricing/diesel/tasmania-retail-diesel-prices/hobart/
2025-12-28,28 Dec,2025,Diesel,TAS,Hobart,Capital City,191.4,Hobart,https://aip.com.au/pricing/diesel/tasmania-retail-diesel-prices/hobart/
2026-01-04,4 Jan,2026,Diesel,TAS,Hobart,Capital City,190.0,Hobart,https://aip.com.au/pricing/diesel/tasmania-retail-diesel-prices/hobart/
2026-01-11,11 Jan,2026,Diesel,TAS,Hobart,Capital City,188.5,Hobart,https://aip.com.au/pricing/diesel/tasmania-retail-diesel-prices/hobart/
2026-01-18,18 Jan,2026,Diesel,TAS,Hobart,Capital City,187.4,Hobart,https://aip.com.au/pricing/diesel/tasmania-retail-diesel-prices/hobart/
2026-01-25,25 Jan,2026,Diesel,TAS,Hobart,Capital City,186.1,Hobart,https://aip.com.au/pricing/diesel/tasmania-retail-diesel-prices/hobart/
2026-02-01,1 Feb,2026,Diesel,TAS,Hobart,Capital City,185.6,Hobart,https://aip.com.au/pricing/diesel/tasmania-retail-diesel-prices/hobart/
2026-02-08,8 Feb,2026,Diesel,TAS,Hobart,Capital City,185.3,Hobart,https://aip.com.au/pricing/diesel/tasmania-retail-diesel-prices/hobart/
2026-02-15,15 Feb,2026,Diesel,TAS,Hobart,Capital City,184.1,Hobart,https://aip.com.au/pricing/diesel/tasmania-retail-diesel-prices/hobart/
2026-02-22,22 Feb,2026,Diesel,TAS,Hobart,Capital City,182.1,Hobart,https://aip.com.au/pricing/diesel/tasmania-retail-diesel-prices/hobart/
2026-03-01,1 Mar,2026,Diesel,TAS,Hobart,Capital City,183.2,Hobart,https://aip.com.au/pricing/diesel/tasmania-retail-diesel-prices/hobart/
2026-03-08,8 Mar,2026,Diesel,TAS,Hobart,Capital City,198.6,Hobart,https://aip.com.au/pricing/diesel/tasmania-retail-diesel-prices/hobart/
2026-03-15,15 Mar,2026,Diesel,TAS,Hobart,Capital City,245.3,Hobart,https://aip.com.au/pricing/diesel/tasmania-retail-diesel-prices/hobart/
2026-03-22,22 Mar,2026,Diesel,TAS,Hobart,Capital City,279.9,Hobart,https://aip.com.au/pricing/diesel/tasmania-retail-diesel-prices/hobart/
2026-03-29,29 Mar,2026,Diesel,TAS,Hobart,Capital City,307.8,Hobart,https://aip.com.au/pricing/diesel/tasmania-retail-diesel-prices/hobart/
2026-04-05,5 Apr,2026,Diesel,TAS,Hobart,Capital City,306.1,Hobart,https://aip.com.au/pricing/diesel/tasmania-retail-diesel-prices/hobart/
2026-04-12,12 Apr,2026,Diesel,TAS,Hobart,Capital City,316.6,Hobart,https://aip.com.au/pricing/diesel/tasmania-retail-diesel-prices/hobart/
2026-04-19,19 Apr,2026,Diesel,TAS,Hobart,Capital City,302.1,Hobart,https://aip.com.au/pricing/diesel/tasmania-retail-diesel-prices/hobart/
2026-04-26,26 Apr,2026,Diesel,TAS,Hobart,Capital City,266.8,Hobart,https://aip.com.au/pricing/diesel/tasmania-retail-diesel-prices/hobart/
2026-05-03,3 May,2026,Diesel,TAS,Hobart,Capital City,251.5,Hobart,https://aip.com.au/pricing/diesel/tasmania-retail-diesel-prices/hobart/
2026-05-10,10 May,2026,Diesel,TAS,Hobart,Capital City,247.2,Hobart,https://aip.com.au/pricing/diesel/tasmania-retail-diesel-prices/hobart/
2026-05-17,17 May,2026,Diesel,TAS,Hobart,Capital City,236.2,Hobart,https://aip.com.au/pricing/diesel/tasmania-retail-diesel-prices/hobart/
2026-05-24,24 May,2026,Diesel,TAS,Hobart,Capital City,230.4,Hobart,https://aip.com.au/pricing/diesel/tasmania-retail-diesel-prices/hobart/
2026-05-31,31 May,2026,Diesel,TAS,Hobart,Capital City,226.5,Hobart,https://aip.com.au/pricing/diesel/tasmania-retail-diesel-prices/hobart/
2026-06-07,7 Jun,2026,Diesel,TAS,Hobart,Capital City,219.4,Hobart,https://aip.com.au/pricing/diesel/tasmania-retail-diesel-prices/hobart/
2026-06-14,14 Jun,2026,Diesel,TAS,Hobart,Capital City,215.0,Hobart,https://aip.com.au/pricing/diesel/tasmania-retail-diesel-prices/hobart/
2026-06-21,21 Jun,2026,Diesel,TAS,Hobart,Capital City,205.6,Hobart,https://aip.com.au/pricing/diesel/tasmania-retail-diesel-prices/hobart/
2026-06-28,28 Jun,2026,Diesel,TAS,Hobart,Capital City,192.6,Hobart,https://aip.com.au/pricing/diesel/tasmania-retail-diesel-prices/hobart/
2026-07-05,5 Jul,2026,Diesel,TAS,Hobart,Capital City,195.9,Hobart,https://aip.com.au/pricing/diesel/tasmania-retail-diesel-prices/hobart/
2026-07-12,12 Jul,2026,Diesel,TAS,Hobart,Capital City,199.1,Hobart,https://aip.com.au/pricing/diesel/tasmania-retail-diesel-prices/hobart/
2026-07-19,19 Jul,2026,Diesel,TAS,Hobart,Capital City,204.2,Hobart,https://aip.com.au/pricing/diesel/tasmania-retail-diesel-prices/hobart/
2026-07-26,26 Jul,2026,Diesel,TAS,Hobart,Capital City,221.4,Hobart,https://aip.com.au/pricing/diesel/tasmania-retail-diesel-prices/hobart/
2026-08-02,2 Aug,2026,Diesel,TAS,Hobart,Capital City,237.6,Hobart,https://aip.com.au/pricing/diesel/tasmania-retail-diesel-prices/hobart/
2026-08-09,9 Aug,2026,Diesel,TAS,Hobart,Capital City,251.9,Hobart,https://aip.com.au/pricing/diesel/tasmania-retail-diesel-prices/hobart/
2026-08-16,16 Aug,2026,Diesel,TAS,Hobart,Capital City,248.9,Hobart,https://aip.com.au/pricing/diesel/tasmania-retail-diesel-prices/hobart/
2025-08-24,24 Aug,2025,Diesel,TAS,Tasmanian Regional Average,State Regional Average,185.2,Tasmanian Regional Average,https://aip.com.au/pricing/diesel/tasmania-retail-diesel-prices/tasmanian-regional-average/
2025-08-31,31 Aug,2025,Diesel,TAS,Tasmanian Regional Average,State Regional Average,185.3,Tasmanian Regional Average,https://aip.com.au/pricing/diesel/tasmania-retail-diesel-prices/tasmanian-regional-average/
2025-09-07,7 Sep,2025,Diesel,TAS,Tasmanian Regional Average,State Regional Average,185.2,Tasmanian Regional Average,https://aip.com.au/pricing/diesel/tasmania-retail-diesel-prices/tasmanian-regional-average/
2025-09-14,14 Sep,2025,Diesel,TAS,Tasmanian Regional Average,State Regional Average,184.8,Tasmanian Regional Average,https://aip.com.au/pricing/diesel/tasmania-retail-diesel-prices/tasmanian-regional-average/
2025-09-21,21 Sep,2025,Diesel,TAS,Tasmanian Regional Average,State Regional Average,184.8,Tasmanian Regional Average,https://aip.com.au/pricing/diesel/tasmania-retail-diesel-prices/tasmanian-regional-average/
2025-09-28,28 Sep,2025,Diesel,TAS,Tasmanian Regional Average,State Regional Average,184.9,Tasmanian Regional Average,https://aip.com.au/pricing/diesel/tasmania-retail-diesel-prices/tasmanian-regional-average/
2025-10-05,5 Oct,2025,Diesel,TAS,Tasmanian Regional Average,State Regional Average,184.9,Tasmanian Regional Average,https://aip.com.au/pricing/diesel/tasmania-retail-diesel-prices/tasmanian-regional-average/
2025-10-12,12 Oct,2025,Diesel,TAS,Tasmanian Regional Average,State Regional Average,185.1,Tasmanian Regional Average,https://aip.com.au/pricing/diesel/tasmania-retail-diesel-prices/tasmanian-regional-average/
2025-10-19,19 Oct,2025,Diesel,TAS,Tasmanian Regional Average,State Regional Average,184.5,Tasmanian Regional Average,https://aip.com.au/pricing/diesel/tasmania-retail-diesel-prices/tasmanian-regional-average/
2025-10-26,26 Oct,2025,Diesel,TAS,Tasmanian Regional Average,State Regional Average,184.0,Tasmanian Regional Average,https://aip.com.au/pricing/diesel/tasmania-retail-diesel-prices/tasmanian-regional-average/
2025-11-02,2 Nov,2025,Diesel,TAS,Tasmanian Regional Average,State Regional Average,184.6,Tasmanian Regional Average,https://aip.com.au/pricing/diesel/tasmania-retail-diesel-prices/tasmanian-regional-average/
2025-11-09,9 Nov,2025,Diesel,TAS,Tasmanian Regional Average,State Regional Average,186.4,Tasmanian Regional Average,https://aip.com.au/pricing/diesel/tasmania-retail-diesel-prices/tasmanian-regional-average/
2025-11-16,16 Nov,2025,Diesel,TAS,Tasmanian Regional Average,State Regional Average,188.0,Tasmanian Regional Average,https://aip.com.au/pricing/diesel/tasmania-retail-diesel-prices/tasmanian-regional-average/
2025-11-23,23 Nov,2025,Diesel,TAS,Tasmanian Regional Average,State Regional Average,190.7,Tasmanian Regional Average,https://aip.com.au/pricing/diesel/tasmania-retail-diesel-prices/tasmanian-regional-average/
2025-11-30,30 Nov,2025,Diesel,TAS,Tasmanian Regional Average,State Regional Average,192.7,Tasmanian Regional Average,https://aip.com.au/pricing/diesel/tasmania-retail-diesel-prices/tasmanian-regional-average/
2025-12-07,7 Dec,2025,Diesel,TAS,Tasmanian Regional Average,State Regional Average,192.7,Tasmanian Regional Average,https://aip.com.au/pricing/diesel/tasmania-retail-diesel-prices/tasmanian-regional-average/
2025-12-14,14 Dec,2025,Diesel,TAS,Tasmanian Regional Average,State Regional Average,191.8,Tasmanian Regional Average,https://aip.com.au/pricing/diesel/tasmania-retail-diesel-prices/tasmanian-regional-average/
2025-12-21,21 Dec,2025,Diesel,TAS,Tasmanian Regional Average,State Regional Average,190.4,Tasmanian Regional Average,https://aip.com.au/pricing/diesel/tasmania-retail-diesel-prices/tasmanian-regional-average/
2025-12-28,28 Dec,2025,Diesel,TAS,Tasmanian Regional Average,State Regional Average,189.4,Tasmanian Regional Average,https://aip.com.au/pricing/diesel/tasmania-retail-diesel-prices/tasmanian-regional-average/
2026-01-04,4 Jan,2026,Diesel,TAS,Tasmanian Regional Average,State Regional Average,188.5,Tasmanian Regional Average,https://aip.com.au/pricing/diesel/tasmania-retail-diesel-prices/tasmanian-regional-average/
2026-01-11,11 Jan,2026,Diesel,TAS,Tasmanian Regional Average,State Regional Average,186.8,Tasmanian Regional Average,https://aip.com.au/pricing/diesel/tasmania-retail-diesel-prices/tasmanian-regional-average/
2026-01-18,18 Jan,2026,Diesel,TAS,Tasmanian Regional Average,State Regional Average,185.2,Tasmanian Regional Average,https://aip.com.au/pricing/diesel/tasmania-retail-diesel-prices/tasmanian-regional-average/
2026-01-25,25 Jan,2026,Diesel,TAS,Tasmanian Regional Average,State Regional Average,184.0,Tasmanian Regional Average,https://aip.com.au/pricing/diesel/tasmania-retail-diesel-prices/tasmanian-regional-average/
2026-02-01,1 Feb,2026,Diesel,TAS,Tasmanian Regional Average,State Regional Average,183.5,Tasmanian Regional Average,https://aip.com.au/pricing/diesel/tasmania-retail-diesel-prices/tasmanian-regional-average/
2026-02-08,8 Feb,2026,Diesel,TAS,Tasmanian Regional Average,State Regional Average,183.2,Tasmanian Regional Average,https://aip.com.au/pricing/diesel/tasmania-retail-diesel-prices/tasmanian-regional-average/
2026-02-15,15 Feb,2026,Diesel,TAS,Tasmanian Regional Average,State Regional Average,182.1,Tasmanian Regional Average,https://aip.com.au/pricing/diesel/tasmania-retail-diesel-prices/tasmanian-regional-average/
2026-02-22,22 Feb,2026,Diesel,TAS,Tasmanian Regional Average,State Regional Average,181.6,Tasmanian Regional Average,https://aip.com.au/pricing/diesel/tasmania-retail-diesel-prices/tasmanian-regional-average/
2026-03-01,1 Mar,2026,Diesel,TAS,Tasmanian Regional Average,State Regional Average,182.0,Tasmanian Regional Average,https://aip.com.au/pricing/diesel/tasmania-retail-diesel-prices/tasmanian-regional-average/
2026-03-08,8 Mar,2026,Diesel,TAS,Tasmanian Regional Average,State Regional Average,196.3,Tasmanian Regional Average,https://aip.com.au/pricing/diesel/tasmania-retail-diesel-prices/tasmanian-regional-average/
2026-03-15,15 Mar,2026,Diesel,TAS,Tasmanian Regional Average,State Regional Average,243.9,Tasmanian Regional Average,https://aip.com.au/pricing/diesel/tasmania-retail-diesel-prices/tasmanian-regional-average/
2026-03-22,22 Mar,2026,Diesel,TAS,Tasmanian Regional Average,State Regional Average,281.2,Tasmanian Regional Average,https://aip.com.au/pricing/diesel/tasmania-retail-diesel-prices/tasmanian-regional-average/
2026-03-29,29 Mar,2026,Diesel,TAS,Tasmanian Regional Average,State Regional Average,311.8,Tasmanian Regional Average,https://aip.com.au/pricing/diesel/tasmania-retail-diesel-prices/tasmanian-regional-average/
2026-04-05,5 Apr,2026,Diesel,TAS,Tasmanian Regional Average,State Regional Average,311.5,Tasmanian Regional Average,https://aip.com.au/pricing/diesel/tasmania-retail-diesel-prices/tasmanian-regional-average/
2026-04-12,12 Apr,2026,Diesel,TAS,Tasmanian Regional Average,State Regional Average,321.8,Tasmanian Regional Average,https://aip.com.au/pricing/diesel/tasmania-retail-diesel-prices/tasmanian-regional-average/
2026-04-19,19 Apr,2026,Diesel,TAS,Tasmanian Regional Average,State Regional Average,308.7,Tasmanian Regional Average,https://aip.com.au/pricing/diesel/tasmania-retail-diesel-prices/tasmanian-regional-average/
2026-04-26,26 Apr,2026,Diesel,TAS,Tasmanian Regional Average,State Regional Average,273.1,Tasmanian Regional Average,https://aip.com.au/pricing/diesel/tasmania-retail-diesel-prices/tasmanian-regional-average/
2026-05-03,3 May,2026,Diesel,TAS,Tasmanian Regional Average,State Regional Average,257.1,Tasmanian Regional Average,https://aip.com.au/pricing/diesel/tasmania-retail-diesel-prices/tasmanian-regional-average/
2026-05-10,10 May,2026,Diesel,TAS,Tasmanian Regional Average,State Regional Average,251.6,Tasmanian Regional Average,https://aip.com.au/pricing/diesel/tasmania-retail-diesel-prices/tasmanian-regional-average/
2026-05-17,17 May,2026,Diesel,TAS,Tasmanian Regional Average,State Regional Average,238.6,Tasmanian Regional Average,https://aip.com.au/pricing/diesel/tasmania-retail-diesel-prices/tasmanian-regional-average/
2026-05-24,24 May,2026,Diesel,TAS,Tasmanian Regional Average,State Regional Average,230.3,Tasmanian Regional Average,https://aip.com.au/pricing/diesel/tasmania-retail-diesel-prices/tasmanian-regional-average/
2026-05-31,31 May,2026,Diesel,TAS,Tasmanian Regional Average,State Regional Average,226.9,Tasmanian Regional Average,https://aip.com.au/pricing/diesel/tasmania-retail-diesel-prices/tasmanian-regional-average/
2026-06-07,7 Jun,2026,Diesel,TAS,Tasmanian Regional Average,State Regional Average,219.9,Tasmanian Regional Average,https://aip.com.au/pricing/diesel/tasmania-retail-diesel-prices/tasmanian-regional-average/
2026-06-14,14 Jun,2026,Diesel,TAS,Tasmanian Regional Average,State Regional Average,213.6,Tasmanian Regional Average,https://aip.com.au/pricing/diesel/tasmania-retail-diesel-prices/tasmanian-regional-average/
2026-06-21,21 Jun,2026,Diesel,TAS,Tasmanian Regional Average,State Regional Average,206.9,Tasmanian Regional Average,https://aip.com.au/pricing/diesel/tasmania-retail-diesel-prices/tasmanian-regional-average/
2026-06-28,28 Jun,2026,Diesel,TAS,Tasmanian Regional Average,State Regional Average,195.1,Tasmanian Regional Average,https://aip.com.au/pricing/diesel/tasmania-retail-diesel-prices/tasmanian-regional-average/
2026-07-05,5 Jul,2026,Diesel,TAS,Tasmanian Regional Average,State Regional Average,193.1,Tasmanian Regional Average,https://aip.com.au/pricing/diesel/tasmania-retail-diesel-prices/tasmanian-regional-average/
2026-07-12,12 Jul,2026,Diesel,TAS,Tasmanian Regional Average,State Regional Average,197.0,Tasmanian Regional Average,https://aip.com.au/pricing/diesel/tasmania-retail-diesel-prices/tasmanian-regional-average/
2026-07-19,19 Jul,2026,Diesel,TAS,Tasmanian Regional Average,State Regional Average,203.1,Tasmanian Regional Average,https://aip.com.au/pricing/diesel/tasmania-retail-diesel-prices/tasmanian-regional-average/
2026-07-26,26 Jul,2026,Diesel,TAS,Tasmanian Regional Average,State Regional Average,219.2,Tasmanian Regional Average,https://aip.com.au/pricing/diesel/tasmania-retail-diesel-prices/tasmanian-regional-average/
2026-08-02,2 Aug,2026,Diesel,TAS,Tasmanian Regional Average,State Regional Average,236.0,Tasmanian Regional Average,https://aip.com.au/pricing/diesel/tasmania-retail-diesel-prices/tasmanian-regional-average/
2026-08-09,9 Aug,2026,Diesel,TAS,Tasmanian Regional Average,State Regional Average,250.2,Tasmanian Regional Average,https://aip.com.au/pricing/diesel/tasmania-retail-diesel-prices/tasmanian-regional-average/
2026-08-16,16 Aug,2026,Diesel,TAS,Tasmanian Regional Average,State Regional Average,249.9,Tasmanian Regional Average,https://aip.com.au/pricing/diesel/tasmania-retail-diesel-prices/tasmanian-regional-average/
2025-08-24,24 Aug,2025,Diesel,TAS,Tasmanian State Average,State Average,185.1,Tasmanian State Average,https://aip.com.au/pricing/diesel/tasmania-retail-diesel-prices/tasmanian-state-average/
2025-08-31,31 Aug,2025,Diesel,TAS,Tasmanian State Average,State Average,185.3,Tasmanian State Average,https://aip.com.au/pricing/diesel/tasmania-retail-diesel-prices/tasmanian-state-average/
2025-09-07,7 Sep,2025,Diesel,TAS,Tasmanian State Average,State Average,185.4,Tasmanian State Average,https://aip.com.au/pricing/diesel/tasmania-retail-diesel-prices/tasmanian-state-average/
2025-09-14,14 Sep,2025,Diesel,TAS,Tasmanian State Average,State Average,184.8,Tasmanian State Average,https://aip.com.au/pricing/diesel/tasmania-retail-diesel-prices/tasmanian-state-average/
2025-09-21,21 Sep,2025,Diesel,TAS,Tasmanian State Average,State Average,184.8,Tasmanian State Average,https://aip.com.au/pricing/diesel/tasmania-retail-diesel-prices/tasmanian-state-average/
2025-09-28,28 Sep,2025,Diesel,TAS,Tasmanian State Average,State Average,184.9,Tasmanian State Average,https://aip.com.au/pricing/diesel/tasmania-retail-diesel-prices/tasmanian-state-average/
2025-10-05,5 Oct,2025,Diesel,TAS,Tasmanian State Average,State Average,185.1,Tasmanian State Average,https://aip.com.au/pricing/diesel/tasmania-retail-diesel-prices/tasmanian-state-average/
2025-10-12,12 Oct,2025,Diesel,TAS,Tasmanian State Average,State Average,185.3,Tasmanian State Average,https://aip.com.au/pricing/diesel/tasmania-retail-diesel-prices/tasmanian-state-average/
2025-10-19,19 Oct,2025,Diesel,TAS,Tasmanian State Average,State Average,184.7,Tasmanian State Average,https://aip.com.au/pricing/diesel/tasmania-retail-diesel-prices/tasmanian-state-average/
2025-10-26,26 Oct,2025,Diesel,TAS,Tasmanian State Average,State Average,184.2,Tasmanian State Average,https://aip.com.au/pricing/diesel/tasmania-retail-diesel-prices/tasmanian-state-average/
2025-11-02,2 Nov,2025,Diesel,TAS,Tasmanian State Average,State Average,185.0,Tasmanian State Average,https://aip.com.au/pricing/diesel/tasmania-retail-diesel-prices/tasmanian-state-average/
2025-11-09,9 Nov,2025,Diesel,TAS,Tasmanian State Average,State Average,186.6,Tasmanian State Average,https://aip.com.au/pricing/diesel/tasmania-retail-diesel-prices/tasmanian-state-average/
2025-11-16,16 Nov,2025,Diesel,TAS,Tasmanian State Average,State Average,188.2,Tasmanian State Average,https://aip.com.au/pricing/diesel/tasmania-retail-diesel-prices/tasmanian-state-average/
2025-11-23,23 Nov,2025,Diesel,TAS,Tasmanian State Average,State Average,190.9,Tasmanian State Average,https://aip.com.au/pricing/diesel/tasmania-retail-diesel-prices/tasmanian-state-average/
2025-11-30,30 Nov,2025,Diesel,TAS,Tasmanian State Average,State Average,193.1,Tasmanian State Average,https://aip.com.au/pricing/diesel/tasmania-retail-diesel-prices/tasmanian-state-average/
2025-12-07,7 Dec,2025,Diesel,TAS,Tasmanian State Average,State Average,193.4,Tasmanian State Average,https://aip.com.au/pricing/diesel/tasmania-retail-diesel-prices/tasmanian-state-average/
2025-12-14,14 Dec,2025,Diesel,TAS,Tasmanian State Average,State Average,192.7,Tasmanian State Average,https://aip.com.au/pricing/diesel/tasmania-retail-diesel-prices/tasmanian-state-average/
2025-12-21,21 Dec,2025,Diesel,TAS,Tasmanian State Average,State Average,191.3,Tasmanian State Average,https://aip.com.au/pricing/diesel/tasmania-retail-diesel-prices/tasmanian-state-average/
2025-12-28,28 Dec,2025,Diesel,TAS,Tasmanian State Average,State Average,190.0,Tasmanian State Average,https://aip.com.au/pricing/diesel/tasmania-retail-diesel-prices/tasmanian-state-average/
2026-01-04,4 Jan,2026,Diesel,TAS,Tasmanian State Average,State Average,189.0,Tasmanian State Average,https://aip.com.au/pricing/diesel/tasmania-retail-diesel-prices/tasmanian-state-average/
2026-01-11,11 Jan,2026,Diesel,TAS,Tasmanian State Average,State Average,187.4,Tasmanian State Average,https://aip.com.au/pricing/diesel/tasmania-retail-diesel-prices/tasmanian-state-average/
2026-01-18,18 Jan,2026,Diesel,TAS,Tasmanian State Average,State Average,185.9,Tasmanian State Average,https://aip.com.au/pricing/diesel/tasmania-retail-diesel-prices/tasmanian-state-average/
2026-01-25,25 Jan,2026,Diesel,TAS,Tasmanian State Average,State Average,184.7,Tasmanian State Average,https://aip.com.au/pricing/diesel/tasmania-retail-diesel-prices/tasmanian-state-average/
2026-02-01,1 Feb,2026,Diesel,TAS,Tasmanian State Average,State Average,184.1,Tasmanian State Average,https://aip.com.au/pricing/diesel/tasmania-retail-diesel-prices/tasmanian-state-average/
2026-02-08,8 Feb,2026,Diesel,TAS,Tasmanian State Average,State Average,183.9,Tasmanian State Average,https://aip.com.au/pricing/diesel/tasmania-retail-diesel-prices/tasmanian-state-average/
2026-02-15,15 Feb,2026,Diesel,TAS,Tasmanian State Average,State Average,182.8,Tasmanian State Average,https://aip.com.au/pricing/diesel/tasmania-retail-diesel-prices/tasmanian-state-average/
2026-02-22,22 Feb,2026,Diesel,TAS,Tasmanian State Average,State Average,181.8,Tasmanian State Average,https://aip.com.au/pricing/diesel/tasmania-retail-diesel-prices/tasmanian-state-average/
2026-03-01,1 Mar,2026,Diesel,TAS,Tasmanian State Average,State Average,182.4,Tasmanian State Average,https://aip.com.au/pricing/diesel/tasmania-retail-diesel-prices/tasmanian-state-average/
2026-03-08,8 Mar,2026,Diesel,TAS,Tasmanian State Average,State Average,197.0,Tasmanian State Average,https://aip.com.au/pricing/diesel/tasmania-retail-diesel-prices/tasmanian-state-average/
2026-03-15,15 Mar,2026,Diesel,TAS,Tasmanian State Average,State Average,244.4,Tasmanian State Average,https://aip.com.au/pricing/diesel/tasmania-retail-diesel-prices/tasmanian-state-average/
2026-03-22,22 Mar,2026,Diesel,TAS,Tasmanian State Average,State Average,280.8,Tasmanian State Average,https://aip.com.au/pricing/diesel/tasmania-retail-diesel-prices/tasmanian-state-average/
2026-03-29,29 Mar,2026,Diesel,TAS,Tasmanian State Average,State Average,310.5,Tasmanian State Average,https://aip.com.au/pricing/diesel/tasmania-retail-diesel-prices/tasmanian-state-average/
2026-04-05,5 Apr,2026,Diesel,TAS,Tasmanian State Average,State Average,309.7,Tasmanian State Average,https://aip.com.au/pricing/diesel/tasmania-retail-diesel-prices/tasmanian-state-average/
2026-04-12,12 Apr,2026,Diesel,TAS,Tasmanian State Average,State Average,320.1,Tasmanian State Average,https://aip.com.au/pricing/diesel/tasmania-retail-diesel-prices/tasmanian-state-average/
2026-04-19,19 Apr,2026,Diesel,TAS,Tasmanian State Average,State Average,306.6,Tasmanian State Average,https://aip.com.au/pricing/diesel/tasmania-retail-diesel-prices/tasmanian-state-average/
2026-04-26,26 Apr,2026,Diesel,TAS,Tasmanian State Average,State Average,271.0,Tasmanian State Average,https://aip.com.au/pricing/diesel/tasmania-retail-diesel-prices/tasmanian-state-average/
2026-05-03,3 May,2026,Diesel,TAS,Tasmanian State Average,State Average,255.3,Tasmanian State Average,https://aip.com.au/pricing/diesel/tasmania-retail-diesel-prices/tasmanian-state-average/
2026-05-10,10 May,2026,Diesel,TAS,Tasmanian State Average,State Average,250.2,Tasmanian State Average,https://aip.com.au/pricing/diesel/tasmania-retail-diesel-prices/tasmanian-state-average/
2026-05-17,17 May,2026,Diesel,TAS,Tasmanian State Average,State Average,237.8,Tasmanian State Average,https://aip.com.au/pricing/diesel/tasmania-retail-diesel-prices/tasmanian-state-average/
2026-05-24,24 May,2026,Diesel,TAS,Tasmanian State Average,State Average,230.3,Tasmanian State Average,https://aip.com.au/pricing/diesel/tasmania-retail-diesel-prices/tasmanian-state-average/
2026-05-31,31 May,2026,Diesel,TAS,Tasmanian State Average,State Average,226.8,Tasmanian State Average,https://aip.com.au/pricing/diesel/tasmania-retail-diesel-prices/tasmanian-state-average/
2026-06-07,7 Jun,2026,Diesel,TAS,Tasmanian State Average,State Average,219.7,Tasmanian State Average,https://aip.com.au/pricing/diesel/tasmania-retail-diesel-prices/tasmanian-state-average/
2026-06-14,14 Jun,2026,Diesel,TAS,Tasmanian State Average,State Average,214.1,Tasmanian State Average,https://aip.com.au/pricing/diesel/tasmania-retail-diesel-prices/tasmanian-state-average/
2026-06-21,21 Jun,2026,Diesel,TAS,Tasmanian State Average,State Average,206.5,Tasmanian State Average,https://aip.com.au/pricing/diesel/tasmania-retail-diesel-prices/tasmanian-state-average/
2026-06-28,28 Jun,2026,Diesel,TAS,Tasmanian State Average,State Average,194.3,Tasmanian State Average,https://aip.com.au/pricing/diesel/tasmania-retail-diesel-prices/tasmanian-state-average/
2026-07-05,5 Jul,2026,Diesel,TAS,Tasmanian State Average,State Average,194.0,Tasmanian State Average,https://aip.com.au/pricing/diesel/tasmania-retail-diesel-prices/tasmanian-state-average/
2026-07-12,12 Jul,2026,Diesel,TAS,Tasmanian State Average,State Average,197.7,Tasmanian State Average,https://aip.com.au/pricing/diesel/tasmania-retail-diesel-prices/tasmanian-state-average/
2026-07-19,19 Jul,2026,Diesel,TAS,Tasmanian State Average,State Average,203.5,Tasmanian State Average,https://aip.com.au/pricing/diesel/tasmania-retail-diesel-prices/tasmanian-state-average/
2026-07-26,26 Jul,2026,Diesel,TAS,Tasmanian State Average,State Average,220.0,Tasmanian State Average,https://aip.com.au/pricing/diesel/tasmania-retail-diesel-prices/tasmanian-state-average/
2026-08-02,2 Aug,2026,Diesel,TAS,Tasmanian State Average,State Average,236.5,Tasmanian State Average,https://aip.com.au/pricing/diesel/tasmania-retail-diesel-prices/tasmanian-state-average/
2026-08-09,9 Aug,2026,Diesel,TAS,Tasmanian State Average,State Average,250.8,Tasmanian State Average,https://aip.com.au/pricing/diesel/tasmania-retail-diesel-prices/tasmanian-state-average/
2026-08-16,16 Aug,2026,Diesel,TAS,Tasmanian State Average,State Average,249.6,Tasmanian State Average,https://aip.com.au/pricing/diesel/tasmania-retail-diesel-prices/tasmanian-state-average/
2025-08-24,24 Aug,2025,Diesel,VIC,Melbourne,Capital City,185.3,Melbourne,https://aip.com.au/pricing/diesel/victorian-retail-diesel-prices/melbourne/
2025-08-31,31 Aug,2025,Diesel,VIC,Melbourne,Capital City,185.3,Melbourne,https://aip.com.au/pricing/diesel/victorian-retail-diesel-prices/melbourne/
2025-09-07,7 Sep,2025,Diesel,VIC,Melbourne,Capital City,185.7,Melbourne,https://aip.com.au/pricing/diesel/victorian-retail-diesel-prices/melbourne/
2025-09-14,14 Sep,2025,Diesel,VIC,Melbourne,Capital City,186.3,Melbourne,https://aip.com.au/pricing/diesel/victorian-retail-diesel-prices/melbourne/
2025-09-21,21 Sep,2025,Diesel,VIC,Melbourne,Capital City,186.6,Melbourne,https://aip.com.au/pricing/diesel/victorian-retail-diesel-prices/melbourne/
2025-09-28,28 Sep,2025,Diesel,VIC,Melbourne,Capital City,187.2,Melbourne,https://aip.com.au/pricing/diesel/victorian-retail-diesel-prices/melbourne/
2025-10-05,5 Oct,2025,Diesel,VIC,Melbourne,Capital City,186.4,Melbourne,https://aip.com.au/pricing/diesel/victorian-retail-diesel-prices/melbourne/
2025-10-12,12 Oct,2025,Diesel,VIC,Melbourne,Capital City,187.5,Melbourne,https://aip.com.au/pricing/diesel/victorian-retail-diesel-prices/melbourne/
2025-10-19,19 Oct,2025,Diesel,VIC,Melbourne,Capital City,185.4,Melbourne,https://aip.com.au/pricing/diesel/victorian-retail-diesel-prices/melbourne/
2025-10-26,26 Oct,2025,Diesel,VIC,Melbourne,Capital City,185.1,Melbourne,https://aip.com.au/pricing/diesel/victorian-retail-diesel-prices/melbourne/
2025-11-02,2 Nov,2025,Diesel,VIC,Melbourne,Capital City,186.5,Melbourne,https://aip.com.au/pricing/diesel/victorian-retail-diesel-prices/melbourne/
2025-11-09,9 Nov,2025,Diesel,VIC,Melbourne,Capital City,187.0,Melbourne,https://aip.com.au/pricing/diesel/victorian-retail-diesel-prices/melbourne/
2025-11-16,16 Nov,2025,Diesel,VIC,Melbourne,Capital City,190.5,Melbourne,https://aip.com.au/pricing/diesel/victorian-retail-diesel-prices/melbourne/
2025-11-23,23 Nov,2025,Diesel,VIC,Melbourne,Capital City,193.2,Melbourne,https://aip.com.au/pricing/diesel/victorian-retail-diesel-prices/melbourne/
2025-11-30,30 Nov,2025,Diesel,VIC,Melbourne,Capital City,194.1,Melbourne,https://aip.com.au/pricing/diesel/victorian-retail-diesel-prices/melbourne/
2025-12-07,7 Dec,2025,Diesel,VIC,Melbourne,Capital City,194.0,Melbourne,https://aip.com.au/pricing/diesel/victorian-retail-diesel-prices/melbourne/
2025-12-14,14 Dec,2025,Diesel,VIC,Melbourne,Capital City,193.6,Melbourne,https://aip.com.au/pricing/diesel/victorian-retail-diesel-prices/melbourne/
2025-12-21,21 Dec,2025,Diesel,VIC,Melbourne,Capital City,192.1,Melbourne,https://aip.com.au/pricing/diesel/victorian-retail-diesel-prices/melbourne/
2025-12-28,28 Dec,2025,Diesel,VIC,Melbourne,Capital City,189.5,Melbourne,https://aip.com.au/pricing/diesel/victorian-retail-diesel-prices/melbourne/
2026-01-04,4 Jan,2026,Diesel,VIC,Melbourne,Capital City,188.3,Melbourne,https://aip.com.au/pricing/diesel/victorian-retail-diesel-prices/melbourne/
2026-01-11,11 Jan,2026,Diesel,VIC,Melbourne,Capital City,186.5,Melbourne,https://aip.com.au/pricing/diesel/victorian-retail-diesel-prices/melbourne/
2026-01-18,18 Jan,2026,Diesel,VIC,Melbourne,Capital City,185.6,Melbourne,https://aip.com.au/pricing/diesel/victorian-retail-diesel-prices/melbourne/
2026-01-25,25 Jan,2026,Diesel,VIC,Melbourne,Capital City,184.1,Melbourne,https://aip.com.au/pricing/diesel/victorian-retail-diesel-prices/melbourne/
2026-02-01,1 Feb,2026,Diesel,VIC,Melbourne,Capital City,182.9,Melbourne,https://aip.com.au/pricing/diesel/victorian-retail-diesel-prices/melbourne/
2026-02-08,8 Feb,2026,Diesel,VIC,Melbourne,Capital City,181.6,Melbourne,https://aip.com.au/pricing/diesel/victorian-retail-diesel-prices/melbourne/
2026-02-15,15 Feb,2026,Diesel,VIC,Melbourne,Capital City,179.8,Melbourne,https://aip.com.au/pricing/diesel/victorian-retail-diesel-prices/melbourne/
2026-02-22,22 Feb,2026,Diesel,VIC,Melbourne,Capital City,179.2,Melbourne,https://aip.com.au/pricing/diesel/victorian-retail-diesel-prices/melbourne/
2026-03-01,1 Mar,2026,Diesel,VIC,Melbourne,Capital City,180.3,Melbourne,https://aip.com.au/pricing/diesel/victorian-retail-diesel-prices/melbourne/
2026-03-08,8 Mar,2026,Diesel,VIC,Melbourne,Capital City,195.3,Melbourne,https://aip.com.au/pricing/diesel/victorian-retail-diesel-prices/melbourne/
2026-03-15,15 Mar,2026,Diesel,VIC,Melbourne,Capital City,244.1,Melbourne,https://aip.com.au/pricing/diesel/victorian-retail-diesel-prices/melbourne/
2026-03-22,22 Mar,2026,Diesel,VIC,Melbourne,Capital City,282.1,Melbourne,https://aip.com.au/pricing/diesel/victorian-retail-diesel-prices/melbourne/
2026-03-29,29 Mar,2026,Diesel,VIC,Melbourne,Capital City,309.0,Melbourne,https://aip.com.au/pricing/diesel/victorian-retail-diesel-prices/melbourne/
2026-04-05,5 Apr,2026,Diesel,VIC,Melbourne,Capital City,311.8,Melbourne,https://aip.com.au/pricing/diesel/victorian-retail-diesel-prices/melbourne/
2026-04-12,12 Apr,2026,Diesel,VIC,Melbourne,Capital City,317.9,Melbourne,https://aip.com.au/pricing/diesel/victorian-retail-diesel-prices/melbourne/
2026-04-19,19 Apr,2026,Diesel,VIC,Melbourne,Capital City,306.1,Melbourne,https://aip.com.au/pricing/diesel/victorian-retail-diesel-prices/melbourne/
2026-04-26,26 Apr,2026,Diesel,VIC,Melbourne,Capital City,274.1,Melbourne,https://aip.com.au/pricing/diesel/victorian-retail-diesel-prices/melbourne/
2026-05-03,3 May,2026,Diesel,VIC,Melbourne,Capital City,253.0,Melbourne,https://aip.com.au/pricing/diesel/victorian-retail-diesel-prices/melbourne/
2026-05-10,10 May,2026,Diesel,VIC,Melbourne,Capital City,247.1,Melbourne,https://aip.com.au/pricing/diesel/victorian-retail-diesel-prices/melbourne/
2026-05-17,17 May,2026,Diesel,VIC,Melbourne,Capital City,239.1,Melbourne,https://aip.com.au/pricing/diesel/victorian-retail-diesel-prices/melbourne/
2026-05-24,24 May,2026,Diesel,VIC,Melbourne,Capital City,232.7,Melbourne,https://aip.com.au/pricing/diesel/victorian-retail-diesel-prices/melbourne/
2026-05-31,31 May,2026,Diesel,VIC,Melbourne,Capital City,225.5,Melbourne,https://aip.com.au/pricing/diesel/victorian-retail-diesel-prices/melbourne/
2026-06-07,7 Jun,2026,Diesel,VIC,Melbourne,Capital City,213.3,Melbourne,https://aip.com.au/pricing/diesel/victorian-retail-diesel-prices/melbourne/
2026-06-14,14 Jun,2026,Diesel,VIC,Melbourne,Capital City,206.3,Melbourne,https://aip.com.au/pricing/diesel/victorian-retail-diesel-prices/melbourne/
2026-06-21,21 Jun,2026,Diesel,VIC,Melbourne,Capital City,195.4,Melbourne,https://aip.com.au/pricing/diesel/victorian-retail-diesel-prices/melbourne/
2026-06-28,28 Jun,2026,Diesel,VIC,Melbourne,Capital City,180.9,Melbourne,https://aip.com.au/pricing/diesel/victorian-retail-diesel-prices/melbourne/
2026-07-05,5 Jul,2026,Diesel,VIC,Melbourne,Capital City,181.8,Melbourne,https://aip.com.au/pricing/diesel/victorian-retail-diesel-prices/melbourne/
2026-07-12,12 Jul,2026,Diesel,VIC,Melbourne,Capital City,187.7,Melbourne,https://aip.com.au/pricing/diesel/victorian-retail-diesel-prices/melbourne/
2026-07-19,19 Jul,2026,Diesel,VIC,Melbourne,Capital City,199.2,Melbourne,https://aip.com.au/pricing/diesel/victorian-retail-diesel-prices/melbourne/
2026-07-26,26 Jul,2026,Diesel,VIC,Melbourne,Capital City,220.5,Melbourne,https://aip.com.au/pricing/diesel/victorian-retail-diesel-prices/melbourne/
2026-08-02,2 Aug,2026,Diesel,VIC,Melbourne,Capital City,237.0,Melbourne,https://aip.com.au/pricing/diesel/victorian-retail-diesel-prices/melbourne/
2026-08-09,9 Aug,2026,Diesel,VIC,Melbourne,Capital City,250.6,Melbourne,https://aip.com.au/pricing/diesel/victorian-retail-diesel-prices/melbourne/
2026-08-16,16 Aug,2026,Diesel,VIC,Melbourne,Capital City,244.9,Melbourne,https://aip.com.au/pricing/diesel/victorian-retail-diesel-prices/melbourne/
2025-08-24,24 Aug,2025,Diesel,VIC,Victorian Regional Average,State Regional Average,190.2,Victorian Regional Average,https://aip.com.au/pricing/diesel/victorian-retail-diesel-prices/victorian-regional-average/
2025-08-31,31 Aug,2025,Diesel,VIC,Victorian Regional Average,State Regional Average,190.2,Victorian Regional Average,https://aip.com.au/pricing/diesel/victorian-retail-diesel-prices/victorian-regional-average/
2025-09-07,7 Sep,2025,Diesel,VIC,Victorian Regional Average,State Regional Average,190.8,Victorian Regional Average,https://aip.com.au/pricing/diesel/victorian-retail-diesel-prices/victorian-regional-average/
2025-09-14,14 Sep,2025,Diesel,VIC,Victorian Regional Average,State Regional Average,191.2,Victorian Regional Average,https://aip.com.au/pricing/diesel/victorian-retail-diesel-prices/victorian-regional-average/
2025-09-21,21 Sep,2025,Diesel,VIC,Victorian Regional Average,State Regional Average,191.2,Victorian Regional Average,https://aip.com.au/pricing/diesel/victorian-retail-diesel-prices/victorian-regional-average/
2025-09-28,28 Sep,2025,Diesel,VIC,Victorian Regional Average,State Regional Average,191.1,Victorian Regional Average,https://aip.com.au/pricing/diesel/victorian-retail-diesel-prices/victorian-regional-average/
2025-10-05,5 Oct,2025,Diesel,VIC,Victorian Regional Average,State Regional Average,191.0,Victorian Regional Average,https://aip.com.au/pricing/diesel/victorian-retail-diesel-prices/victorian-regional-average/
2025-10-12,12 Oct,2025,Diesel,VIC,Victorian Regional Average,State Regional Average,191.0,Victorian Regional Average,https://aip.com.au/pricing/diesel/victorian-retail-diesel-prices/victorian-regional-average/
2025-10-19,19 Oct,2025,Diesel,VIC,Victorian Regional Average,State Regional Average,187.2,Victorian Regional Average,https://aip.com.au/pricing/diesel/victorian-retail-diesel-prices/victorian-regional-average/
2025-10-26,26 Oct,2025,Diesel,VIC,Victorian Regional Average,State Regional Average,183.4,Victorian Regional Average,https://aip.com.au/pricing/diesel/victorian-retail-diesel-prices/victorian-regional-average/
2025-11-02,2 Nov,2025,Diesel,VIC,Victorian Regional Average,State Regional Average,183.9,Victorian Regional Average,https://aip.com.au/pricing/diesel/victorian-retail-diesel-prices/victorian-regional-average/
2025-11-09,9 Nov,2025,Diesel,VIC,Victorian Regional Average,State Regional Average,184.5,Victorian Regional Average,https://aip.com.au/pricing/diesel/victorian-retail-diesel-prices/victorian-regional-average/
2025-11-16,16 Nov,2025,Diesel,VIC,Victorian Regional Average,State Regional Average,186.0,Victorian Regional Average,https://aip.com.au/pricing/diesel/victorian-retail-diesel-prices/victorian-regional-average/
2025-11-23,23 Nov,2025,Diesel,VIC,Victorian Regional Average,State Regional Average,188.0,Victorian Regional Average,https://aip.com.au/pricing/diesel/victorian-retail-diesel-prices/victorian-regional-average/
2025-11-30,30 Nov,2025,Diesel,VIC,Victorian Regional Average,State Regional Average,189.3,Victorian Regional Average,https://aip.com.au/pricing/diesel/victorian-retail-diesel-prices/victorian-regional-average/
2025-12-07,7 Dec,2025,Diesel,VIC,Victorian Regional Average,State Regional Average,189.1,Victorian Regional Average,https://aip.com.au/pricing/diesel/victorian-retail-diesel-prices/victorian-regional-average/
2025-12-14,14 Dec,2025,Diesel,VIC,Victorian Regional Average,State Regional Average,188.6,Victorian Regional Average,https://aip.com.au/pricing/diesel/victorian-retail-diesel-prices/victorian-regional-average/
2025-12-21,21 Dec,2025,Diesel,VIC,Victorian Regional Average,State Regional Average,187.6,Victorian Regional Average,https://aip.com.au/pricing/diesel/victorian-retail-diesel-prices/victorian-regional-average/
2025-12-28,28 Dec,2025,Diesel,VIC,Victorian Regional Average,State Regional Average,185.6,Victorian Regional Average,https://aip.com.au/pricing/diesel/victorian-retail-diesel-prices/victorian-regional-average/
2026-01-04,4 Jan,2026,Diesel,VIC,Victorian Regional Average,State Regional Average,185.0,Victorian Regional Average,https://aip.com.au/pricing/diesel/victorian-retail-diesel-prices/victorian-regional-average/
2026-01-11,11 Jan,2026,Diesel,VIC,Victorian Regional Average,State Regional Average,184.0,Victorian Regional Average,https://aip.com.au/pricing/diesel/victorian-retail-diesel-prices/victorian-regional-average/
2026-01-18,18 Jan,2026,Diesel,VIC,Victorian Regional Average,State Regional Average,182.6,Victorian Regional Average,https://aip.com.au/pricing/diesel/victorian-retail-diesel-prices/victorian-regional-average/
2026-01-25,25 Jan,2026,Diesel,VIC,Victorian Regional Average,State Regional Average,181.8,Victorian Regional Average,https://aip.com.au/pricing/diesel/victorian-retail-diesel-prices/victorian-regional-average/
2026-02-01,1 Feb,2026,Diesel,VIC,Victorian Regional Average,State Regional Average,181.1,Victorian Regional Average,https://aip.com.au/pricing/diesel/victorian-retail-diesel-prices/victorian-regional-average/
2026-02-08,8 Feb,2026,Diesel,VIC,Victorian Regional Average,State Regional Average,180.6,Victorian Regional Average,https://aip.com.au/pricing/diesel/victorian-retail-diesel-prices/victorian-regional-average/
2026-02-15,15 Feb,2026,Diesel,VIC,Victorian Regional Average,State Regional Average,180.3,Victorian Regional Average,https://aip.com.au/pricing/diesel/victorian-retail-diesel-prices/victorian-regional-average/
2026-02-22,22 Feb,2026,Diesel,VIC,Victorian Regional Average,State Regional Average,179.4,Victorian Regional Average,https://aip.com.au/pricing/diesel/victorian-retail-diesel-prices/victorian-regional-average/
2026-03-01,1 Mar,2026,Diesel,VIC,Victorian Regional Average,State Regional Average,179.8,Victorian Regional Average,https://aip.com.au/pricing/diesel/victorian-retail-diesel-prices/victorian-regional-average/
2026-03-08,8 Mar,2026,Diesel,VIC,Victorian Regional Average,State Regional Average,193.1,Victorian Regional Average,https://aip.com.au/pricing/diesel/victorian-retail-diesel-prices/victorian-regional-average/
2026-03-15,15 Mar,2026,Diesel,VIC,Victorian Regional Average,State Regional Average,242.6,Victorian Regional Average,https://aip.com.au/pricing/diesel/victorian-retail-diesel-prices/victorian-regional-average/
2026-03-22,22 Mar,2026,Diesel,VIC,Victorian Regional Average,State Regional Average,283.0,Victorian Regional Average,https://aip.com.au/pricing/diesel/victorian-retail-diesel-prices/victorian-regional-average/
2026-03-29,29 Mar,2026,Diesel,VIC,Victorian Regional Average,State Regional Average,308.7,Victorian Regional Average,https://aip.com.au/pricing/diesel/victorian-retail-diesel-prices/victorian-regional-average/
2026-04-05,5 Apr,2026,Diesel,VIC,Victorian Regional Average,State Regional Average,313.0,Victorian Regional Average,https://aip.com.au/pricing/diesel/victorian-retail-diesel-prices/victorian-regional-average/
2026-04-12,12 Apr,2026,Diesel,VIC,Victorian Regional Average,State Regional Average,319.1,Victorian Regional Average,https://aip.com.au/pricing/diesel/victorian-retail-diesel-prices/victorian-regional-average/
2026-04-19,19 Apr,2026,Diesel,VIC,Victorian Regional Average,State Regional Average,309.4,Victorian Regional Average,https://aip.com.au/pricing/diesel/victorian-retail-diesel-prices/victorian-regional-average/
2026-04-26,26 Apr,2026,Diesel,VIC,Victorian Regional Average,State Regional Average,279.4,Victorian Regional Average,https://aip.com.au/pricing/diesel/victorian-retail-diesel-prices/victorian-regional-average/
2026-05-03,3 May,2026,Diesel,VIC,Victorian Regional Average,State Regional Average,258.8,Victorian Regional Average,https://aip.com.au/pricing/diesel/victorian-retail-diesel-prices/victorian-regional-average/
2026-05-10,10 May,2026,Diesel,VIC,Victorian Regional Average,State Regional Average,251.4,Victorian Regional Average,https://aip.com.au/pricing/diesel/victorian-retail-diesel-prices/victorian-regional-average/
2026-05-17,17 May,2026,Diesel,VIC,Victorian Regional Average,State Regional Average,240.9,Victorian Regional Average,https://aip.com.au/pricing/diesel/victorian-retail-diesel-prices/victorian-regional-average/
2026-05-24,24 May,2026,Diesel,VIC,Victorian Regional Average,State Regional Average,234.8,Victorian Regional Average,https://aip.com.au/pricing/diesel/victorian-retail-diesel-prices/victorian-regional-average/
2026-05-31,31 May,2026,Diesel,VIC,Victorian Regional Average,State Regional Average,228.9,Victorian Regional Average,https://aip.com.au/pricing/diesel/victorian-retail-diesel-prices/victorian-regional-average/
2026-06-07,7 Jun,2026,Diesel,VIC,Victorian Regional Average,State Regional Average,217.3,Victorian Regional Average,https://aip.com.au/pricing/diesel/victorian-retail-diesel-prices/victorian-regional-average/
2026-06-14,14 Jun,2026,Diesel,VIC,Victorian Regional Average,State Regional Average,209.6,Victorian Regional Average,https://aip.com.au/pricing/diesel/victorian-retail-diesel-prices/victorian-regional-average/
2026-06-21,21 Jun,2026,Diesel,VIC,Victorian Regional Average,State Regional Average,199.7,Victorian Regional Average,https://aip.com.au/pricing/diesel/victorian-retail-diesel-prices/victorian-regional-average/
2026-06-28,28 Jun,2026,Diesel,VIC,Victorian Regional Average,State Regional Average,185.4,Victorian Regional Average,https://aip.com.au/pricing/diesel/victorian-retail-diesel-prices/victorian-regional-average/
2026-07-05,5 Jul,2026,Diesel,VIC,Victorian Regional Average,State Regional Average,185.2,Victorian Regional Average,https://aip.com.au/pricing/diesel/victorian-retail-diesel-prices/victorian-regional-average/
2026-07-12,12 Jul,2026,Diesel,VIC,Victorian Regional Average,State Regional Average,190.8,Victorian Regional Average,https://aip.com.au/pricing/diesel/victorian-retail-diesel-prices/victorian-regional-average/
2026-07-19,19 Jul,2026,Diesel,VIC,Victorian Regional Average,State Regional Average,199.3,Victorian Regional Average,https://aip.com.au/pricing/diesel/victorian-retail-diesel-prices/victorian-regional-average/
2026-07-26,26 Jul,2026,Diesel,VIC,Victorian Regional Average,State Regional Average,219.2,Victorian Regional Average,https://aip.com.au/pricing/diesel/victorian-retail-diesel-prices/victorian-regional-average/
2026-08-02,2 Aug,2026,Diesel,VIC,Victorian Regional Average,State Regional Average,235.5,Victorian Regional Average,https://aip.com.au/pricing/diesel/victorian-retail-diesel-prices/victorian-regional-average/
2026-08-09,9 Aug,2026,Diesel,VIC,Victorian Regional Average,State Regional Average,249.7,Victorian Regional Average,https://aip.com.au/pricing/diesel/victorian-retail-diesel-prices/victorian-regional-average/
2026-08-16,16 Aug,2026,Diesel,VIC,Victorian Regional Average,State Regional Average,248.1,Victorian Regional Average,https://aip.com.au/pricing/diesel/victorian-retail-diesel-prices/victorian-regional-average/
2025-08-24,24 Aug,2025,Diesel,VIC,Victorian State Average,State Average,187.5,Victorian State Average,https://aip.com.au/pricing/diesel/victorian-retail-diesel-prices/victorian-state-average/
2025-08-31,31 Aug,2025,Diesel,VIC,Victorian State Average,State Average,187.5,Victorian State Average,https://aip.com.au/pricing/diesel/victorian-retail-diesel-prices/victorian-state-average/
2025-09-07,7 Sep,2025,Diesel,VIC,Victorian State Average,State Average,188.0,Victorian State Average,https://aip.com.au/pricing/diesel/victorian-retail-diesel-prices/victorian-state-average/
2025-09-14,14 Sep,2025,Diesel,VIC,Victorian State Average,State Average,188.5,Victorian State Average,https://aip.com.au/pricing/diesel/victorian-retail-diesel-prices/victorian-state-average/
2025-09-21,21 Sep,2025,Diesel,VIC,Victorian State Average,State Average,188.6,Victorian State Average,https://aip.com.au/pricing/diesel/victorian-retail-diesel-prices/victorian-state-average/
2025-09-28,28 Sep,2025,Diesel,VIC,Victorian State Average,State Average,189.0,Victorian State Average,https://aip.com.au/pricing/diesel/victorian-retail-diesel-prices/victorian-state-average/
2025-10-05,5 Oct,2025,Diesel,VIC,Victorian State Average,State Average,188.4,Victorian State Average,https://aip.com.au/pricing/diesel/victorian-retail-diesel-prices/victorian-state-average/
2025-10-12,12 Oct,2025,Diesel,VIC,Victorian State Average,State Average,189.0,Victorian State Average,https://aip.com.au/pricing/diesel/victorian-retail-diesel-prices/victorian-state-average/
2025-10-19,19 Oct,2025,Diesel,VIC,Victorian State Average,State Average,186.2,Victorian State Average,https://aip.com.au/pricing/diesel/victorian-retail-diesel-prices/victorian-state-average/
2025-10-26,26 Oct,2025,Diesel,VIC,Victorian State Average,State Average,184.3,Victorian State Average,https://aip.com.au/pricing/diesel/victorian-retail-diesel-prices/victorian-state-average/
2025-11-02,2 Nov,2025,Diesel,VIC,Victorian State Average,State Average,185.3,Victorian State Average,https://aip.com.au/pricing/diesel/victorian-retail-diesel-prices/victorian-state-average/
2025-11-09,9 Nov,2025,Diesel,VIC,Victorian State Average,State Average,185.9,Victorian State Average,https://aip.com.au/pricing/diesel/victorian-retail-diesel-prices/victorian-state-average/
2025-11-16,16 Nov,2025,Diesel,VIC,Victorian State Average,State Average,188.5,Victorian State Average,https://aip.com.au/pricing/diesel/victorian-retail-diesel-prices/victorian-state-average/
2025-11-23,23 Nov,2025,Diesel,VIC,Victorian State Average,State Average,190.9,Victorian State Average,https://aip.com.au/pricing/diesel/victorian-retail-diesel-prices/victorian-state-average/
2025-11-30,30 Nov,2025,Diesel,VIC,Victorian State Average,State Average,192.0,Victorian State Average,https://aip.com.au/pricing/diesel/victorian-retail-diesel-prices/victorian-state-average/
2025-12-07,7 Dec,2025,Diesel,VIC,Victorian State Average,State Average,191.8,Victorian State Average,https://aip.com.au/pricing/diesel/victorian-retail-diesel-prices/victorian-state-average/
2025-12-14,14 Dec,2025,Diesel,VIC,Victorian State Average,State Average,191.4,Victorian State Average,https://aip.com.au/pricing/diesel/victorian-retail-diesel-prices/victorian-state-average/
2025-12-21,21 Dec,2025,Diesel,VIC,Victorian State Average,State Average,190.1,Victorian State Average,https://aip.com.au/pricing/diesel/victorian-retail-diesel-prices/victorian-state-average/
2025-12-28,28 Dec,2025,Diesel,VIC,Victorian State Average,State Average,187.8,Victorian State Average,https://aip.com.au/pricing/diesel/victorian-retail-diesel-prices/victorian-state-average/
2026-01-04,4 Jan,2026,Diesel,VIC,Victorian State Average,State Average,186.8,Victorian State Average,https://aip.com.au/pricing/diesel/victorian-retail-diesel-prices/victorian-state-average/
2026-01-11,11 Jan,2026,Diesel,VIC,Victorian State Average,State Average,185.4,Victorian State Average,https://aip.com.au/pricing/diesel/victorian-retail-diesel-prices/victorian-state-average/
2026-01-18,18 Jan,2026,Diesel,VIC,Victorian State Average,State Average,184.3,Victorian State Average,https://aip.com.au/pricing/diesel/victorian-retail-diesel-prices/victorian-state-average/
2026-01-25,25 Jan,2026,Diesel,VIC,Victorian State Average,State Average,183.1,Victorian State Average,https://aip.com.au/pricing/diesel/victorian-retail-diesel-prices/victorian-state-average/
2026-02-01,1 Feb,2026,Diesel,VIC,Victorian State Average,State Average,182.1,Victorian State Average,https://aip.com.au/pricing/diesel/victorian-retail-diesel-prices/victorian-state-average/
2026-02-08,8 Feb,2026,Diesel,VIC,Victorian State Average,State Average,181.2,Victorian State Average,https://aip.com.au/pricing/diesel/victorian-retail-diesel-prices/victorian-state-average/
2026-02-15,15 Feb,2026,Diesel,VIC,Victorian State Average,State Average,180.0,Victorian State Average,https://aip.com.au/pricing/diesel/victorian-retail-diesel-prices/victorian-state-average/
2026-02-22,22 Feb,2026,Diesel,VIC,Victorian State Average,State Average,179.3,Victorian State Average,https://aip.com.au/pricing/diesel/victorian-retail-diesel-prices/victorian-state-average/
2026-03-01,1 Mar,2026,Diesel,VIC,Victorian State Average,State Average,180.1,Victorian State Average,https://aip.com.au/pricing/diesel/victorian-retail-diesel-prices/victorian-state-average/
2026-03-08,8 Mar,2026,Diesel,VIC,Victorian State Average,State Average,194.3,Victorian State Average,https://aip.com.au/pricing/diesel/victorian-retail-diesel-prices/victorian-state-average/
2026-03-15,15 Mar,2026,Diesel,VIC,Victorian State Average,State Average,243.4,Victorian State Average,https://aip.com.au/pricing/diesel/victorian-retail-diesel-prices/victorian-state-average/
2026-03-22,22 Mar,2026,Diesel,VIC,Victorian State Average,State Average,282.5,Victorian State Average,https://aip.com.au/pricing/diesel/victorian-retail-diesel-prices/victorian-state-average/
2026-03-29,29 Mar,2026,Diesel,VIC,Victorian State Average,State Average,308.9,Victorian State Average,https://aip.com.au/pricing/diesel/victorian-retail-diesel-prices/victorian-state-average/
2026-04-05,5 Apr,2026,Diesel,VIC,Victorian State Average,State Average,312.4,Victorian State Average,https://aip.com.au/pricing/diesel/victorian-retail-diesel-prices/victorian-state-average/
2026-04-12,12 Apr,2026,Diesel,VIC,Victorian State Average,State Average,318.5,Victorian State Average,https://aip.com.au/pricing/diesel/victorian-retail-diesel-prices/victorian-state-average/
2026-04-19,19 Apr,2026,Diesel,VIC,Victorian State Average,State Average,307.6,Victorian State Average,https://aip.com.au/pricing/diesel/victorian-retail-diesel-prices/victorian-state-average/
2026-04-26,26 Apr,2026,Diesel,VIC,Victorian State Average,State Average,276.5,Victorian State Average,https://aip.com.au/pricing/diesel/victorian-retail-diesel-prices/victorian-state-average/
2026-05-03,3 May,2026,Diesel,VIC,Victorian State Average,State Average,255.6,Victorian State Average,https://aip.com.au/pricing/diesel/victorian-retail-diesel-prices/victorian-state-average/
2026-05-10,10 May,2026,Diesel,VIC,Victorian State Average,State Average,249.0,Victorian State Average,https://aip.com.au/pricing/diesel/victorian-retail-diesel-prices/victorian-state-average/
2026-05-17,17 May,2026,Diesel,VIC,Victorian State Average,State Average,239.9,Victorian State Average,https://aip.com.au/pricing/diesel/victorian-retail-diesel-prices/victorian-state-average/
2026-05-24,24 May,2026,Diesel,VIC,Victorian State Average,State Average,233.6,Victorian State Average,https://aip.com.au/pricing/diesel/victorian-retail-diesel-prices/victorian-state-average/
2026-05-31,31 May,2026,Diesel,VIC,Victorian State Average,State Average,227.0,Victorian State Average,https://aip.com.au/pricing/diesel/victorian-retail-diesel-prices/victorian-state-average/
2026-06-07,7 Jun,2026,Diesel,VIC,Victorian State Average,State Average,215.1,Victorian State Average,https://aip.com.au/pricing/diesel/victorian-retail-diesel-prices/victorian-state-average/
2026-06-14,14 Jun,2026,Diesel,VIC,Victorian State Average,State Average,207.7,Victorian State Average,https://aip.com.au/pricing/diesel/victorian-retail-diesel-prices/victorian-state-average/
2026-06-21,21 Jun,2026,Diesel,VIC,Victorian State Average,State Average,197.3,Victorian State Average,https://aip.com.au/pricing/diesel/victorian-retail-diesel-prices/victorian-state-average/
2026-06-28,28 Jun,2026,Diesel,VIC,Victorian State Average,State Average,182.9,Victorian State Average,https://aip.com.au/pricing/diesel/victorian-retail-diesel-prices/victorian-state-average/
2026-07-05,5 Jul,2026,Diesel,VIC,Victorian State Average,State Average,183.3,Victorian State Average,https://aip.com.au/pricing/diesel/victorian-retail-diesel-prices/victorian-state-average/
2026-07-12,12 Jul,2026,Diesel,VIC,Victorian State Average,State Average,189.1,Victorian State Average,https://aip.com.au/pricing/diesel/victorian-retail-diesel-prices/victorian-state-average/
2026-07-19,19 Jul,2026,Diesel,VIC,Victorian State Average,State Average,199.3,Victorian State Average,https://aip.com.au/pricing/diesel/victorian-retail-diesel-prices/victorian-state-average/
2026-07-26,26 Jul,2026,Diesel,VIC,Victorian State Average,State Average,219.9,Victorian State Average,https://aip.com.au/pricing/diesel/victorian-retail-diesel-prices/victorian-state-average/
2026-08-02,2 Aug,2026,Diesel,VIC,Victorian State Average,State Average,236.3,Victorian State Average,https://aip.com.au/pricing/diesel/victorian-retail-diesel-prices/victorian-state-average/
2026-08-09,9 Aug,2026,Diesel,VIC,Victorian State Average,State Average,250.2,Victorian State Average,https://aip.com.au/pricing/diesel/victorian-retail-diesel-prices/victorian-state-average/
2026-08-16,16 Aug,2026,Diesel,VIC,Victorian State Average,State Average,246.3,Victorian State Average,https://aip.com.au/pricing/diesel/victorian-retail-diesel-prices/victorian-state-average/
2025-08-24,24 Aug,2025,Diesel,WA,Perth,Capital City,179.6,Perth,https://aip.com.au/pricing/diesel/western-australia-retail-diesel-prices/perth/
2025-08-31,31 Aug,2025,Diesel,WA,Perth,Capital City,179.7,Perth,https://aip.com.au/pricing/diesel/western-australia-retail-diesel-prices/perth/
2025-09-07,7 Sep,2025,Diesel,WA,Perth,Capital City,179.9,Perth,https://aip.com.au/pricing/diesel/western-australia-retail-diesel-prices/perth/
2025-09-14,14 Sep,2025,Diesel,WA,Perth,Capital City,179.9,Perth,https://aip.com.au/pricing/diesel/western-australia-retail-diesel-prices/perth/
2025-09-21,21 Sep,2025,Diesel,WA,Perth,Capital City,179.8,Perth,https://aip.com.au/pricing/diesel/western-australia-retail-diesel-prices/perth/
2025-09-28,28 Sep,2025,Diesel,WA,Perth,Capital City,179.9,Perth,https://aip.com.au/pricing/diesel/western-australia-retail-diesel-prices/perth/
2025-10-05,5 Oct,2025,Diesel,WA,Perth,Capital City,179.9,Perth,https://aip.com.au/pricing/diesel/western-australia-retail-diesel-prices/perth/
2025-10-12,12 Oct,2025,Diesel,WA,Perth,Capital City,179.3,Perth,https://aip.com.au/pricing/diesel/western-australia-retail-diesel-prices/perth/
2025-10-19,19 Oct,2025,Diesel,WA,Perth,Capital City,178.7,Perth,https://aip.com.au/pricing/diesel/western-australia-retail-diesel-prices/perth/
2025-10-26,26 Oct,2025,Diesel,WA,Perth,Capital City,178.4,Perth,https://aip.com.au/pricing/diesel/western-australia-retail-diesel-prices/perth/
2025-11-02,2 Nov,2025,Diesel,WA,Perth,Capital City,179.9,Perth,https://aip.com.au/pricing/diesel/western-australia-retail-diesel-prices/perth/
2025-11-09,9 Nov,2025,Diesel,WA,Perth,Capital City,181.9,Perth,https://aip.com.au/pricing/diesel/western-australia-retail-diesel-prices/perth/
2025-11-16,16 Nov,2025,Diesel,WA,Perth,Capital City,184.6,Perth,https://aip.com.au/pricing/diesel/western-australia-retail-diesel-prices/perth/
2025-11-23,23 Nov,2025,Diesel,WA,Perth,Capital City,187.0,Perth,https://aip.com.au/pricing/diesel/western-australia-retail-diesel-prices/perth/
2025-11-30,30 Nov,2025,Diesel,WA,Perth,Capital City,188.0,Perth,https://aip.com.au/pricing/diesel/western-australia-retail-diesel-prices/perth/
2025-12-07,7 Dec,2025,Diesel,WA,Perth,Capital City,187.0,Perth,https://aip.com.au/pricing/diesel/western-australia-retail-diesel-prices/perth/
2025-12-14,14 Dec,2025,Diesel,WA,Perth,Capital City,185.6,Perth,https://aip.com.au/pricing/diesel/western-australia-retail-diesel-prices/perth/
2025-12-21,21 Dec,2025,Diesel,WA,Perth,Capital City,183.9,Perth,https://aip.com.au/pricing/diesel/western-australia-retail-diesel-prices/perth/
2025-12-28,28 Dec,2025,Diesel,WA,Perth,Capital City,182.2,Perth,https://aip.com.au/pricing/diesel/western-australia-retail-diesel-prices/perth/
2026-01-04,4 Jan,2026,Diesel,WA,Perth,Capital City,181.4,Perth,https://aip.com.au/pricing/diesel/western-australia-retail-diesel-prices/perth/
2026-01-11,11 Jan,2026,Diesel,WA,Perth,Capital City,179.4,Perth,https://aip.com.au/pricing/diesel/western-australia-retail-diesel-prices/perth/
2026-01-18,18 Jan,2026,Diesel,WA,Perth,Capital City,178.1,Perth,https://aip.com.au/pricing/diesel/western-australia-retail-diesel-prices/perth/
2026-01-25,25 Jan,2026,Diesel,WA,Perth,Capital City,176.8,Perth,https://aip.com.au/pricing/diesel/western-australia-retail-diesel-prices/perth/
2026-02-01,1 Feb,2026,Diesel,WA,Perth,Capital City,176.2,Perth,https://aip.com.au/pricing/diesel/western-australia-retail-diesel-prices/perth/
2026-02-08,8 Feb,2026,Diesel,WA,Perth,Capital City,176.2,Perth,https://aip.com.au/pricing/diesel/western-australia-retail-diesel-prices/perth/
2026-02-15,15 Feb,2026,Diesel,WA,Perth,Capital City,176.1,Perth,https://aip.com.au/pricing/diesel/western-australia-retail-diesel-prices/perth/
2026-02-22,22 Feb,2026,Diesel,WA,Perth,Capital City,175.8,Perth,https://aip.com.au/pricing/diesel/western-australia-retail-diesel-prices/perth/
2026-03-01,1 Mar,2026,Diesel,WA,Perth,Capital City,176.7,Perth,https://aip.com.au/pricing/diesel/western-australia-retail-diesel-prices/perth/
2026-03-08,8 Mar,2026,Diesel,WA,Perth,Capital City,190.5,Perth,https://aip.com.au/pricing/diesel/western-australia-retail-diesel-prices/perth/
2026-03-15,15 Mar,2026,Diesel,WA,Perth,Capital City,244.3,Perth,https://aip.com.au/pricing/diesel/western-australia-retail-diesel-prices/perth/
2026-03-22,22 Mar,2026,Diesel,WA,Perth,Capital City,279.2,Perth,https://aip.com.au/pricing/diesel/western-australia-retail-diesel-prices/perth/
2026-03-29,29 Mar,2026,Diesel,WA,Perth,Capital City,305.4,Perth,https://aip.com.au/pricing/diesel/western-australia-retail-diesel-prices/perth/
2026-04-05,5 Apr,2026,Diesel,WA,Perth,Capital City,309.0,Perth,https://aip.com.au/pricing/diesel/western-australia-retail-diesel-prices/perth/
2026-04-12,12 Apr,2026,Diesel,WA,Perth,Capital City,315.4,Perth,https://aip.com.au/pricing/diesel/western-australia-retail-diesel-prices/perth/
2026-04-19,19 Apr,2026,Diesel,WA,Perth,Capital City,301.3,Perth,https://aip.com.au/pricing/diesel/western-australia-retail-diesel-prices/perth/
2026-04-26,26 Apr,2026,Diesel,WA,Perth,Capital City,263.3,Perth,https://aip.com.au/pricing/diesel/western-australia-retail-diesel-prices/perth/
2026-05-03,3 May,2026,Diesel,WA,Perth,Capital City,243.1,Perth,https://aip.com.au/pricing/diesel/western-australia-retail-diesel-prices/perth/
2026-05-10,10 May,2026,Diesel,WA,Perth,Capital City,236.2,Perth,https://aip.com.au/pricing/diesel/western-australia-retail-diesel-prices/perth/
2026-05-17,17 May,2026,Diesel,WA,Perth,Capital City,222.9,Perth,https://aip.com.au/pricing/diesel/western-australia-retail-diesel-prices/perth/
2026-05-24,24 May,2026,Diesel,WA,Perth,Capital City,217.3,Perth,https://aip.com.au/pricing/diesel/western-australia-retail-diesel-prices/perth/
2026-05-31,31 May,2026,Diesel,WA,Perth,Capital City,211.6,Perth,https://aip.com.au/pricing/diesel/western-australia-retail-diesel-prices/perth/
2026-06-07,7 Jun,2026,Diesel,WA,Perth,Capital City,201.0,Perth,https://aip.com.au/pricing/diesel/western-australia-retail-diesel-prices/perth/
2026-06-14,14 Jun,2026,Diesel,WA,Perth,Capital City,194.7,Perth,https://aip.com.au/pricing/diesel/western-australia-retail-diesel-prices/perth/
2026-06-21,21 Jun,2026,Diesel,WA,Perth,Capital City,188.0,Perth,https://aip.com.au/pricing/diesel/western-australia-retail-diesel-prices/perth/
2026-06-28,28 Jun,2026,Diesel,WA,Perth,Capital City,174.3,Perth,https://aip.com.au/pricing/diesel/western-australia-retail-diesel-prices/perth/
2026-07-05,5 Jul,2026,Diesel,WA,Perth,Capital City,177.7,Perth,https://aip.com.au/pricing/diesel/western-australia-retail-diesel-prices/perth/
2026-07-12,12 Jul,2026,Diesel,WA,Perth,Capital City,182.8,Perth,https://aip.com.au/pricing/diesel/western-australia-retail-diesel-prices/perth/
2026-07-19,19 Jul,2026,Diesel,WA,Perth,Capital City,193.4,Perth,https://aip.com.au/pricing/diesel/western-australia-retail-diesel-prices/perth/
2026-07-26,26 Jul,2026,Diesel,WA,Perth,Capital City,212.4,Perth,https://aip.com.au/pricing/diesel/western-australia-retail-diesel-prices/perth/
2026-08-02,2 Aug,2026,Diesel,WA,Perth,Capital City,227.1,Perth,https://aip.com.au/pricing/diesel/western-australia-retail-diesel-prices/perth/
2026-08-09,9 Aug,2026,Diesel,WA,Perth,Capital City,241.4,Perth,https://aip.com.au/pricing/diesel/western-australia-retail-diesel-prices/perth/
2026-08-16,16 Aug,2026,Diesel,WA,Perth,Capital City,238.1,Perth,https://aip.com.au/pricing/diesel/western-australia-retail-diesel-prices/perth/
2025-08-24,24 Aug,2025,Diesel,WA,Western Australian Regional Average,State Regional Average,185.5,Western Australian Regional Average,https://aip.com.au/pricing/diesel/western-australia-retail-diesel-prices/western-australian-regional-average/
2025-08-31,31 Aug,2025,Diesel,WA,Western Australian Regional Average,State Regional Average,185.4,Western Australian Regional Average,https://aip.com.au/pricing/diesel/western-australia-retail-diesel-prices/western-australian-regional-average/
2025-09-07,7 Sep,2025,Diesel,WA,Western Australian Regional Average,State Regional Average,185.3,Western Australian Regional Average,https://aip.com.au/pricing/diesel/western-australia-retail-diesel-prices/western-australian-regional-average/
2025-09-14,14 Sep,2025,Diesel,WA,Western Australian Regional Average,State Regional Average,185.5,Western Australian Regional Average,https://aip.com.au/pricing/diesel/western-australia-retail-diesel-prices/western-australian-regional-average/
2025-09-21,21 Sep,2025,Diesel,WA,Western Australian Regional Average,State Regional Average,185.3,Western Australian Regional Average,https://aip.com.au/pricing/diesel/western-australia-retail-diesel-prices/western-australian-regional-average/
2025-09-28,28 Sep,2025,Diesel,WA,Western Australian Regional Average,State Regional Average,185.5,Western Australian Regional Average,https://aip.com.au/pricing/diesel/western-australia-retail-diesel-prices/western-australian-regional-average/
2025-10-05,5 Oct,2025,Diesel,WA,Western Australian Regional Average,State Regional Average,185.6,Western Australian Regional Average,https://aip.com.au/pricing/diesel/western-australia-retail-diesel-prices/western-australian-regional-average/
2025-10-12,12 Oct,2025,Diesel,WA,Western Australian Regional Average,State Regional Average,185.4,Western Australian Regional Average,https://aip.com.au/pricing/diesel/western-australia-retail-diesel-prices/western-australian-regional-average/
2025-10-19,19 Oct,2025,Diesel,WA,Western Australian Regional Average,State Regional Average,184.9,Western Australian Regional Average,https://aip.com.au/pricing/diesel/western-australia-retail-diesel-prices/western-australian-regional-average/
2025-10-26,26 Oct,2025,Diesel,WA,Western Australian Regional Average,State Regional Average,184.2,Western Australian Regional Average,https://aip.com.au/pricing/diesel/western-australia-retail-diesel-prices/western-australian-regional-average/
2025-11-02,2 Nov,2025,Diesel,WA,Western Australian Regional Average,State Regional Average,184.4,Western Australian Regional Average,https://aip.com.au/pricing/diesel/western-australia-retail-diesel-prices/western-australian-regional-average/
2025-11-09,9 Nov,2025,Diesel,WA,Western Australian Regional Average,State Regional Average,185.3,Western Australian Regional Average,https://aip.com.au/pricing/diesel/western-australia-retail-diesel-prices/western-australian-regional-average/
2025-11-16,16 Nov,2025,Diesel,WA,Western Australian Regional Average,State Regional Average,187.1,Western Australian Regional Average,https://aip.com.au/pricing/diesel/western-australia-retail-diesel-prices/western-australian-regional-average/
2025-11-23,23 Nov,2025,Diesel,WA,Western Australian Regional Average,State Regional Average,188.9,Western Australian Regional Average,https://aip.com.au/pricing/diesel/western-australia-retail-diesel-prices/western-australian-regional-average/
2025-11-30,30 Nov,2025,Diesel,WA,Western Australian Regional Average,State Regional Average,189.7,Western Australian Regional Average,https://aip.com.au/pricing/diesel/western-australia-retail-diesel-prices/western-australian-regional-average/
2025-12-07,7 Dec,2025,Diesel,WA,Western Australian Regional Average,State Regional Average,188.6,Western Australian Regional Average,https://aip.com.au/pricing/diesel/western-australia-retail-diesel-prices/western-australian-regional-average/
2025-12-14,14 Dec,2025,Diesel,WA,Western Australian Regional Average,State Regional Average,187.1,Western Australian Regional Average,https://aip.com.au/pricing/diesel/western-australia-retail-diesel-prices/western-australian-regional-average/
2025-12-21,21 Dec,2025,Diesel,WA,Western Australian Regional Average,State Regional Average,185.8,Western Australian Regional Average,https://aip.com.au/pricing/diesel/western-australia-retail-diesel-prices/western-australian-regional-average/
2025-12-28,28 Dec,2025,Diesel,WA,Western Australian Regional Average,State Regional Average,184.2,Western Australian Regional Average,https://aip.com.au/pricing/diesel/western-australia-retail-diesel-prices/western-australian-regional-average/
2026-01-04,4 Jan,2026,Diesel,WA,Western Australian Regional Average,State Regional Average,183.2,Western Australian Regional Average,https://aip.com.au/pricing/diesel/western-australia-retail-diesel-prices/western-australian-regional-average/
2026-01-11,11 Jan,2026,Diesel,WA,Western Australian Regional Average,State Regional Average,182.2,Western Australian Regional Average,https://aip.com.au/pricing/diesel/western-australia-retail-diesel-prices/western-australian-regional-average/
2026-01-18,18 Jan,2026,Diesel,WA,Western Australian Regional Average,State Regional Average,181.3,Western Australian Regional Average,https://aip.com.au/pricing/diesel/western-australia-retail-diesel-prices/western-australian-regional-average/
2026-01-25,25 Jan,2026,Diesel,WA,Western Australian Regional Average,State Regional Average,180.7,Western Australian Regional Average,https://aip.com.au/pricing/diesel/western-australia-retail-diesel-prices/western-australian-regional-average/
2026-02-01,1 Feb,2026,Diesel,WA,Western Australian Regional Average,State Regional Average,180.2,Western Australian Regional Average,https://aip.com.au/pricing/diesel/western-australia-retail-diesel-prices/western-australian-regional-average/
2026-02-08,8 Feb,2026,Diesel,WA,Western Australian Regional Average,State Regional Average,180.1,Western Australian Regional Average,https://aip.com.au/pricing/diesel/western-australia-retail-diesel-prices/western-australian-regional-average/
2026-02-15,15 Feb,2026,Diesel,WA,Western Australian Regional Average,State Regional Average,180.4,Western Australian Regional Average,https://aip.com.au/pricing/diesel/western-australia-retail-diesel-prices/western-australian-regional-average/
2026-02-22,22 Feb,2026,Diesel,WA,Western Australian Regional Average,State Regional Average,180.6,Western Australian Regional Average,https://aip.com.au/pricing/diesel/western-australia-retail-diesel-prices/western-australian-regional-average/
2026-03-01,1 Mar,2026,Diesel,WA,Western Australian Regional Average,State Regional Average,181.3,Western Australian Regional Average,https://aip.com.au/pricing/diesel/western-australia-retail-diesel-prices/western-australian-regional-average/
2026-03-08,8 Mar,2026,Diesel,WA,Western Australian Regional Average,State Regional Average,191.8,Western Australian Regional Average,https://aip.com.au/pricing/diesel/western-australia-retail-diesel-prices/western-australian-regional-average/
2026-03-15,15 Mar,2026,Diesel,WA,Western Australian Regional Average,State Regional Average,244.9,Western Australian Regional Average,https://aip.com.au/pricing/diesel/western-australia-retail-diesel-prices/western-australian-regional-average/
2026-03-22,22 Mar,2026,Diesel,WA,Western Australian Regional Average,State Regional Average,283.1,Western Australian Regional Average,https://aip.com.au/pricing/diesel/western-australia-retail-diesel-prices/western-australian-regional-average/
2026-03-29,29 Mar,2026,Diesel,WA,Western Australian Regional Average,State Regional Average,309.8,Western Australian Regional Average,https://aip.com.au/pricing/diesel/western-australia-retail-diesel-prices/western-australian-regional-average/
2026-04-05,5 Apr,2026,Diesel,WA,Western Australian Regional Average,State Regional Average,315.8,Western Australian Regional Average,https://aip.com.au/pricing/diesel/western-australia-retail-diesel-prices/western-australian-regional-average/
2026-04-12,12 Apr,2026,Diesel,WA,Western Australian Regional Average,State Regional Average,322.1,Western Australian Regional Average,https://aip.com.au/pricing/diesel/western-australia-retail-diesel-prices/western-australian-regional-average/
2026-04-19,19 Apr,2026,Diesel,WA,Western Australian Regional Average,State Regional Average,313.0,Western Australian Regional Average,https://aip.com.au/pricing/diesel/western-australia-retail-diesel-prices/western-australian-regional-average/
2026-04-26,26 Apr,2026,Diesel,WA,Western Australian Regional Average,State Regional Average,279.8,Western Australian Regional Average,https://aip.com.au/pricing/diesel/western-australia-retail-diesel-prices/western-australian-regional-average/
2026-05-03,3 May,2026,Diesel,WA,Western Australian Regional Average,State Regional Average,260.3,Western Australian Regional Average,https://aip.com.au/pricing/diesel/western-australia-retail-diesel-prices/western-australian-regional-average/
2026-05-10,10 May,2026,Diesel,WA,Western Australian Regional Average,State Regional Average,251.2,Western Australian Regional Average,https://aip.com.au/pricing/diesel/western-australia-retail-diesel-prices/western-australian-regional-average/
2026-05-17,17 May,2026,Diesel,WA,Western Australian Regional Average,State Regional Average,240.4,Western Australian Regional Average,https://aip.com.au/pricing/diesel/western-australia-retail-diesel-prices/western-australian-regional-average/
2026-05-24,24 May,2026,Diesel,WA,Western Australian Regional Average,State Regional Average,234.6,Western Australian Regional Average,https://aip.com.au/pricing/diesel/western-australia-retail-diesel-prices/western-australian-regional-average/
2026-05-31,31 May,2026,Diesel,WA,Western Australian Regional Average,State Regional Average,229.7,Western Australian Regional Average,https://aip.com.au/pricing/diesel/western-australia-retail-diesel-prices/western-australian-regional-average/
2026-06-07,7 Jun,2026,Diesel,WA,Western Australian Regional Average,State Regional Average,221.3,Western Australian Regional Average,https://aip.com.au/pricing/diesel/western-australia-retail-diesel-prices/western-australian-regional-average/
2026-06-14,14 Jun,2026,Diesel,WA,Western Australian Regional Average,State Regional Average,214.0,Western Australian Regional Average,https://aip.com.au/pricing/diesel/western-australia-retail-diesel-prices/western-australian-regional-average/
2026-06-21,21 Jun,2026,Diesel,WA,Western Australian Regional Average,State Regional Average,208.2,Western Australian Regional Average,https://aip.com.au/pricing/diesel/western-australia-retail-diesel-prices/western-australian-regional-average/
2026-06-28,28 Jun,2026,Diesel,WA,Western Australian Regional Average,State Regional Average,197.6,Western Australian Regional Average,https://aip.com.au/pricing/diesel/western-australia-retail-diesel-prices/western-australian-regional-average/
2026-07-05,5 Jul,2026,Diesel,WA,Western Australian Regional Average,State Regional Average,195.5,Western Australian Regional Average,https://aip.com.au/pricing/diesel/western-australia-retail-diesel-prices/western-australian-regional-average/
2026-07-12,12 Jul,2026,Diesel,WA,Western Australian Regional Average,State Regional Average,197.6,Western Australian Regional Average,https://aip.com.au/pricing/diesel/western-australia-retail-diesel-prices/western-australian-regional-average/
2026-07-19,19 Jul,2026,Diesel,WA,Western Australian Regional Average,State Regional Average,203.5,Western Australian Regional Average,https://aip.com.au/pricing/diesel/western-australia-retail-diesel-prices/western-australian-regional-average/
2026-07-26,26 Jul,2026,Diesel,WA,Western Australian Regional Average,State Regional Average,219.4,Western Australian Regional Average,https://aip.com.au/pricing/diesel/western-australia-retail-diesel-prices/western-australian-regional-average/
2026-08-02,2 Aug,2026,Diesel,WA,Western Australian Regional Average,State Regional Average,233.0,Western Australian Regional Average,https://aip.com.au/pricing/diesel/western-australia-retail-diesel-prices/western-australian-regional-average/
2026-08-09,9 Aug,2026,Diesel,WA,Western Australian Regional Average,State Regional Average,246.8,Western Australian Regional Average,https://aip.com.au/pricing/diesel/western-australia-retail-diesel-prices/western-australian-regional-average/
2026-08-16,16 Aug,2026,Diesel,WA,Western Australian Regional Average,State Regional Average,247.1,Western Australian Regional Average,https://aip.com.au/pricing/diesel/western-australia-retail-diesel-prices/western-australian-regional-average/
2025-08-24,24 Aug,2025,Diesel,WA,Western Australian State Average,State Average,182.1,Western Australian State Average,https://aip.com.au/pricing/diesel/western-australia-retail-diesel-prices/western-australian-state-average/
2025-08-31,31 Aug,2025,Diesel,WA,Western Australian State Average,State Average,182.1,Western Australian State Average,https://aip.com.au/pricing/diesel/western-australia-retail-diesel-prices/western-australian-state-average/
2025-09-07,7 Sep,2025,Diesel,WA,Western Australian State Average,State Average,182.2,Western Australian State Average,https://aip.com.au/pricing/diesel/western-australia-retail-diesel-prices/western-australian-state-average/
2025-09-14,14 Sep,2025,Diesel,WA,Western Australian State Average,State Average,182.2,Western Australian State Average,https://aip.com.au/pricing/diesel/western-australia-retail-diesel-prices/western-australian-state-average/
2025-09-21,21 Sep,2025,Diesel,WA,Western Australian State Average,State Average,182.1,Western Australian State Average,https://aip.com.au/pricing/diesel/western-australia-retail-diesel-prices/western-australian-state-average/
2025-09-28,28 Sep,2025,Diesel,WA,Western Australian State Average,State Average,182.3,Western Australian State Average,https://aip.com.au/pricing/diesel/western-australia-retail-diesel-prices/western-australian-state-average/
2025-10-05,5 Oct,2025,Diesel,WA,Western Australian State Average,State Average,182.3,Western Australian State Average,https://aip.com.au/pricing/diesel/western-australia-retail-diesel-prices/western-australian-state-average/
2025-10-12,12 Oct,2025,Diesel,WA,Western Australian State Average,State Average,181.9,Western Australian State Average,https://aip.com.au/pricing/diesel/western-australia-retail-diesel-prices/western-australian-state-average/
2025-10-19,19 Oct,2025,Diesel,WA,Western Australian State Average,State Average,181.3,Western Australian State Average,https://aip.com.au/pricing/diesel/western-australia-retail-diesel-prices/western-australian-state-average/
2025-10-26,26 Oct,2025,Diesel,WA,Western Australian State Average,State Average,180.9,Western Australian State Average,https://aip.com.au/pricing/diesel/western-australia-retail-diesel-prices/western-australian-state-average/
2025-11-02,2 Nov,2025,Diesel,WA,Western Australian State Average,State Average,181.8,Western Australian State Average,https://aip.com.au/pricing/diesel/western-australia-retail-diesel-prices/western-australian-state-average/
2025-11-09,9 Nov,2025,Diesel,WA,Western Australian State Average,State Average,183.3,Western Australian State Average,https://aip.com.au/pricing/diesel/western-australia-retail-diesel-prices/western-australian-state-average/
2025-11-16,16 Nov,2025,Diesel,WA,Western Australian State Average,State Average,185.7,Western Australian State Average,https://aip.com.au/pricing/diesel/western-australia-retail-diesel-prices/western-australian-state-average/
2025-11-23,23 Nov,2025,Diesel,WA,Western Australian State Average,State Average,187.8,Western Australian State Average,https://aip.com.au/pricing/diesel/western-australia-retail-diesel-prices/western-australian-state-average/
2025-11-30,30 Nov,2025,Diesel,WA,Western Australian State Average,State Average,188.7,Western Australian State Average,https://aip.com.au/pricing/diesel/western-australia-retail-diesel-prices/western-australian-state-average/
2025-12-07,7 Dec,2025,Diesel,WA,Western Australian State Average,State Average,187.7,Western Australian State Average,https://aip.com.au/pricing/diesel/western-australia-retail-diesel-prices/western-australian-state-average/
2025-12-14,14 Dec,2025,Diesel,WA,Western Australian State Average,State Average,186.2,Western Australian State Average,https://aip.com.au/pricing/diesel/western-australia-retail-diesel-prices/western-australian-state-average/
2025-12-21,21 Dec,2025,Diesel,WA,Western Australian State Average,State Average,184.7,Western Australian State Average,https://aip.com.au/pricing/diesel/western-australia-retail-diesel-prices/western-australian-state-average/
2025-12-28,28 Dec,2025,Diesel,WA,Western Australian State Average,State Average,183.1,Western Australian State Average,https://aip.com.au/pricing/diesel/western-australia-retail-diesel-prices/western-australian-state-average/
2026-01-04,4 Jan,2026,Diesel,WA,Western Australian State Average,State Average,182.2,Western Australian State Average,https://aip.com.au/pricing/diesel/western-australia-retail-diesel-prices/western-australian-state-average/
2026-01-11,11 Jan,2026,Diesel,WA,Western Australian State Average,State Average,180.6,Western Australian State Average,https://aip.com.au/pricing/diesel/western-australia-retail-diesel-prices/western-australian-state-average/
2026-01-18,18 Jan,2026,Diesel,WA,Western Australian State Average,State Average,179.5,Western Australian State Average,https://aip.com.au/pricing/diesel/western-australia-retail-diesel-prices/western-australian-state-average/
2026-01-25,25 Jan,2026,Diesel,WA,Western Australian State Average,State Average,178.5,Western Australian State Average,https://aip.com.au/pricing/diesel/western-australia-retail-diesel-prices/western-australian-state-average/
2026-02-01,1 Feb,2026,Diesel,WA,Western Australian State Average,State Average,177.9,Western Australian State Average,https://aip.com.au/pricing/diesel/western-australia-retail-diesel-prices/western-australian-state-average/
2026-02-08,8 Feb,2026,Diesel,WA,Western Australian State Average,State Average,177.8,Western Australian State Average,https://aip.com.au/pricing/diesel/western-australia-retail-diesel-prices/western-australian-state-average/
2026-02-15,15 Feb,2026,Diesel,WA,Western Australian State Average,State Average,177.9,Western Australian State Average,https://aip.com.au/pricing/diesel/western-australia-retail-diesel-prices/western-australian-state-average/
2026-02-22,22 Feb,2026,Diesel,WA,Western Australian State Average,State Average,177.8,Western Australian State Average,https://aip.com.au/pricing/diesel/western-australia-retail-diesel-prices/western-australian-state-average/
2026-03-01,1 Mar,2026,Diesel,WA,Western Australian State Average,State Average,178.6,Western Australian State Average,https://aip.com.au/pricing/diesel/western-australia-retail-diesel-prices/western-australian-state-average/
2026-03-08,8 Mar,2026,Diesel,WA,Western Australian State Average,State Average,191.1,Western Australian State Average,https://aip.com.au/pricing/diesel/western-australia-retail-diesel-prices/western-australian-state-average/
2026-03-15,15 Mar,2026,Diesel,WA,Western Australian State Average,State Average,244.6,Western Australian State Average,https://aip.com.au/pricing/diesel/western-australia-retail-diesel-prices/western-australian-state-average/
2026-03-22,22 Mar,2026,Diesel,WA,Western Australian State Average,State Average,280.9,Western Australian State Average,https://aip.com.au/pricing/diesel/western-australia-retail-diesel-prices/western-australian-state-average/
2026-03-29,29 Mar,2026,Diesel,WA,Western Australian State Average,State Average,307.3,Western Australian State Average,https://aip.com.au/pricing/diesel/western-australia-retail-diesel-prices/western-australian-state-average/
2026-04-05,5 Apr,2026,Diesel,WA,Western Australian State Average,State Average,311.9,Western Australian State Average,https://aip.com.au/pricing/diesel/western-australia-retail-diesel-prices/western-australian-state-average/
2026-04-12,12 Apr,2026,Diesel,WA,Western Australian State Average,State Average,318.3,Western Australian State Average,https://aip.com.au/pricing/diesel/western-australia-retail-diesel-prices/western-australian-state-average/
2026-04-19,19 Apr,2026,Diesel,WA,Western Australian State Average,State Average,306.3,Western Australian State Average,https://aip.com.au/pricing/diesel/western-australia-retail-diesel-prices/western-australian-state-average/
2026-04-26,26 Apr,2026,Diesel,WA,Western Australian State Average,State Average,270.3,Western Australian State Average,https://aip.com.au/pricing/diesel/western-australia-retail-diesel-prices/western-australian-state-average/
2026-05-03,3 May,2026,Diesel,WA,Western Australian State Average,State Average,250.4,Western Australian State Average,https://aip.com.au/pricing/diesel/western-australia-retail-diesel-prices/western-australian-state-average/
2026-05-10,10 May,2026,Diesel,WA,Western Australian State Average,State Average,242.6,Western Australian State Average,https://aip.com.au/pricing/diesel/western-australia-retail-diesel-prices/western-australian-state-average/
2026-05-17,17 May,2026,Diesel,WA,Western Australian State Average,State Average,230.3,Western Australian State Average,https://aip.com.au/pricing/diesel/western-australia-retail-diesel-prices/western-australian-state-average/
2026-05-24,24 May,2026,Diesel,WA,Western Australian State Average,State Average,224.6,Western Australian State Average,https://aip.com.au/pricing/diesel/western-australia-retail-diesel-prices/western-australian-state-average/
2026-05-31,31 May,2026,Diesel,WA,Western Australian State Average,State Average,219.2,Western Australian State Average,https://aip.com.au/pricing/diesel/western-australia-retail-diesel-prices/western-australian-state-average/
2026-06-07,7 Jun,2026,Diesel,WA,Western Australian State Average,State Average,209.6,Western Australian State Average,https://aip.com.au/pricing/diesel/western-australia-retail-diesel-prices/western-australian-state-average/
2026-06-14,14 Jun,2026,Diesel,WA,Western Australian State Average,State Average,202.9,Western Australian State Average,https://aip.com.au/pricing/diesel/western-australia-retail-diesel-prices/western-australian-state-average/
2026-06-21,21 Jun,2026,Diesel,WA,Western Australian State Average,State Average,196.6,Western Australian State Average,https://aip.com.au/pricing/diesel/western-australia-retail-diesel-prices/western-australian-state-average/
2026-06-28,28 Jun,2026,Diesel,WA,Western Australian State Average,State Average,184.2,Western Australian State Average,https://aip.com.au/pricing/diesel/western-australia-retail-diesel-prices/western-australian-state-average/
2026-07-05,5 Jul,2026,Diesel,WA,Western Australian State Average,State Average,185.2,Western Australian State Average,https://aip.com.au/pricing/diesel/western-australia-retail-diesel-prices/western-australian-state-average/
2026-07-12,12 Jul,2026,Diesel,WA,Western Australian State Average,State Average,189.0,Western Australian State Average,https://aip.com.au/pricing/diesel/western-australia-retail-diesel-prices/western-australian-state-average/
2026-07-19,19 Jul,2026,Diesel,WA,Western Australian State Average,State Average,197.7,Western Australian State Average,https://aip.com.au/pricing/diesel/western-australia-retail-diesel-prices/western-australian-state-average/
2026-07-26,26 Jul,2026,Diesel,WA,Western Australian State Average,State Average,215.4,Western Australian State Average,https://aip.com.au/pricing/diesel/western-australia-retail-diesel-prices/western-australian-state-average/
2026-08-02,2 Aug,2026,Diesel,WA,Western Australian State Average,State Average,229.6,Western Australian State Average,https://aip.com.au/pricing/diesel/western-australia-retail-diesel-prices/western-australian-state-average/
2026-08-09,9 Aug,2026,Diesel,WA,Western Australian State Average,State Average,243.7,Western Australian State Average,https://aip.com.au/pricing/diesel/western-australia-retail-diesel-prices/western-australian-state-average/
2026-08-16,16 Aug,2026,Diesel,WA,Western Australian State Average,State Average,241.9,Western Australian State Average,https://aip.com.au/pricing/diesel/western-australia-retail-diesel-prices/western-australian-state-average/
2025-08-24,24 Aug,2025,ULP,NSW/ACT,Canberra,Capital City,182.9,Canberra,https://aip.com.au/pricing/petrol/new-south-wales-act-retail-petrol-prices/canberra/
2025-08-31,31 Aug,2025,ULP,NSW/ACT,Canberra,Capital City,183.5,Canberra,https://aip.com.au/pricing/petrol/new-south-wales-act-retail-petrol-prices/canberra/
2025-09-07,7 Sep,2025,ULP,NSW/ACT,Canberra,Capital City,183.7,Canberra,https://aip.com.au/pricing/petrol/new-south-wales-act-retail-petrol-prices/canberra/
2025-09-14,14 Sep,2025,ULP,NSW/ACT,Canberra,Capital City,185.4,Canberra,https://aip.com.au/pricing/petrol/new-south-wales-act-retail-petrol-prices/canberra/
2025-09-21,21 Sep,2025,ULP,NSW/ACT,Canberra,Capital City,185.9,Canberra,https://aip.com.au/pricing/petrol/new-south-wales-act-retail-petrol-prices/canberra/
2025-09-28,28 Sep,2025,ULP,NSW/ACT,Canberra,Capital City,185.7,Canberra,https://aip.com.au/pricing/petrol/new-south-wales-act-retail-petrol-prices/canberra/
2025-10-05,5 Oct,2025,ULP,NSW/ACT,Canberra,Capital City,185.4,Canberra,https://aip.com.au/pricing/petrol/new-south-wales-act-retail-petrol-prices/canberra/
2025-10-12,12 Oct,2025,ULP,NSW/ACT,Canberra,Capital City,185.2,Canberra,https://aip.com.au/pricing/petrol/new-south-wales-act-retail-petrol-prices/canberra/
2025-10-19,19 Oct,2025,ULP,NSW/ACT,Canberra,Capital City,184.9,Canberra,https://aip.com.au/pricing/petrol/new-south-wales-act-retail-petrol-prices/canberra/
2025-10-26,26 Oct,2025,ULP,NSW/ACT,Canberra,Capital City,184.8,Canberra,https://aip.com.au/pricing/petrol/new-south-wales-act-retail-petrol-prices/canberra/
2025-11-02,2 Nov,2025,ULP,NSW/ACT,Canberra,Capital City,185.4,Canberra,https://aip.com.au/pricing/petrol/new-south-wales-act-retail-petrol-prices/canberra/
2025-11-09,9 Nov,2025,ULP,NSW/ACT,Canberra,Capital City,185.4,Canberra,https://aip.com.au/pricing/petrol/new-south-wales-act-retail-petrol-prices/canberra/
2025-11-16,16 Nov,2025,ULP,NSW/ACT,Canberra,Capital City,185.4,Canberra,https://aip.com.au/pricing/petrol/new-south-wales-act-retail-petrol-prices/canberra/
2025-11-23,23 Nov,2025,ULP,NSW/ACT,Canberra,Capital City,185.4,Canberra,https://aip.com.au/pricing/petrol/new-south-wales-act-retail-petrol-prices/canberra/
2025-11-30,30 Nov,2025,ULP,NSW/ACT,Canberra,Capital City,186.4,Canberra,https://aip.com.au/pricing/petrol/new-south-wales-act-retail-petrol-prices/canberra/
2025-12-07,7 Dec,2025,ULP,NSW/ACT,Canberra,Capital City,187.9,Canberra,https://aip.com.au/pricing/petrol/new-south-wales-act-retail-petrol-prices/canberra/
2025-12-14,14 Dec,2025,ULP,NSW/ACT,Canberra,Capital City,187.4,Canberra,https://aip.com.au/pricing/petrol/new-south-wales-act-retail-petrol-prices/canberra/
2025-12-21,21 Dec,2025,ULP,NSW/ACT,Canberra,Capital City,186.9,Canberra,https://aip.com.au/pricing/petrol/new-south-wales-act-retail-petrol-prices/canberra/
2025-12-28,28 Dec,2025,ULP,NSW/ACT,Canberra,Capital City,186.2,Canberra,https://aip.com.au/pricing/petrol/new-south-wales-act-retail-petrol-prices/canberra/
2026-01-04,4 Jan,2026,ULP,NSW/ACT,Canberra,Capital City,186.7,Canberra,https://aip.com.au/pricing/petrol/new-south-wales-act-retail-petrol-prices/canberra/
2026-01-11,11 Jan,2026,ULP,NSW/ACT,Canberra,Capital City,186.7,Canberra,https://aip.com.au/pricing/petrol/new-south-wales-act-retail-petrol-prices/canberra/
2026-01-18,18 Jan,2026,ULP,NSW/ACT,Canberra,Capital City,186.6,Canberra,https://aip.com.au/pricing/petrol/new-south-wales-act-retail-petrol-prices/canberra/
2026-01-25,25 Jan,2026,ULP,NSW/ACT,Canberra,Capital City,186.5,Canberra,https://aip.com.au/pricing/petrol/new-south-wales-act-retail-petrol-prices/canberra/
2026-02-01,1 Feb,2026,ULP,NSW/ACT,Canberra,Capital City,185.8,Canberra,https://aip.com.au/pricing/petrol/new-south-wales-act-retail-petrol-prices/canberra/
2026-02-08,8 Feb,2026,ULP,NSW/ACT,Canberra,Capital City,183.2,Canberra,https://aip.com.au/pricing/petrol/new-south-wales-act-retail-petrol-prices/canberra/
2026-02-15,15 Feb,2026,ULP,NSW/ACT,Canberra,Capital City,181.5,Canberra,https://aip.com.au/pricing/petrol/new-south-wales-act-retail-petrol-prices/canberra/
2026-02-22,22 Feb,2026,ULP,NSW/ACT,Canberra,Capital City,181.0,Canberra,https://aip.com.au/pricing/petrol/new-south-wales-act-retail-petrol-prices/canberra/
2026-03-01,1 Mar,2026,ULP,NSW/ACT,Canberra,Capital City,181.1,Canberra,https://aip.com.au/pricing/petrol/new-south-wales-act-retail-petrol-prices/canberra/
2026-03-08,8 Mar,2026,ULP,NSW/ACT,Canberra,Capital City,189.9,Canberra,https://aip.com.au/pricing/petrol/new-south-wales-act-retail-petrol-prices/canberra/
2026-03-15,15 Mar,2026,ULP,NSW/ACT,Canberra,Capital City,218.3,Canberra,https://aip.com.au/pricing/petrol/new-south-wales-act-retail-petrol-prices/canberra/
2026-03-22,22 Mar,2026,ULP,NSW/ACT,Canberra,Capital City,237.7,Canberra,https://aip.com.au/pricing/petrol/new-south-wales-act-retail-petrol-prices/canberra/
2026-03-29,29 Mar,2026,ULP,NSW/ACT,Canberra,Capital City,252.3,Canberra,https://aip.com.au/pricing/petrol/new-south-wales-act-retail-petrol-prices/canberra/
2026-04-05,5 Apr,2026,ULP,NSW/ACT,Canberra,Capital City,237.7,Canberra,https://aip.com.au/pricing/petrol/new-south-wales-act-retail-petrol-prices/canberra/
2026-04-12,12 Apr,2026,ULP,NSW/ACT,Canberra,Capital City,221.7,Canberra,https://aip.com.au/pricing/petrol/new-south-wales-act-retail-petrol-prices/canberra/
2026-04-19,19 Apr,2026,ULP,NSW/ACT,Canberra,Capital City,213.0,Canberra,https://aip.com.au/pricing/petrol/new-south-wales-act-retail-petrol-prices/canberra/
2026-04-26,26 Apr,2026,ULP,NSW/ACT,Canberra,Capital City,193.8,Canberra,https://aip.com.au/pricing/petrol/new-south-wales-act-retail-petrol-prices/canberra/
2026-05-03,3 May,2026,ULP,NSW/ACT,Canberra,Capital City,183.7,Canberra,https://aip.com.au/pricing/petrol/new-south-wales-act-retail-petrol-prices/canberra/
2026-05-10,10 May,2026,ULP,NSW/ACT,Canberra,Capital City,182.4,Canberra,https://aip.com.au/pricing/petrol/new-south-wales-act-retail-petrol-prices/canberra/
2026-05-17,17 May,2026,ULP,NSW/ACT,Canberra,Capital City,183.2,Canberra,https://aip.com.au/pricing/petrol/new-south-wales-act-retail-petrol-prices/canberra/
2026-05-24,24 May,2026,ULP,NSW/ACT,Canberra,Capital City,184.2,Canberra,https://aip.com.au/pricing/petrol/new-south-wales-act-retail-petrol-prices/canberra/
2026-05-31,31 May,2026,ULP,NSW/ACT,Canberra,Capital City,184.1,Canberra,https://aip.com.au/pricing/petrol/new-south-wales-act-retail-petrol-prices/canberra/
2026-06-07,7 Jun,2026,ULP,NSW/ACT,Canberra,Capital City,179.5,Canberra,https://aip.com.au/pricing/petrol/new-south-wales-act-retail-petrol-prices/canberra/
2026-06-14,14 Jun,2026,ULP,NSW/ACT,Canberra,Capital City,175.0,Canberra,https://aip.com.au/pricing/petrol/new-south-wales-act-retail-petrol-prices/canberra/
2026-06-21,21 Jun,2026,ULP,NSW/ACT,Canberra,Capital City,170.5,Canberra,https://aip.com.au/pricing/petrol/new-south-wales-act-retail-petrol-prices/canberra/
2026-06-28,28 Jun,2026,ULP,NSW/ACT,Canberra,Capital City,167.2,Canberra,https://aip.com.au/pricing/petrol/new-south-wales-act-retail-petrol-prices/canberra/
2026-07-05,5 Jul,2026,ULP,NSW/ACT,Canberra,Capital City,169.2,Canberra,https://aip.com.au/pricing/petrol/new-south-wales-act-retail-petrol-prices/canberra/
2026-07-12,12 Jul,2026,ULP,NSW/ACT,Canberra,Capital City,178.3,Canberra,https://aip.com.au/pricing/petrol/new-south-wales-act-retail-petrol-prices/canberra/
2026-07-19,19 Jul,2026,ULP,NSW/ACT,Canberra,Capital City,178.1,Canberra,https://aip.com.au/pricing/petrol/new-south-wales-act-retail-petrol-prices/canberra/
2026-07-26,26 Jul,2026,ULP,NSW/ACT,Canberra,Capital City,188.3,Canberra,https://aip.com.au/pricing/petrol/new-south-wales-act-retail-petrol-prices/canberra/
2026-08-02,2 Aug,2026,ULP,NSW/ACT,Canberra,Capital City,202.1,Canberra,https://aip.com.au/pricing/petrol/new-south-wales-act-retail-petrol-prices/canberra/
2026-08-09,9 Aug,2026,ULP,NSW/ACT,Canberra,Capital City,214.5,Canberra,https://aip.com.au/pricing/petrol/new-south-wales-act-retail-petrol-prices/canberra/
2026-08-16,16 Aug,2026,ULP,NSW/ACT,Canberra,Capital City,203.8,Canberra,https://aip.com.au/pricing/petrol/new-south-wales-act-retail-petrol-prices/canberra/
2025-08-24,24 Aug,2025,ULP,NSW/ACT,NSW Regional Average,State Regional Average,175.7,NSW Regional Average,https://aip.com.au/pricing/petrol/new-south-wales-act-retail-petrol-prices/nsw-regional-average/
2025-08-31,31 Aug,2025,ULP,NSW/ACT,NSW Regional Average,State Regional Average,175.9,NSW Regional Average,https://aip.com.au/pricing/petrol/new-south-wales-act-retail-petrol-prices/nsw-regional-average/
2025-09-07,7 Sep,2025,ULP,NSW/ACT,NSW Regional Average,State Regional Average,176.7,NSW Regional Average,https://aip.com.au/pricing/petrol/new-south-wales-act-retail-petrol-prices/nsw-regional-average/
2025-09-14,14 Sep,2025,ULP,NSW/ACT,NSW Regional Average,State Regional Average,178.0,NSW Regional Average,https://aip.com.au/pricing/petrol/new-south-wales-act-retail-petrol-prices/nsw-regional-average/
2025-09-21,21 Sep,2025,ULP,NSW/ACT,NSW Regional Average,State Regional Average,178.5,NSW Regional Average,https://aip.com.au/pricing/petrol/new-south-wales-act-retail-petrol-prices/nsw-regional-average/
2025-09-28,28 Sep,2025,ULP,NSW/ACT,NSW Regional Average,State Regional Average,178.1,NSW Regional Average,https://aip.com.au/pricing/petrol/new-south-wales-act-retail-petrol-prices/nsw-regional-average/
2025-10-05,5 Oct,2025,ULP,NSW/ACT,NSW Regional Average,State Regional Average,177.5,NSW Regional Average,https://aip.com.au/pricing/petrol/new-south-wales-act-retail-petrol-prices/nsw-regional-average/
2025-10-12,12 Oct,2025,ULP,NSW/ACT,NSW Regional Average,State Regional Average,177.0,NSW Regional Average,https://aip.com.au/pricing/petrol/new-south-wales-act-retail-petrol-prices/nsw-regional-average/
2025-10-19,19 Oct,2025,ULP,NSW/ACT,NSW Regional Average,State Regional Average,176.3,NSW Regional Average,https://aip.com.au/pricing/petrol/new-south-wales-act-retail-petrol-prices/nsw-regional-average/
2025-10-26,26 Oct,2025,ULP,NSW/ACT,NSW Regional Average,State Regional Average,176.2,NSW Regional Average,https://aip.com.au/pricing/petrol/new-south-wales-act-retail-petrol-prices/nsw-regional-average/
2025-11-02,2 Nov,2025,ULP,NSW/ACT,NSW Regional Average,State Regional Average,176.5,NSW Regional Average,https://aip.com.au/pricing/petrol/new-south-wales-act-retail-petrol-prices/nsw-regional-average/
2025-11-09,9 Nov,2025,ULP,NSW/ACT,NSW Regional Average,State Regional Average,176.7,NSW Regional Average,https://aip.com.au/pricing/petrol/new-south-wales-act-retail-petrol-prices/nsw-regional-average/
2025-11-16,16 Nov,2025,ULP,NSW/ACT,NSW Regional Average,State Regional Average,177.2,NSW Regional Average,https://aip.com.au/pricing/petrol/new-south-wales-act-retail-petrol-prices/nsw-regional-average/
2025-11-23,23 Nov,2025,ULP,NSW/ACT,NSW Regional Average,State Regional Average,178.3,NSW Regional Average,https://aip.com.au/pricing/petrol/new-south-wales-act-retail-petrol-prices/nsw-regional-average/
2025-11-30,30 Nov,2025,ULP,NSW/ACT,NSW Regional Average,State Regional Average,178.0,NSW Regional Average,https://aip.com.au/pricing/petrol/new-south-wales-act-retail-petrol-prices/nsw-regional-average/
2025-12-07,7 Dec,2025,ULP,NSW/ACT,NSW Regional Average,State Regional Average,177.8,NSW Regional Average,https://aip.com.au/pricing/petrol/new-south-wales-act-retail-petrol-prices/nsw-regional-average/
2025-12-14,14 Dec,2025,ULP,NSW/ACT,NSW Regional Average,State Regional Average,177.9,NSW Regional Average,https://aip.com.au/pricing/petrol/new-south-wales-act-retail-petrol-prices/nsw-regional-average/
2025-12-21,21 Dec,2025,ULP,NSW/ACT,NSW Regional Average,State Regional Average,176.7,NSW Regional Average,https://aip.com.au/pricing/petrol/new-south-wales-act-retail-petrol-prices/nsw-regional-average/
2025-12-28,28 Dec,2025,ULP,NSW/ACT,NSW Regional Average,State Regional Average,175.1,NSW Regional Average,https://aip.com.au/pricing/petrol/new-south-wales-act-retail-petrol-prices/nsw-regional-average/
2026-01-04,4 Jan,2026,ULP,NSW/ACT,NSW Regional Average,State Regional Average,174.3,NSW Regional Average,https://aip.com.au/pricing/petrol/new-south-wales-act-retail-petrol-prices/nsw-regional-average/
2026-01-11,11 Jan,2026,ULP,NSW/ACT,NSW Regional Average,State Regional Average,173.5,NSW Regional Average,https://aip.com.au/pricing/petrol/new-south-wales-act-retail-petrol-prices/nsw-regional-average/
2026-01-18,18 Jan,2026,ULP,NSW/ACT,NSW Regional Average,State Regional Average,172.2,NSW Regional Average,https://aip.com.au/pricing/petrol/new-south-wales-act-retail-petrol-prices/nsw-regional-average/
2026-01-25,25 Jan,2026,ULP,NSW/ACT,NSW Regional Average,State Regional Average,171.6,NSW Regional Average,https://aip.com.au/pricing/petrol/new-south-wales-act-retail-petrol-prices/nsw-regional-average/
2026-02-01,1 Feb,2026,ULP,NSW/ACT,NSW Regional Average,State Regional Average,171.1,NSW Regional Average,https://aip.com.au/pricing/petrol/new-south-wales-act-retail-petrol-prices/nsw-regional-average/
2026-02-08,8 Feb,2026,ULP,NSW/ACT,NSW Regional Average,State Regional Average,170.3,NSW Regional Average,https://aip.com.au/pricing/petrol/new-south-wales-act-retail-petrol-prices/nsw-regional-average/
2026-02-15,15 Feb,2026,ULP,NSW/ACT,NSW Regional Average,State Regional Average,169.5,NSW Regional Average,https://aip.com.au/pricing/petrol/new-south-wales-act-retail-petrol-prices/nsw-regional-average/
2026-02-22,22 Feb,2026,ULP,NSW/ACT,NSW Regional Average,State Regional Average,168.6,NSW Regional Average,https://aip.com.au/pricing/petrol/new-south-wales-act-retail-petrol-prices/nsw-regional-average/
2026-03-01,1 Mar,2026,ULP,NSW/ACT,NSW Regional Average,State Regional Average,168.3,NSW Regional Average,https://aip.com.au/pricing/petrol/new-south-wales-act-retail-petrol-prices/nsw-regional-average/
2026-03-08,8 Mar,2026,ULP,NSW/ACT,NSW Regional Average,State Regional Average,190.0,NSW Regional Average,https://aip.com.au/pricing/petrol/new-south-wales-act-retail-petrol-prices/nsw-regional-average/
2026-03-15,15 Mar,2026,ULP,NSW/ACT,NSW Regional Average,State Regional Average,218.5,NSW Regional Average,https://aip.com.au/pricing/petrol/new-south-wales-act-retail-petrol-prices/nsw-regional-average/
2026-03-22,22 Mar,2026,ULP,NSW/ACT,NSW Regional Average,State Regional Average,239.5,NSW Regional Average,https://aip.com.au/pricing/petrol/new-south-wales-act-retail-petrol-prices/nsw-regional-average/
2026-03-29,29 Mar,2026,ULP,NSW/ACT,NSW Regional Average,State Regional Average,254.1,NSW Regional Average,https://aip.com.au/pricing/petrol/new-south-wales-act-retail-petrol-prices/nsw-regional-average/
2026-04-05,5 Apr,2026,ULP,NSW/ACT,NSW Regional Average,State Regional Average,242.3,NSW Regional Average,https://aip.com.au/pricing/petrol/new-south-wales-act-retail-petrol-prices/nsw-regional-average/
2026-04-12,12 Apr,2026,ULP,NSW/ACT,NSW Regional Average,State Regional Average,226.2,NSW Regional Average,https://aip.com.au/pricing/petrol/new-south-wales-act-retail-petrol-prices/nsw-regional-average/
2026-04-19,19 Apr,2026,ULP,NSW/ACT,NSW Regional Average,State Regional Average,215.2,NSW Regional Average,https://aip.com.au/pricing/petrol/new-south-wales-act-retail-petrol-prices/nsw-regional-average/
2026-04-26,26 Apr,2026,ULP,NSW/ACT,NSW Regional Average,State Regional Average,196.2,NSW Regional Average,https://aip.com.au/pricing/petrol/new-south-wales-act-retail-petrol-prices/nsw-regional-average/
2026-05-03,3 May,2026,ULP,NSW/ACT,NSW Regional Average,State Regional Average,186.8,NSW Regional Average,https://aip.com.au/pricing/petrol/new-south-wales-act-retail-petrol-prices/nsw-regional-average/
2026-05-10,10 May,2026,ULP,NSW/ACT,NSW Regional Average,State Regional Average,185.5,NSW Regional Average,https://aip.com.au/pricing/petrol/new-south-wales-act-retail-petrol-prices/nsw-regional-average/
2026-05-17,17 May,2026,ULP,NSW/ACT,NSW Regional Average,State Regional Average,183.5,NSW Regional Average,https://aip.com.au/pricing/petrol/new-south-wales-act-retail-petrol-prices/nsw-regional-average/
2026-05-24,24 May,2026,ULP,NSW/ACT,NSW Regional Average,State Regional Average,184.8,NSW Regional Average,https://aip.com.au/pricing/petrol/new-south-wales-act-retail-petrol-prices/nsw-regional-average/
2026-05-31,31 May,2026,ULP,NSW/ACT,NSW Regional Average,State Regional Average,184.0,NSW Regional Average,https://aip.com.au/pricing/petrol/new-south-wales-act-retail-petrol-prices/nsw-regional-average/
2026-06-07,7 Jun,2026,ULP,NSW/ACT,NSW Regional Average,State Regional Average,177.8,NSW Regional Average,https://aip.com.au/pricing/petrol/new-south-wales-act-retail-petrol-prices/nsw-regional-average/
2026-06-14,14 Jun,2026,ULP,NSW/ACT,NSW Regional Average,State Regional Average,172.7,NSW Regional Average,https://aip.com.au/pricing/petrol/new-south-wales-act-retail-petrol-prices/nsw-regional-average/
2026-06-21,21 Jun,2026,ULP,NSW/ACT,NSW Regional Average,State Regional Average,169.5,NSW Regional Average,https://aip.com.au/pricing/petrol/new-south-wales-act-retail-petrol-prices/nsw-regional-average/
2026-06-28,28 Jun,2026,ULP,NSW/ACT,NSW Regional Average,State Regional Average,163.5,NSW Regional Average,https://aip.com.au/pricing/petrol/new-south-wales-act-retail-petrol-prices/nsw-regional-average/
2026-07-05,5 Jul,2026,ULP,NSW/ACT,NSW Regional Average,State Regional Average,166.3,NSW Regional Average,https://aip.com.au/pricing/petrol/new-south-wales-act-retail-petrol-prices/nsw-regional-average/
2026-07-12,12 Jul,2026,ULP,NSW/ACT,NSW Regional Average,State Regional Average,171.5,NSW Regional Average,https://aip.com.au/pricing/petrol/new-south-wales-act-retail-petrol-prices/nsw-regional-average/
2026-07-19,19 Jul,2026,ULP,NSW/ACT,NSW Regional Average,State Regional Average,173.9,NSW Regional Average,https://aip.com.au/pricing/petrol/new-south-wales-act-retail-petrol-prices/nsw-regional-average/
2026-07-26,26 Jul,2026,ULP,NSW/ACT,NSW Regional Average,State Regional Average,183.7,NSW Regional Average,https://aip.com.au/pricing/petrol/new-south-wales-act-retail-petrol-prices/nsw-regional-average/
2026-08-02,2 Aug,2026,ULP,NSW/ACT,NSW Regional Average,State Regional Average,195.4,NSW Regional Average,https://aip.com.au/pricing/petrol/new-south-wales-act-retail-petrol-prices/nsw-regional-average/
2026-08-09,9 Aug,2026,ULP,NSW/ACT,NSW Regional Average,State Regional Average,206.8,NSW Regional Average,https://aip.com.au/pricing/petrol/new-south-wales-act-retail-petrol-prices/nsw-regional-average/
2026-08-16,16 Aug,2026,ULP,NSW/ACT,NSW Regional Average,State Regional Average,202.5,NSW Regional Average,https://aip.com.au/pricing/petrol/new-south-wales-act-retail-petrol-prices/nsw-regional-average/
2025-08-24,24 Aug,2025,ULP,NSW/ACT,NSW State Average,State Average,174.1,NSW State Average,https://aip.com.au/pricing/petrol/new-south-wales-act-retail-petrol-prices/nsw-state-average/
2025-08-31,31 Aug,2025,ULP,NSW/ACT,NSW State Average,State Average,171.8,NSW State Average,https://aip.com.au/pricing/petrol/new-south-wales-act-retail-petrol-prices/nsw-state-average/
2025-09-07,7 Sep,2025,ULP,NSW/ACT,NSW State Average,State Average,177.2,NSW State Average,https://aip.com.au/pricing/petrol/new-south-wales-act-retail-petrol-prices/nsw-state-average/
2025-09-14,14 Sep,2025,ULP,NSW/ACT,NSW State Average,State Average,187.5,NSW State Average,https://aip.com.au/pricing/petrol/new-south-wales-act-retail-petrol-prices/nsw-state-average/
2025-09-21,21 Sep,2025,ULP,NSW/ACT,NSW State Average,State Average,185.4,NSW State Average,https://aip.com.au/pricing/petrol/new-south-wales-act-retail-petrol-prices/nsw-state-average/
2025-09-28,28 Sep,2025,ULP,NSW/ACT,NSW State Average,State Average,178.5,NSW State Average,https://aip.com.au/pricing/petrol/new-south-wales-act-retail-petrol-prices/nsw-state-average/
2025-10-05,5 Oct,2025,ULP,NSW/ACT,NSW State Average,State Average,173.0,NSW State Average,https://aip.com.au/pricing/petrol/new-south-wales-act-retail-petrol-prices/nsw-state-average/
2025-10-12,12 Oct,2025,ULP,NSW/ACT,NSW State Average,State Average,175.8,NSW State Average,https://aip.com.au/pricing/petrol/new-south-wales-act-retail-petrol-prices/nsw-state-average/
2025-10-19,19 Oct,2025,ULP,NSW/ACT,NSW State Average,State Average,185.1,NSW State Average,https://aip.com.au/pricing/petrol/new-south-wales-act-retail-petrol-prices/nsw-state-average/
2025-10-26,26 Oct,2025,ULP,NSW/ACT,NSW State Average,State Average,180.8,NSW State Average,https://aip.com.au/pricing/petrol/new-south-wales-act-retail-petrol-prices/nsw-state-average/
2025-11-02,2 Nov,2025,ULP,NSW/ACT,NSW State Average,State Average,176.0,NSW State Average,https://aip.com.au/pricing/petrol/new-south-wales-act-retail-petrol-prices/nsw-state-average/
2025-11-09,9 Nov,2025,ULP,NSW/ACT,NSW State Average,State Average,174.2,NSW State Average,https://aip.com.au/pricing/petrol/new-south-wales-act-retail-petrol-prices/nsw-state-average/
2025-11-16,16 Nov,2025,ULP,NSW/ACT,NSW State Average,State Average,181.8,NSW State Average,https://aip.com.au/pricing/petrol/new-south-wales-act-retail-petrol-prices/nsw-state-average/
2025-11-23,23 Nov,2025,ULP,NSW/ACT,NSW State Average,State Average,189.5,NSW State Average,https://aip.com.au/pricing/petrol/new-south-wales-act-retail-petrol-prices/nsw-state-average/
2025-11-30,30 Nov,2025,ULP,NSW/ACT,NSW State Average,State Average,180.7,NSW State Average,https://aip.com.au/pricing/petrol/new-south-wales-act-retail-petrol-prices/nsw-state-average/
2025-12-07,7 Dec,2025,ULP,NSW/ACT,NSW State Average,State Average,175.9,NSW State Average,https://aip.com.au/pricing/petrol/new-south-wales-act-retail-petrol-prices/nsw-state-average/
2025-12-14,14 Dec,2025,ULP,NSW/ACT,NSW State Average,State Average,186.4,NSW State Average,https://aip.com.au/pricing/petrol/new-south-wales-act-retail-petrol-prices/nsw-state-average/
2025-12-21,21 Dec,2025,ULP,NSW/ACT,NSW State Average,State Average,189.2,NSW State Average,https://aip.com.au/pricing/petrol/new-south-wales-act-retail-petrol-prices/nsw-state-average/
2025-12-28,28 Dec,2025,ULP,NSW/ACT,NSW State Average,State Average,180.4,NSW State Average,https://aip.com.au/pricing/petrol/new-south-wales-act-retail-petrol-prices/nsw-state-average/
2026-01-04,4 Jan,2026,ULP,NSW/ACT,NSW State Average,State Average,173.6,NSW State Average,https://aip.com.au/pricing/petrol/new-south-wales-act-retail-petrol-prices/nsw-state-average/
2026-01-11,11 Jan,2026,ULP,NSW/ACT,NSW State Average,State Average,168.4,NSW State Average,https://aip.com.au/pricing/petrol/new-south-wales-act-retail-petrol-prices/nsw-state-average/
2026-01-18,18 Jan,2026,ULP,NSW/ACT,NSW State Average,State Average,169.7,NSW State Average,https://aip.com.au/pricing/petrol/new-south-wales-act-retail-petrol-prices/nsw-state-average/
2026-01-25,25 Jan,2026,ULP,NSW/ACT,NSW State Average,State Average,177.7,NSW State Average,https://aip.com.au/pricing/petrol/new-south-wales-act-retail-petrol-prices/nsw-state-average/
2026-02-01,1 Feb,2026,ULP,NSW/ACT,NSW State Average,State Average,179.1,NSW State Average,https://aip.com.au/pricing/petrol/new-south-wales-act-retail-petrol-prices/nsw-state-average/
2026-02-08,8 Feb,2026,ULP,NSW/ACT,NSW State Average,State Average,170.8,NSW State Average,https://aip.com.au/pricing/petrol/new-south-wales-act-retail-petrol-prices/nsw-state-average/
2026-02-15,15 Feb,2026,ULP,NSW/ACT,NSW State Average,State Average,165.0,NSW State Average,https://aip.com.au/pricing/petrol/new-south-wales-act-retail-petrol-prices/nsw-state-average/
2026-02-22,22 Feb,2026,ULP,NSW/ACT,NSW State Average,State Average,166.3,NSW State Average,https://aip.com.au/pricing/petrol/new-south-wales-act-retail-petrol-prices/nsw-state-average/
2026-03-01,1 Mar,2026,ULP,NSW/ACT,NSW State Average,State Average,176.0,NSW State Average,https://aip.com.au/pricing/petrol/new-south-wales-act-retail-petrol-prices/nsw-state-average/
2026-03-08,8 Mar,2026,ULP,NSW/ACT,NSW State Average,State Average,201.3,NSW State Average,https://aip.com.au/pricing/petrol/new-south-wales-act-retail-petrol-prices/nsw-state-average/
2026-03-15,15 Mar,2026,ULP,NSW/ACT,NSW State Average,State Average,220.1,NSW State Average,https://aip.com.au/pricing/petrol/new-south-wales-act-retail-petrol-prices/nsw-state-average/
2026-03-22,22 Mar,2026,ULP,NSW/ACT,NSW State Average,State Average,237.9,NSW State Average,https://aip.com.au/pricing/petrol/new-south-wales-act-retail-petrol-prices/nsw-state-average/
2026-03-29,29 Mar,2026,ULP,NSW/ACT,NSW State Average,State Average,252.3,NSW State Average,https://aip.com.au/pricing/petrol/new-south-wales-act-retail-petrol-prices/nsw-state-average/
2026-04-05,5 Apr,2026,ULP,NSW/ACT,NSW State Average,State Average,240.5,NSW State Average,https://aip.com.au/pricing/petrol/new-south-wales-act-retail-petrol-prices/nsw-state-average/
2026-04-12,12 Apr,2026,ULP,NSW/ACT,NSW State Average,State Average,224.2,NSW State Average,https://aip.com.au/pricing/petrol/new-south-wales-act-retail-petrol-prices/nsw-state-average/
2026-04-19,19 Apr,2026,ULP,NSW/ACT,NSW State Average,State Average,213.0,NSW State Average,https://aip.com.au/pricing/petrol/new-south-wales-act-retail-petrol-prices/nsw-state-average/
2026-04-26,26 Apr,2026,ULP,NSW/ACT,NSW State Average,State Average,193.1,NSW State Average,https://aip.com.au/pricing/petrol/new-south-wales-act-retail-petrol-prices/nsw-state-average/
2026-05-03,3 May,2026,ULP,NSW/ACT,NSW State Average,State Average,184.0,NSW State Average,https://aip.com.au/pricing/petrol/new-south-wales-act-retail-petrol-prices/nsw-state-average/
2026-05-10,10 May,2026,ULP,NSW/ACT,NSW State Average,State Average,183.5,NSW State Average,https://aip.com.au/pricing/petrol/new-south-wales-act-retail-petrol-prices/nsw-state-average/
2026-05-17,17 May,2026,ULP,NSW/ACT,NSW State Average,State Average,185.0,NSW State Average,https://aip.com.au/pricing/petrol/new-south-wales-act-retail-petrol-prices/nsw-state-average/
2026-05-24,24 May,2026,ULP,NSW/ACT,NSW State Average,State Average,186.4,NSW State Average,https://aip.com.au/pricing/petrol/new-south-wales-act-retail-petrol-prices/nsw-state-average/
2026-05-31,31 May,2026,ULP,NSW/ACT,NSW State Average,State Average,183.7,NSW State Average,https://aip.com.au/pricing/petrol/new-south-wales-act-retail-petrol-prices/nsw-state-average/
2026-06-07,7 Jun,2026,ULP,NSW/ACT,NSW State Average,State Average,174.7,NSW State Average,https://aip.com.au/pricing/petrol/new-south-wales-act-retail-petrol-prices/nsw-state-average/
2026-06-14,14 Jun,2026,ULP,NSW/ACT,NSW State Average,State Average,168.4,NSW State Average,https://aip.com.au/pricing/petrol/new-south-wales-act-retail-petrol-prices/nsw-state-average/
2026-06-21,21 Jun,2026,ULP,NSW/ACT,NSW State Average,State Average,164.9,NSW State Average,https://aip.com.au/pricing/petrol/new-south-wales-act-retail-petrol-prices/nsw-state-average/
2026-06-28,28 Jun,2026,ULP,NSW/ACT,NSW State Average,State Average,159.3,NSW State Average,https://aip.com.au/pricing/petrol/new-south-wales-act-retail-petrol-prices/nsw-state-average/
2026-07-05,5 Jul,2026,ULP,NSW/ACT,NSW State Average,State Average,162.3,NSW State Average,https://aip.com.au/pricing/petrol/new-south-wales-act-retail-petrol-prices/nsw-state-average/
2026-07-12,12 Jul,2026,ULP,NSW/ACT,NSW State Average,State Average,168.7,NSW State Average,https://aip.com.au/pricing/petrol/new-south-wales-act-retail-petrol-prices/nsw-state-average/
2026-07-19,19 Jul,2026,ULP,NSW/ACT,NSW State Average,State Average,171.9,NSW State Average,https://aip.com.au/pricing/petrol/new-south-wales-act-retail-petrol-prices/nsw-state-average/
2026-07-26,26 Jul,2026,ULP,NSW/ACT,NSW State Average,State Average,181.3,NSW State Average,https://aip.com.au/pricing/petrol/new-south-wales-act-retail-petrol-prices/nsw-state-average/
2026-08-02,2 Aug,2026,ULP,NSW/ACT,NSW State Average,State Average,193.4,NSW State Average,https://aip.com.au/pricing/petrol/new-south-wales-act-retail-petrol-prices/nsw-state-average/
2026-08-09,9 Aug,2026,ULP,NSW/ACT,NSW State Average,State Average,205.1,NSW State Average,https://aip.com.au/pricing/petrol/new-south-wales-act-retail-petrol-prices/nsw-state-average/
2026-08-16,16 Aug,2026,ULP,NSW/ACT,NSW State Average,State Average,200.1,NSW State Average,https://aip.com.au/pricing/petrol/new-south-wales-act-retail-petrol-prices/nsw-state-average/
2025-08-24,24 Aug,2025,ULP,NSW/ACT,Sydney,Capital City,171.9,Sydney,https://aip.com.au/pricing/petrol/new-south-wales-act-retail-petrol-prices/sydney/
2025-08-31,31 Aug,2025,ULP,NSW/ACT,Sydney,Capital City,167.5,Sydney,https://aip.com.au/pricing/petrol/new-south-wales-act-retail-petrol-prices/sydney/
2025-09-07,7 Sep,2025,ULP,NSW/ACT,Sydney,Capital City,176.9,Sydney,https://aip.com.au/pricing/petrol/new-south-wales-act-retail-petrol-prices/sydney/
2025-09-14,14 Sep,2025,ULP,NSW/ACT,Sydney,Capital City,195.1,Sydney,https://aip.com.au/pricing/petrol/new-south-wales-act-retail-petrol-prices/sydney/
2025-09-21,21 Sep,2025,ULP,NSW/ACT,Sydney,Capital City,190.7,Sydney,https://aip.com.au/pricing/petrol/new-south-wales-act-retail-petrol-prices/sydney/
2025-09-28,28 Sep,2025,ULP,NSW/ACT,Sydney,Capital City,178.0,Sydney,https://aip.com.au/pricing/petrol/new-south-wales-act-retail-petrol-prices/sydney/
2025-10-05,5 Oct,2025,ULP,NSW/ACT,Sydney,Capital City,168.3,Sydney,https://aip.com.au/pricing/petrol/new-south-wales-act-retail-petrol-prices/sydney/
2025-10-12,12 Oct,2025,ULP,NSW/ACT,Sydney,Capital City,173.9,Sydney,https://aip.com.au/pricing/petrol/new-south-wales-act-retail-petrol-prices/sydney/
2025-10-19,19 Oct,2025,ULP,NSW/ACT,Sydney,Capital City,191.8,Sydney,https://aip.com.au/pricing/petrol/new-south-wales-act-retail-petrol-prices/sydney/
2025-10-26,26 Oct,2025,ULP,NSW/ACT,Sydney,Capital City,183.9,Sydney,https://aip.com.au/pricing/petrol/new-south-wales-act-retail-petrol-prices/sydney/
2025-11-02,2 Nov,2025,ULP,NSW/ACT,Sydney,Capital City,174.7,Sydney,https://aip.com.au/pricing/petrol/new-south-wales-act-retail-petrol-prices/sydney/
2025-11-09,9 Nov,2025,ULP,NSW/ACT,Sydney,Capital City,171.3,Sydney,https://aip.com.au/pricing/petrol/new-south-wales-act-retail-petrol-prices/sydney/
2025-11-16,16 Nov,2025,ULP,NSW/ACT,Sydney,Capital City,184.9,Sydney,https://aip.com.au/pricing/petrol/new-south-wales-act-retail-petrol-prices/sydney/
2025-11-23,23 Nov,2025,ULP,NSW/ACT,Sydney,Capital City,198.4,Sydney,https://aip.com.au/pricing/petrol/new-south-wales-act-retail-petrol-prices/sydney/
2025-11-30,30 Nov,2025,ULP,NSW/ACT,Sydney,Capital City,182.2,Sydney,https://aip.com.au/pricing/petrol/new-south-wales-act-retail-petrol-prices/sydney/
2025-12-07,7 Dec,2025,ULP,NSW/ACT,Sydney,Capital City,173.3,Sydney,https://aip.com.au/pricing/petrol/new-south-wales-act-retail-petrol-prices/sydney/
2025-12-14,14 Dec,2025,ULP,NSW/ACT,Sydney,Capital City,192.8,Sydney,https://aip.com.au/pricing/petrol/new-south-wales-act-retail-petrol-prices/sydney/
2025-12-21,21 Dec,2025,ULP,NSW/ACT,Sydney,Capital City,199.0,Sydney,https://aip.com.au/pricing/petrol/new-south-wales-act-retail-petrol-prices/sydney/
2025-12-28,28 Dec,2025,ULP,NSW/ACT,Sydney,Capital City,183.9,Sydney,https://aip.com.au/pricing/petrol/new-south-wales-act-retail-petrol-prices/sydney/
2026-01-04,4 Jan,2026,ULP,NSW/ACT,Sydney,Capital City,171.7,Sydney,https://aip.com.au/pricing/petrol/new-south-wales-act-retail-petrol-prices/sydney/
2026-01-11,11 Jan,2026,ULP,NSW/ACT,Sydney,Capital City,162.6,Sydney,https://aip.com.au/pricing/petrol/new-south-wales-act-retail-petrol-prices/sydney/
2026-01-18,18 Jan,2026,ULP,NSW/ACT,Sydney,Capital City,166.1,Sydney,https://aip.com.au/pricing/petrol/new-south-wales-act-retail-petrol-prices/sydney/
2026-01-25,25 Jan,2026,ULP,NSW/ACT,Sydney,Capital City,181.6,Sydney,https://aip.com.au/pricing/petrol/new-south-wales-act-retail-petrol-prices/sydney/
2026-02-01,1 Feb,2026,ULP,NSW/ACT,Sydney,Capital City,184.6,Sydney,https://aip.com.au/pricing/petrol/new-south-wales-act-retail-petrol-prices/sydney/
2026-02-08,8 Feb,2026,ULP,NSW/ACT,Sydney,Capital City,170.0,Sydney,https://aip.com.au/pricing/petrol/new-south-wales-act-retail-petrol-prices/sydney/
2026-02-15,15 Feb,2026,ULP,NSW/ACT,Sydney,Capital City,159.9,Sydney,https://aip.com.au/pricing/petrol/new-south-wales-act-retail-petrol-prices/sydney/
2026-02-22,22 Feb,2026,ULP,NSW/ACT,Sydney,Capital City,163.1,Sydney,https://aip.com.au/pricing/petrol/new-south-wales-act-retail-petrol-prices/sydney/
2026-03-01,1 Mar,2026,ULP,NSW/ACT,Sydney,Capital City,181.4,Sydney,https://aip.com.au/pricing/petrol/new-south-wales-act-retail-petrol-prices/sydney/
2026-03-08,8 Mar,2026,ULP,NSW/ACT,Sydney,Capital City,211.1,Sydney,https://aip.com.au/pricing/petrol/new-south-wales-act-retail-petrol-prices/sydney/
2026-03-15,15 Mar,2026,ULP,NSW/ACT,Sydney,Capital City,221.4,Sydney,https://aip.com.au/pricing/petrol/new-south-wales-act-retail-petrol-prices/sydney/
2026-03-22,22 Mar,2026,ULP,NSW/ACT,Sydney,Capital City,236.6,Sydney,https://aip.com.au/pricing/petrol/new-south-wales-act-retail-petrol-prices/sydney/
2026-03-29,29 Mar,2026,ULP,NSW/ACT,Sydney,Capital City,251.0,Sydney,https://aip.com.au/pricing/petrol/new-south-wales-act-retail-petrol-prices/sydney/
2026-04-05,5 Apr,2026,ULP,NSW/ACT,Sydney,Capital City,239.4,Sydney,https://aip.com.au/pricing/petrol/new-south-wales-act-retail-petrol-prices/sydney/
2026-04-12,12 Apr,2026,ULP,NSW/ACT,Sydney,Capital City,222.8,Sydney,https://aip.com.au/pricing/petrol/new-south-wales-act-retail-petrol-prices/sydney/
2026-04-19,19 Apr,2026,ULP,NSW/ACT,Sydney,Capital City,211.2,Sydney,https://aip.com.au/pricing/petrol/new-south-wales-act-retail-petrol-prices/sydney/
2026-04-26,26 Apr,2026,ULP,NSW/ACT,Sydney,Capital City,190.6,Sydney,https://aip.com.au/pricing/petrol/new-south-wales-act-retail-petrol-prices/sydney/
2026-05-03,3 May,2026,ULP,NSW/ACT,Sydney,Capital City,181.9,Sydney,https://aip.com.au/pricing/petrol/new-south-wales-act-retail-petrol-prices/sydney/
2026-05-10,10 May,2026,ULP,NSW/ACT,Sydney,Capital City,182.1,Sydney,https://aip.com.au/pricing/petrol/new-south-wales-act-retail-petrol-prices/sydney/
2026-05-17,17 May,2026,ULP,NSW/ACT,Sydney,Capital City,186.3,Sydney,https://aip.com.au/pricing/petrol/new-south-wales-act-retail-petrol-prices/sydney/
2026-05-24,24 May,2026,ULP,NSW/ACT,Sydney,Capital City,187.8,Sydney,https://aip.com.au/pricing/petrol/new-south-wales-act-retail-petrol-prices/sydney/
2026-05-31,31 May,2026,ULP,NSW/ACT,Sydney,Capital City,183.4,Sydney,https://aip.com.au/pricing/petrol/new-south-wales-act-retail-petrol-prices/sydney/
2026-06-07,7 Jun,2026,ULP,NSW/ACT,Sydney,Capital City,171.8,Sydney,https://aip.com.au/pricing/petrol/new-south-wales-act-retail-petrol-prices/sydney/
2026-06-14,14 Jun,2026,ULP,NSW/ACT,Sydney,Capital City,164.4,Sydney,https://aip.com.au/pricing/petrol/new-south-wales-act-retail-petrol-prices/sydney/
2026-06-21,21 Jun,2026,ULP,NSW/ACT,Sydney,Capital City,160.9,Sydney,https://aip.com.au/pricing/petrol/new-south-wales-act-retail-petrol-prices/sydney/
2026-06-28,28 Jun,2026,ULP,NSW/ACT,Sydney,Capital City,155.2,Sydney,https://aip.com.au/pricing/petrol/new-south-wales-act-retail-petrol-prices/sydney/
2026-07-05,5 Jul,2026,ULP,NSW/ACT,Sydney,Capital City,158.5,Sydney,https://aip.com.au/pricing/petrol/new-south-wales-act-retail-petrol-prices/sydney/
2026-07-12,12 Jul,2026,ULP,NSW/ACT,Sydney,Capital City,165.5,Sydney,https://aip.com.au/pricing/petrol/new-south-wales-act-retail-petrol-prices/sydney/
2026-07-19,19 Jul,2026,ULP,NSW/ACT,Sydney,Capital City,169.8,Sydney,https://aip.com.au/pricing/petrol/new-south-wales-act-retail-petrol-prices/sydney/
2026-07-26,26 Jul,2026,ULP,NSW/ACT,Sydney,Capital City,178.7,Sydney,https://aip.com.au/pricing/petrol/new-south-wales-act-retail-petrol-prices/sydney/
2026-08-02,2 Aug,2026,ULP,NSW/ACT,Sydney,Capital City,191.0,Sydney,https://aip.com.au/pricing/petrol/new-south-wales-act-retail-petrol-prices/sydney/
2026-08-09,9 Aug,2026,ULP,NSW/ACT,Sydney,Capital City,202.9,Sydney,https://aip.com.au/pricing/petrol/new-south-wales-act-retail-petrol-prices/sydney/
2026-08-16,16 Aug,2026,ULP,NSW/ACT,Sydney,Capital City,197.9,Sydney,https://aip.com.au/pricing/petrol/new-south-wales-act-retail-petrol-prices/sydney/
2025-08-24,24 Aug,2025,ULP,NT,Alice Springs,City/Region,244.1,Alice Springs,https://aip.com.au/pricing/petrol/northern-territory-retail-petrol-prices/alice-springs/
2025-08-31,31 Aug,2025,ULP,NT,Alice Springs,City/Region,244.5,Alice Springs,https://aip.com.au/pricing/petrol/northern-territory-retail-petrol-prices/alice-springs/
2025-09-07,7 Sep,2025,ULP,NT,Alice Springs,City/Region,245.0,Alice Springs,https://aip.com.au/pricing/petrol/northern-territory-retail-petrol-prices/alice-springs/
2025-09-14,14 Sep,2025,ULP,NT,Alice Springs,City/Region,245.6,Alice Springs,https://aip.com.au/pricing/petrol/northern-territory-retail-petrol-prices/alice-springs/
2025-09-21,21 Sep,2025,ULP,NT,Alice Springs,City/Region,246.0,Alice Springs,https://aip.com.au/pricing/petrol/northern-territory-retail-petrol-prices/alice-springs/
2025-09-28,28 Sep,2025,ULP,NT,Alice Springs,City/Region,246.4,Alice Springs,https://aip.com.au/pricing/petrol/northern-territory-retail-petrol-prices/alice-springs/
2025-10-05,5 Oct,2025,ULP,NT,Alice Springs,City/Region,246.3,Alice Springs,https://aip.com.au/pricing/petrol/northern-territory-retail-petrol-prices/alice-springs/
2025-10-12,12 Oct,2025,ULP,NT,Alice Springs,City/Region,246.3,Alice Springs,https://aip.com.au/pricing/petrol/northern-territory-retail-petrol-prices/alice-springs/
2025-10-19,19 Oct,2025,ULP,NT,Alice Springs,City/Region,246.3,Alice Springs,https://aip.com.au/pricing/petrol/northern-territory-retail-petrol-prices/alice-springs/
2025-10-26,26 Oct,2025,ULP,NT,Alice Springs,City/Region,245.6,Alice Springs,https://aip.com.au/pricing/petrol/northern-territory-retail-petrol-prices/alice-springs/
2025-11-02,2 Nov,2025,ULP,NT,Alice Springs,City/Region,245.4,Alice Springs,https://aip.com.au/pricing/petrol/northern-territory-retail-petrol-prices/alice-springs/
2025-11-09,9 Nov,2025,ULP,NT,Alice Springs,City/Region,245.9,Alice Springs,https://aip.com.au/pricing/petrol/northern-territory-retail-petrol-prices/alice-springs/
2025-11-16,16 Nov,2025,ULP,NT,Alice Springs,City/Region,246.0,Alice Springs,https://aip.com.au/pricing/petrol/northern-territory-retail-petrol-prices/alice-springs/
2025-11-23,23 Nov,2025,ULP,NT,Alice Springs,City/Region,245.1,Alice Springs,https://aip.com.au/pricing/petrol/northern-territory-retail-petrol-prices/alice-springs/
2025-11-30,30 Nov,2025,ULP,NT,Alice Springs,City/Region,244.7,Alice Springs,https://aip.com.au/pricing/petrol/northern-territory-retail-petrol-prices/alice-springs/
2025-12-07,7 Dec,2025,ULP,NT,Alice Springs,City/Region,244.5,Alice Springs,https://aip.com.au/pricing/petrol/northern-territory-retail-petrol-prices/alice-springs/
2025-12-14,14 Dec,2025,ULP,NT,Alice Springs,City/Region,244.1,Alice Springs,https://aip.com.au/pricing/petrol/northern-territory-retail-petrol-prices/alice-springs/
2025-12-21,21 Dec,2025,ULP,NT,Alice Springs,City/Region,243.8,Alice Springs,https://aip.com.au/pricing/petrol/northern-territory-retail-petrol-prices/alice-springs/
2025-12-28,28 Dec,2025,ULP,NT,Alice Springs,City/Region,243.6,Alice Springs,https://aip.com.au/pricing/petrol/northern-territory-retail-petrol-prices/alice-springs/
2026-01-04,4 Jan,2026,ULP,NT,Alice Springs,City/Region,243.8,Alice Springs,https://aip.com.au/pricing/petrol/northern-territory-retail-petrol-prices/alice-springs/
2026-01-11,11 Jan,2026,ULP,NT,Alice Springs,City/Region,243.9,Alice Springs,https://aip.com.au/pricing/petrol/northern-territory-retail-petrol-prices/alice-springs/
2026-01-18,18 Jan,2026,ULP,NT,Alice Springs,City/Region,243.8,Alice Springs,https://aip.com.au/pricing/petrol/northern-territory-retail-petrol-prices/alice-springs/
2026-01-25,25 Jan,2026,ULP,NT,Alice Springs,City/Region,243.6,Alice Springs,https://aip.com.au/pricing/petrol/northern-territory-retail-petrol-prices/alice-springs/
2026-02-01,1 Feb,2026,ULP,NT,Alice Springs,City/Region,242.8,Alice Springs,https://aip.com.au/pricing/petrol/northern-territory-retail-petrol-prices/alice-springs/
2026-02-08,8 Feb,2026,ULP,NT,Alice Springs,City/Region,241.7,Alice Springs,https://aip.com.au/pricing/petrol/northern-territory-retail-petrol-prices/alice-springs/
2026-02-15,15 Feb,2026,ULP,NT,Alice Springs,City/Region,241.0,Alice Springs,https://aip.com.au/pricing/petrol/northern-territory-retail-petrol-prices/alice-springs/
2026-02-22,22 Feb,2026,ULP,NT,Alice Springs,City/Region,241.3,Alice Springs,https://aip.com.au/pricing/petrol/northern-territory-retail-petrol-prices/alice-springs/
2026-03-01,1 Mar,2026,ULP,NT,Alice Springs,City/Region,241.4,Alice Springs,https://aip.com.au/pricing/petrol/northern-territory-retail-petrol-prices/alice-springs/
2026-03-08,8 Mar,2026,ULP,NT,Alice Springs,City/Region,244.5,Alice Springs,https://aip.com.au/pricing/petrol/northern-territory-retail-petrol-prices/alice-springs/
2026-03-15,15 Mar,2026,ULP,NT,Alice Springs,City/Region,259.7,Alice Springs,https://aip.com.au/pricing/petrol/northern-territory-retail-petrol-prices/alice-springs/
2026-03-22,22 Mar,2026,ULP,NT,Alice Springs,City/Region,274.8,Alice Springs,https://aip.com.au/pricing/petrol/northern-territory-retail-petrol-prices/alice-springs/
2026-03-29,29 Mar,2026,ULP,NT,Alice Springs,City/Region,288.9,Alice Springs,https://aip.com.au/pricing/petrol/northern-territory-retail-petrol-prices/alice-springs/
2026-04-05,5 Apr,2026,ULP,NT,Alice Springs,City/Region,289.7,Alice Springs,https://aip.com.au/pricing/petrol/northern-territory-retail-petrol-prices/alice-springs/
2026-04-12,12 Apr,2026,ULP,NT,Alice Springs,City/Region,287.3,Alice Springs,https://aip.com.au/pricing/petrol/northern-territory-retail-petrol-prices/alice-springs/
2026-04-19,19 Apr,2026,ULP,NT,Alice Springs,City/Region,285.9,Alice Springs,https://aip.com.au/pricing/petrol/northern-territory-retail-petrol-prices/alice-springs/
2026-04-26,26 Apr,2026,ULP,NT,Alice Springs,City/Region,236.0,Alice Springs,https://aip.com.au/pricing/petrol/northern-territory-retail-petrol-prices/alice-springs/
2026-05-03,3 May,2026,ULP,NT,Alice Springs,City/Region,277.4,Alice Springs,https://aip.com.au/pricing/petrol/northern-territory-retail-petrol-prices/alice-springs/
2026-05-10,10 May,2026,ULP,NT,Alice Springs,City/Region,283.2,Alice Springs,https://aip.com.au/pricing/petrol/northern-territory-retail-petrol-prices/alice-springs/
2026-05-17,17 May,2026,ULP,NT,Alice Springs,City/Region,284.9,Alice Springs,https://aip.com.au/pricing/petrol/northern-territory-retail-petrol-prices/alice-springs/
2026-05-24,24 May,2026,ULP,NT,Alice Springs,City/Region,280.3,Alice Springs,https://aip.com.au/pricing/petrol/northern-territory-retail-petrol-prices/alice-springs/
2026-05-31,31 May,2026,ULP,NT,Alice Springs,City/Region,270.8,Alice Springs,https://aip.com.au/pricing/petrol/northern-territory-retail-petrol-prices/alice-springs/
2026-06-07,7 Jun,2026,ULP,NT,Alice Springs,City/Region,267.2,Alice Springs,https://aip.com.au/pricing/petrol/northern-territory-retail-petrol-prices/alice-springs/
2026-06-14,14 Jun,2026,ULP,NT,Alice Springs,City/Region,264.2,Alice Springs,https://aip.com.au/pricing/petrol/northern-territory-retail-petrol-prices/alice-springs/
2026-06-21,21 Jun,2026,ULP,NT,Alice Springs,City/Region,263.4,Alice Springs,https://aip.com.au/pricing/petrol/northern-territory-retail-petrol-prices/alice-springs/
2026-06-28,28 Jun,2026,ULP,NT,Alice Springs,City/Region,253.5,Alice Springs,https://aip.com.au/pricing/petrol/northern-territory-retail-petrol-prices/alice-springs/
2026-07-05,5 Jul,2026,ULP,NT,Alice Springs,City/Region,252.3,Alice Springs,https://aip.com.au/pricing/petrol/northern-territory-retail-petrol-prices/alice-springs/
2026-07-12,12 Jul,2026,ULP,NT,Alice Springs,City/Region,251.3,Alice Springs,https://aip.com.au/pricing/petrol/northern-territory-retail-petrol-prices/alice-springs/
2026-07-19,19 Jul,2026,ULP,NT,Alice Springs,City/Region,251.2,Alice Springs,https://aip.com.au/pricing/petrol/northern-territory-retail-petrol-prices/alice-springs/
2026-07-26,26 Jul,2026,ULP,NT,Alice Springs,City/Region,254.1,Alice Springs,https://aip.com.au/pricing/petrol/northern-territory-retail-petrol-prices/alice-springs/
2026-08-02,2 Aug,2026,ULP,NT,Alice Springs,City/Region,259.5,Alice Springs,https://aip.com.au/pricing/petrol/northern-territory-retail-petrol-prices/alice-springs/
2026-08-09,9 Aug,2026,ULP,NT,Alice Springs,City/Region,266.6,Alice Springs,https://aip.com.au/pricing/petrol/northern-territory-retail-petrol-prices/alice-springs/
2026-08-16,16 Aug,2026,ULP,NT,Alice Springs,City/Region,270.2,Alice Springs,https://aip.com.au/pricing/petrol/northern-territory-retail-petrol-prices/alice-springs/
2025-08-24,24 Aug,2025,ULP,NT,Darwin,City/Region,182.8,Darwin,https://aip.com.au/pricing/petrol/northern-territory-retail-petrol-prices/darwin/
2025-08-31,31 Aug,2025,ULP,NT,Darwin,City/Region,184.0,Darwin,https://aip.com.au/pricing/petrol/northern-territory-retail-petrol-prices/darwin/
2025-09-07,7 Sep,2025,ULP,NT,Darwin,City/Region,186.0,Darwin,https://aip.com.au/pricing/petrol/northern-territory-retail-petrol-prices/darwin/
2025-09-14,14 Sep,2025,ULP,NT,Darwin,City/Region,187.0,Darwin,https://aip.com.au/pricing/petrol/northern-territory-retail-petrol-prices/darwin/
2025-09-21,21 Sep,2025,ULP,NT,Darwin,City/Region,187.3,Darwin,https://aip.com.au/pricing/petrol/northern-territory-retail-petrol-prices/darwin/
2025-09-28,28 Sep,2025,ULP,NT,Darwin,City/Region,187.0,Darwin,https://aip.com.au/pricing/petrol/northern-territory-retail-petrol-prices/darwin/
2025-10-05,5 Oct,2025,ULP,NT,Darwin,City/Region,186.8,Darwin,https://aip.com.au/pricing/petrol/northern-territory-retail-petrol-prices/darwin/
2025-10-12,12 Oct,2025,ULP,NT,Darwin,City/Region,187.0,Darwin,https://aip.com.au/pricing/petrol/northern-territory-retail-petrol-prices/darwin/
2025-10-19,19 Oct,2025,ULP,NT,Darwin,City/Region,187.1,Darwin,https://aip.com.au/pricing/petrol/northern-territory-retail-petrol-prices/darwin/
2025-10-26,26 Oct,2025,ULP,NT,Darwin,City/Region,186.9,Darwin,https://aip.com.au/pricing/petrol/northern-territory-retail-petrol-prices/darwin/
2025-11-02,2 Nov,2025,ULP,NT,Darwin,City/Region,187.1,Darwin,https://aip.com.au/pricing/petrol/northern-territory-retail-petrol-prices/darwin/
2025-11-09,9 Nov,2025,ULP,NT,Darwin,City/Region,187.6,Darwin,https://aip.com.au/pricing/petrol/northern-territory-retail-petrol-prices/darwin/
2025-11-16,16 Nov,2025,ULP,NT,Darwin,City/Region,187.8,Darwin,https://aip.com.au/pricing/petrol/northern-territory-retail-petrol-prices/darwin/
2025-11-23,23 Nov,2025,ULP,NT,Darwin,City/Region,187.9,Darwin,https://aip.com.au/pricing/petrol/northern-territory-retail-petrol-prices/darwin/
2025-11-30,30 Nov,2025,ULP,NT,Darwin,City/Region,187.8,Darwin,https://aip.com.au/pricing/petrol/northern-territory-retail-petrol-prices/darwin/
2025-12-07,7 Dec,2025,ULP,NT,Darwin,City/Region,187.1,Darwin,https://aip.com.au/pricing/petrol/northern-territory-retail-petrol-prices/darwin/
2025-12-14,14 Dec,2025,ULP,NT,Darwin,City/Region,185.9,Darwin,https://aip.com.au/pricing/petrol/northern-territory-retail-petrol-prices/darwin/
2025-12-21,21 Dec,2025,ULP,NT,Darwin,City/Region,184.5,Darwin,https://aip.com.au/pricing/petrol/northern-territory-retail-petrol-prices/darwin/
2025-12-28,28 Dec,2025,ULP,NT,Darwin,City/Region,184.1,Darwin,https://aip.com.au/pricing/petrol/northern-territory-retail-petrol-prices/darwin/
2026-01-04,4 Jan,2026,ULP,NT,Darwin,City/Region,184.0,Darwin,https://aip.com.au/pricing/petrol/northern-territory-retail-petrol-prices/darwin/
2026-01-11,11 Jan,2026,ULP,NT,Darwin,City/Region,183.8,Darwin,https://aip.com.au/pricing/petrol/northern-territory-retail-petrol-prices/darwin/
2026-01-18,18 Jan,2026,ULP,NT,Darwin,City/Region,183.7,Darwin,https://aip.com.au/pricing/petrol/northern-territory-retail-petrol-prices/darwin/
2026-01-25,25 Jan,2026,ULP,NT,Darwin,City/Region,182.8,Darwin,https://aip.com.au/pricing/petrol/northern-territory-retail-petrol-prices/darwin/
2026-02-01,1 Feb,2026,ULP,NT,Darwin,City/Region,181.4,Darwin,https://aip.com.au/pricing/petrol/northern-territory-retail-petrol-prices/darwin/
2026-02-08,8 Feb,2026,ULP,NT,Darwin,City/Region,180.1,Darwin,https://aip.com.au/pricing/petrol/northern-territory-retail-petrol-prices/darwin/
2026-02-15,15 Feb,2026,ULP,NT,Darwin,City/Region,179.2,Darwin,https://aip.com.au/pricing/petrol/northern-territory-retail-petrol-prices/darwin/
2026-02-22,22 Feb,2026,ULP,NT,Darwin,City/Region,179.1,Darwin,https://aip.com.au/pricing/petrol/northern-territory-retail-petrol-prices/darwin/
2026-03-01,1 Mar,2026,ULP,NT,Darwin,City/Region,179.4,Darwin,https://aip.com.au/pricing/petrol/northern-territory-retail-petrol-prices/darwin/
2026-03-08,8 Mar,2026,ULP,NT,Darwin,City/Region,193.6,Darwin,https://aip.com.au/pricing/petrol/northern-territory-retail-petrol-prices/darwin/
2026-03-15,15 Mar,2026,ULP,NT,Darwin,City/Region,227.1,Darwin,https://aip.com.au/pricing/petrol/northern-territory-retail-petrol-prices/darwin/
2026-03-22,22 Mar,2026,ULP,NT,Darwin,City/Region,243.5,Darwin,https://aip.com.au/pricing/petrol/northern-territory-retail-petrol-prices/darwin/
2026-03-29,29 Mar,2026,ULP,NT,Darwin,City/Region,258.5,Darwin,https://aip.com.au/pricing/petrol/northern-territory-retail-petrol-prices/darwin/
2026-04-05,5 Apr,2026,ULP,NT,Darwin,City/Region,242.3,Darwin,https://aip.com.au/pricing/petrol/northern-territory-retail-petrol-prices/darwin/
2026-04-12,12 Apr,2026,ULP,NT,Darwin,City/Region,227.3,Darwin,https://aip.com.au/pricing/petrol/northern-territory-retail-petrol-prices/darwin/
2026-04-19,19 Apr,2026,ULP,NT,Darwin,City/Region,215.2,Darwin,https://aip.com.au/pricing/petrol/northern-territory-retail-petrol-prices/darwin/
2026-04-26,26 Apr,2026,ULP,NT,Darwin,City/Region,198.6,Darwin,https://aip.com.au/pricing/petrol/northern-territory-retail-petrol-prices/darwin/
2026-05-03,3 May,2026,ULP,NT,Darwin,City/Region,193.8,Darwin,https://aip.com.au/pricing/petrol/northern-territory-retail-petrol-prices/darwin/
2026-05-10,10 May,2026,ULP,NT,Darwin,City/Region,192.6,Darwin,https://aip.com.au/pricing/petrol/northern-territory-retail-petrol-prices/darwin/
2026-05-17,17 May,2026,ULP,NT,Darwin,City/Region,191.1,Darwin,https://aip.com.au/pricing/petrol/northern-territory-retail-petrol-prices/darwin/
2026-05-24,24 May,2026,ULP,NT,Darwin,City/Region,192.3,Darwin,https://aip.com.au/pricing/petrol/northern-territory-retail-petrol-prices/darwin/
2026-05-31,31 May,2026,ULP,NT,Darwin,City/Region,189.4,Darwin,https://aip.com.au/pricing/petrol/northern-territory-retail-petrol-prices/darwin/
2026-06-07,7 Jun,2026,ULP,NT,Darwin,City/Region,178.7,Darwin,https://aip.com.au/pricing/petrol/northern-territory-retail-petrol-prices/darwin/
2026-06-14,14 Jun,2026,ULP,NT,Darwin,City/Region,172.6,Darwin,https://aip.com.au/pricing/petrol/northern-territory-retail-petrol-prices/darwin/
2026-06-21,21 Jun,2026,ULP,NT,Darwin,City/Region,169.3,Darwin,https://aip.com.au/pricing/petrol/northern-territory-retail-petrol-prices/darwin/
2026-06-28,28 Jun,2026,ULP,NT,Darwin,City/Region,164.7,Darwin,https://aip.com.au/pricing/petrol/northern-territory-retail-petrol-prices/darwin/
2026-07-05,5 Jul,2026,ULP,NT,Darwin,City/Region,167.6,Darwin,https://aip.com.au/pricing/petrol/northern-territory-retail-petrol-prices/darwin/
2026-07-12,12 Jul,2026,ULP,NT,Darwin,City/Region,173.1,Darwin,https://aip.com.au/pricing/petrol/northern-territory-retail-petrol-prices/darwin/
2026-07-19,19 Jul,2026,ULP,NT,Darwin,City/Region,175.8,Darwin,https://aip.com.au/pricing/petrol/northern-territory-retail-petrol-prices/darwin/
2026-07-26,26 Jul,2026,ULP,NT,Darwin,City/Region,187.0,Darwin,https://aip.com.au/pricing/petrol/northern-territory-retail-petrol-prices/darwin/
2026-08-02,2 Aug,2026,ULP,NT,Darwin,City/Region,201.8,Darwin,https://aip.com.au/pricing/petrol/northern-territory-retail-petrol-prices/darwin/
2026-08-09,9 Aug,2026,ULP,NT,Darwin,City/Region,214.2,Darwin,https://aip.com.au/pricing/petrol/northern-territory-retail-petrol-prices/darwin/
2026-08-16,16 Aug,2026,ULP,NT,Darwin,City/Region,210.1,Darwin,https://aip.com.au/pricing/petrol/northern-territory-retail-petrol-prices/darwin/
2025-08-24,24 Aug,2025,ULP,NT,Katherine,City/Region,204.9,Katherine,https://aip.com.au/pricing/petrol/northern-territory-retail-petrol-prices/katherine/
2025-08-31,31 Aug,2025,ULP,NT,Katherine,City/Region,205.1,Katherine,https://aip.com.au/pricing/petrol/northern-territory-retail-petrol-prices/katherine/
2025-09-07,7 Sep,2025,ULP,NT,Katherine,City/Region,204.7,Katherine,https://aip.com.au/pricing/petrol/northern-territory-retail-petrol-prices/katherine/
2025-09-14,14 Sep,2025,ULP,NT,Katherine,City/Region,204.6,Katherine,https://aip.com.au/pricing/petrol/northern-territory-retail-petrol-prices/katherine/
2025-09-21,21 Sep,2025,ULP,NT,Katherine,City/Region,204.6,Katherine,https://aip.com.au/pricing/petrol/northern-territory-retail-petrol-prices/katherine/
2025-09-28,28 Sep,2025,ULP,NT,Katherine,City/Region,204.6,Katherine,https://aip.com.au/pricing/petrol/northern-territory-retail-petrol-prices/katherine/
2025-10-05,5 Oct,2025,ULP,NT,Katherine,City/Region,204.6,Katherine,https://aip.com.au/pricing/petrol/northern-territory-retail-petrol-prices/katherine/
2025-10-12,12 Oct,2025,ULP,NT,Katherine,City/Region,204.6,Katherine,https://aip.com.au/pricing/petrol/northern-territory-retail-petrol-prices/katherine/
2025-10-19,19 Oct,2025,ULP,NT,Katherine,City/Region,204.6,Katherine,https://aip.com.au/pricing/petrol/northern-territory-retail-petrol-prices/katherine/
2025-10-26,26 Oct,2025,ULP,NT,Katherine,City/Region,204.6,Katherine,https://aip.com.au/pricing/petrol/northern-territory-retail-petrol-prices/katherine/
2025-11-02,2 Nov,2025,ULP,NT,Katherine,City/Region,205.1,Katherine,https://aip.com.au/pricing/petrol/northern-territory-retail-petrol-prices/katherine/
2025-11-09,9 Nov,2025,ULP,NT,Katherine,City/Region,207.7,Katherine,https://aip.com.au/pricing/petrol/northern-territory-retail-petrol-prices/katherine/
2025-11-16,16 Nov,2025,ULP,NT,Katherine,City/Region,207.6,Katherine,https://aip.com.au/pricing/petrol/northern-territory-retail-petrol-prices/katherine/
2025-11-23,23 Nov,2025,ULP,NT,Katherine,City/Region,207.9,Katherine,https://aip.com.au/pricing/petrol/northern-territory-retail-petrol-prices/katherine/
2025-11-30,30 Nov,2025,ULP,NT,Katherine,City/Region,208.6,Katherine,https://aip.com.au/pricing/petrol/northern-territory-retail-petrol-prices/katherine/
2025-12-07,7 Dec,2025,ULP,NT,Katherine,City/Region,208.2,Katherine,https://aip.com.au/pricing/petrol/northern-territory-retail-petrol-prices/katherine/
2025-12-14,14 Dec,2025,ULP,NT,Katherine,City/Region,205.7,Katherine,https://aip.com.au/pricing/petrol/northern-territory-retail-petrol-prices/katherine/
2025-12-21,21 Dec,2025,ULP,NT,Katherine,City/Region,205.3,Katherine,https://aip.com.au/pricing/petrol/northern-territory-retail-petrol-prices/katherine/
2025-12-28,28 Dec,2025,ULP,NT,Katherine,City/Region,205.3,Katherine,https://aip.com.au/pricing/petrol/northern-territory-retail-petrol-prices/katherine/
2026-01-04,4 Jan,2026,ULP,NT,Katherine,City/Region,205.3,Katherine,https://aip.com.au/pricing/petrol/northern-territory-retail-petrol-prices/katherine/
2026-01-11,11 Jan,2026,ULP,NT,Katherine,City/Region,204.5,Katherine,https://aip.com.au/pricing/petrol/northern-territory-retail-petrol-prices/katherine/
2026-01-18,18 Jan,2026,ULP,NT,Katherine,City/Region,203.9,Katherine,https://aip.com.au/pricing/petrol/northern-territory-retail-petrol-prices/katherine/
2026-01-25,25 Jan,2026,ULP,NT,Katherine,City/Region,203.4,Katherine,https://aip.com.au/pricing/petrol/northern-territory-retail-petrol-prices/katherine/
2026-02-01,1 Feb,2026,ULP,NT,Katherine,City/Region,203.0,Katherine,https://aip.com.au/pricing/petrol/northern-territory-retail-petrol-prices/katherine/
2026-02-08,8 Feb,2026,ULP,NT,Katherine,City/Region,202.5,Katherine,https://aip.com.au/pricing/petrol/northern-territory-retail-petrol-prices/katherine/
2026-02-15,15 Feb,2026,ULP,NT,Katherine,City/Region,204.1,Katherine,https://aip.com.au/pricing/petrol/northern-territory-retail-petrol-prices/katherine/
2026-02-22,22 Feb,2026,ULP,NT,Katherine,City/Region,205.9,Katherine,https://aip.com.au/pricing/petrol/northern-territory-retail-petrol-prices/katherine/
2026-03-01,1 Mar,2026,ULP,NT,Katherine,City/Region,205.9,Katherine,https://aip.com.au/pricing/petrol/northern-territory-retail-petrol-prices/katherine/
2026-03-08,8 Mar,2026,ULP,NT,Katherine,City/Region,207.0,Katherine,https://aip.com.au/pricing/petrol/northern-territory-retail-petrol-prices/katherine/
2026-03-15,15 Mar,2026,ULP,NT,Katherine,City/Region,220.3,Katherine,https://aip.com.au/pricing/petrol/northern-territory-retail-petrol-prices/katherine/
2026-03-22,22 Mar,2026,ULP,NT,Katherine,City/Region,238.4,Katherine,https://aip.com.au/pricing/petrol/northern-territory-retail-petrol-prices/katherine/
2026-03-29,29 Mar,2026,ULP,NT,Katherine,City/Region,242.7,Katherine,https://aip.com.au/pricing/petrol/northern-territory-retail-petrol-prices/katherine/
2026-04-05,5 Apr,2026,ULP,NT,Katherine,City/Region,256.9,Katherine,https://aip.com.au/pricing/petrol/northern-territory-retail-petrol-prices/katherine/
2026-04-12,12 Apr,2026,ULP,NT,Katherine,City/Region,269.1,Katherine,https://aip.com.au/pricing/petrol/northern-territory-retail-petrol-prices/katherine/
2026-04-19,19 Apr,2026,ULP,NT,Katherine,City/Region,262.1,Katherine,https://aip.com.au/pricing/petrol/northern-territory-retail-petrol-prices/katherine/
2026-04-26,26 Apr,2026,ULP,NT,Katherine,City/Region,258.5,Katherine,https://aip.com.au/pricing/petrol/northern-territory-retail-petrol-prices/katherine/
2026-05-03,3 May,2026,ULP,NT,Katherine,City/Region,250.8,Katherine,https://aip.com.au/pricing/petrol/northern-territory-retail-petrol-prices/katherine/
2026-05-10,10 May,2026,ULP,NT,Katherine,City/Region,245.8,Katherine,https://aip.com.au/pricing/petrol/northern-territory-retail-petrol-prices/katherine/
2026-05-17,17 May,2026,ULP,NT,Katherine,City/Region,245.3,Katherine,https://aip.com.au/pricing/petrol/northern-territory-retail-petrol-prices/katherine/
2026-05-24,24 May,2026,ULP,NT,Katherine,City/Region,235.7,Katherine,https://aip.com.au/pricing/petrol/northern-territory-retail-petrol-prices/katherine/
2026-05-31,31 May,2026,ULP,NT,Katherine,City/Region,234.0,Katherine,https://aip.com.au/pricing/petrol/northern-territory-retail-petrol-prices/katherine/
2026-06-07,7 Jun,2026,ULP,NT,Katherine,City/Region,232.3,Katherine,https://aip.com.au/pricing/petrol/northern-territory-retail-petrol-prices/katherine/
2026-06-14,14 Jun,2026,ULP,NT,Katherine,City/Region,231.7,Katherine,https://aip.com.au/pricing/petrol/northern-territory-retail-petrol-prices/katherine/
2026-06-21,21 Jun,2026,ULP,NT,Katherine,City/Region,231.5,Katherine,https://aip.com.au/pricing/petrol/northern-territory-retail-petrol-prices/katherine/
2026-06-28,28 Jun,2026,ULP,NT,Katherine,City/Region,229.9,Katherine,https://aip.com.au/pricing/petrol/northern-territory-retail-petrol-prices/katherine/
2026-07-05,5 Jul,2026,ULP,NT,Katherine,City/Region,231.5,Katherine,https://aip.com.au/pricing/petrol/northern-territory-retail-petrol-prices/katherine/
2026-07-12,12 Jul,2026,ULP,NT,Katherine,City/Region,232.4,Katherine,https://aip.com.au/pricing/petrol/northern-territory-retail-petrol-prices/katherine/
2026-07-19,19 Jul,2026,ULP,NT,Katherine,City/Region,232.7,Katherine,https://aip.com.au/pricing/petrol/northern-territory-retail-petrol-prices/katherine/
2026-07-26,26 Jul,2026,ULP,NT,Katherine,City/Region,236.2,Katherine,https://aip.com.au/pricing/petrol/northern-territory-retail-petrol-prices/katherine/
2026-08-02,2 Aug,2026,ULP,NT,Katherine,City/Region,242.2,Katherine,https://aip.com.au/pricing/petrol/northern-territory-retail-petrol-prices/katherine/
2026-08-09,9 Aug,2026,ULP,NT,Katherine,City/Region,247.6,Katherine,https://aip.com.au/pricing/petrol/northern-territory-retail-petrol-prices/katherine/
2026-08-16,16 Aug,2026,ULP,NT,Katherine,City/Region,249.1,Katherine,https://aip.com.au/pricing/petrol/northern-territory-retail-petrol-prices/katherine/
2025-08-24,24 Aug,2025,ULP,NT,Northern Territory Regional Average,State Regional Average,234.3,Northern Territory Regional Average,https://aip.com.au/pricing/petrol/northern-territory-retail-petrol-prices/northern-territory-regional-average/
2025-08-31,31 Aug,2025,ULP,NT,Northern Territory Regional Average,State Regional Average,234.7,Northern Territory Regional Average,https://aip.com.au/pricing/petrol/northern-territory-retail-petrol-prices/northern-territory-regional-average/
2025-09-07,7 Sep,2025,ULP,NT,Northern Territory Regional Average,State Regional Average,235.1,Northern Territory Regional Average,https://aip.com.au/pricing/petrol/northern-territory-retail-petrol-prices/northern-territory-regional-average/
2025-09-14,14 Sep,2025,ULP,NT,Northern Territory Regional Average,State Regional Average,235.5,Northern Territory Regional Average,https://aip.com.au/pricing/petrol/northern-territory-retail-petrol-prices/northern-territory-regional-average/
2025-09-21,21 Sep,2025,ULP,NT,Northern Territory Regional Average,State Regional Average,235.7,Northern Territory Regional Average,https://aip.com.au/pricing/petrol/northern-territory-retail-petrol-prices/northern-territory-regional-average/
2025-09-28,28 Sep,2025,ULP,NT,Northern Territory Regional Average,State Regional Average,236.0,Northern Territory Regional Average,https://aip.com.au/pricing/petrol/northern-territory-retail-petrol-prices/northern-territory-regional-average/
2025-10-05,5 Oct,2025,ULP,NT,Northern Territory Regional Average,State Regional Average,236.0,Northern Territory Regional Average,https://aip.com.au/pricing/petrol/northern-territory-retail-petrol-prices/northern-territory-regional-average/
2025-10-12,12 Oct,2025,ULP,NT,Northern Territory Regional Average,State Regional Average,236.0,Northern Territory Regional Average,https://aip.com.au/pricing/petrol/northern-territory-retail-petrol-prices/northern-territory-regional-average/
2025-10-19,19 Oct,2025,ULP,NT,Northern Territory Regional Average,State Regional Average,236.1,Northern Territory Regional Average,https://aip.com.au/pricing/petrol/northern-territory-retail-petrol-prices/northern-territory-regional-average/
2025-10-26,26 Oct,2025,ULP,NT,Northern Territory Regional Average,State Regional Average,235.6,Northern Territory Regional Average,https://aip.com.au/pricing/petrol/northern-territory-retail-petrol-prices/northern-territory-regional-average/
2025-11-02,2 Nov,2025,ULP,NT,Northern Territory Regional Average,State Regional Average,235.5,Northern Territory Regional Average,https://aip.com.au/pricing/petrol/northern-territory-retail-petrol-prices/northern-territory-regional-average/
2025-11-09,9 Nov,2025,ULP,NT,Northern Territory Regional Average,State Regional Average,236.4,Northern Territory Regional Average,https://aip.com.au/pricing/petrol/northern-territory-retail-petrol-prices/northern-territory-regional-average/
2025-11-16,16 Nov,2025,ULP,NT,Northern Territory Regional Average,State Regional Average,236.5,Northern Territory Regional Average,https://aip.com.au/pricing/petrol/northern-territory-retail-petrol-prices/northern-territory-regional-average/
2025-11-23,23 Nov,2025,ULP,NT,Northern Territory Regional Average,State Regional Average,235.9,Northern Territory Regional Average,https://aip.com.au/pricing/petrol/northern-territory-retail-petrol-prices/northern-territory-regional-average/
2025-11-30,30 Nov,2025,ULP,NT,Northern Territory Regional Average,State Regional Average,235.8,Northern Territory Regional Average,https://aip.com.au/pricing/petrol/northern-territory-retail-petrol-prices/northern-territory-regional-average/
2025-12-07,7 Dec,2025,ULP,NT,Northern Territory Regional Average,State Regional Average,235.5,Northern Territory Regional Average,https://aip.com.au/pricing/petrol/northern-territory-retail-petrol-prices/northern-territory-regional-average/
2025-12-14,14 Dec,2025,ULP,NT,Northern Territory Regional Average,State Regional Average,234.7,Northern Territory Regional Average,https://aip.com.au/pricing/petrol/northern-territory-retail-petrol-prices/northern-territory-regional-average/
2025-12-21,21 Dec,2025,ULP,NT,Northern Territory Regional Average,State Regional Average,234.4,Northern Territory Regional Average,https://aip.com.au/pricing/petrol/northern-territory-retail-petrol-prices/northern-territory-regional-average/
2025-12-28,28 Dec,2025,ULP,NT,Northern Territory Regional Average,State Regional Average,234.3,Northern Territory Regional Average,https://aip.com.au/pricing/petrol/northern-territory-retail-petrol-prices/northern-territory-regional-average/
2026-01-04,4 Jan,2026,ULP,NT,Northern Territory Regional Average,State Regional Average,234.4,Northern Territory Regional Average,https://aip.com.au/pricing/petrol/northern-territory-retail-petrol-prices/northern-territory-regional-average/
2026-01-11,11 Jan,2026,ULP,NT,Northern Territory Regional Average,State Regional Average,234.3,Northern Territory Regional Average,https://aip.com.au/pricing/petrol/northern-territory-retail-petrol-prices/northern-territory-regional-average/
2026-01-18,18 Jan,2026,ULP,NT,Northern Territory Regional Average,State Regional Average,234.1,Northern Territory Regional Average,https://aip.com.au/pricing/petrol/northern-territory-retail-petrol-prices/northern-territory-regional-average/
2026-01-25,25 Jan,2026,ULP,NT,Northern Territory Regional Average,State Regional Average,233.8,Northern Territory Regional Average,https://aip.com.au/pricing/petrol/northern-territory-retail-petrol-prices/northern-territory-regional-average/
2026-02-01,1 Feb,2026,ULP,NT,Northern Territory Regional Average,State Regional Average,232.9,Northern Territory Regional Average,https://aip.com.au/pricing/petrol/northern-territory-retail-petrol-prices/northern-territory-regional-average/
2026-02-08,8 Feb,2026,ULP,NT,Northern Territory Regional Average,State Regional Average,231.8,Northern Territory Regional Average,https://aip.com.au/pricing/petrol/northern-territory-retail-petrol-prices/northern-territory-regional-average/
2026-02-15,15 Feb,2026,ULP,NT,Northern Territory Regional Average,State Regional Average,231.7,Northern Territory Regional Average,https://aip.com.au/pricing/petrol/northern-territory-retail-petrol-prices/northern-territory-regional-average/
2026-02-22,22 Feb,2026,ULP,NT,Northern Territory Regional Average,State Regional Average,232.3,Northern Territory Regional Average,https://aip.com.au/pricing/petrol/northern-territory-retail-petrol-prices/northern-territory-regional-average/
2026-03-01,1 Mar,2026,ULP,NT,Northern Territory Regional Average,State Regional Average,232.4,Northern Territory Regional Average,https://aip.com.au/pricing/petrol/northern-territory-retail-petrol-prices/northern-territory-regional-average/
2026-03-08,8 Mar,2026,ULP,NT,Northern Territory Regional Average,State Regional Average,234.9,Northern Territory Regional Average,https://aip.com.au/pricing/petrol/northern-territory-retail-petrol-prices/northern-territory-regional-average/
2026-03-15,15 Mar,2026,ULP,NT,Northern Territory Regional Average,State Regional Average,248.8,Northern Territory Regional Average,https://aip.com.au/pricing/petrol/northern-territory-retail-petrol-prices/northern-territory-regional-average/
2026-03-22,22 Mar,2026,ULP,NT,Northern Territory Regional Average,State Regional Average,263.9,Northern Territory Regional Average,https://aip.com.au/pricing/petrol/northern-territory-retail-petrol-prices/northern-territory-regional-average/
2026-03-29,29 Mar,2026,ULP,NT,Northern Territory Regional Average,State Regional Average,277.0,Northern Territory Regional Average,https://aip.com.au/pricing/petrol/northern-territory-retail-petrol-prices/northern-territory-regional-average/
2026-04-05,5 Apr,2026,ULP,NT,Northern Territory Regional Average,State Regional Average,281.6,Northern Territory Regional Average,https://aip.com.au/pricing/petrol/northern-territory-retail-petrol-prices/northern-territory-regional-average/
2026-04-12,12 Apr,2026,ULP,NT,Northern Territory Regional Average,State Regional Average,283.2,Northern Territory Regional Average,https://aip.com.au/pricing/petrol/northern-territory-retail-petrol-prices/northern-territory-regional-average/
2026-04-19,19 Apr,2026,ULP,NT,Northern Territory Regional Average,State Regional Average,280.7,Northern Territory Regional Average,https://aip.com.au/pricing/petrol/northern-territory-retail-petrol-prices/northern-territory-regional-average/
2026-04-26,26 Apr,2026,ULP,NT,Northern Territory Regional Average,State Regional Average,234.6,Northern Territory Regional Average,https://aip.com.au/pricing/petrol/northern-territory-retail-petrol-prices/northern-territory-regional-average/
2026-05-03,3 May,2026,ULP,NT,Northern Territory Regional Average,State Regional Average,272.1,Northern Territory Regional Average,https://aip.com.au/pricing/petrol/northern-territory-retail-petrol-prices/northern-territory-regional-average/
2026-05-10,10 May,2026,ULP,NT,Northern Territory Regional Average,State Regional Average,275.3,Northern Territory Regional Average,https://aip.com.au/pricing/petrol/northern-territory-retail-petrol-prices/northern-territory-regional-average/
2026-05-17,17 May,2026,ULP,NT,Northern Territory Regional Average,State Regional Average,275.6,Northern Territory Regional Average,https://aip.com.au/pricing/petrol/northern-territory-retail-petrol-prices/northern-territory-regional-average/
2026-05-24,24 May,2026,ULP,NT,Northern Territory Regional Average,State Regional Average,269.0,Northern Territory Regional Average,https://aip.com.au/pricing/petrol/northern-territory-retail-petrol-prices/northern-territory-regional-average/
2026-05-31,31 May,2026,ULP,NT,Northern Territory Regional Average,State Regional Average,261.4,Northern Territory Regional Average,https://aip.com.au/pricing/petrol/northern-territory-retail-petrol-prices/northern-territory-regional-average/
2026-06-07,7 Jun,2026,ULP,NT,Northern Territory Regional Average,State Regional Average,258.5,Northern Territory Regional Average,https://aip.com.au/pricing/petrol/northern-territory-retail-petrol-prices/northern-territory-regional-average/
2026-06-14,14 Jun,2026,ULP,NT,Northern Territory Regional Average,State Regional Average,255.8,Northern Territory Regional Average,https://aip.com.au/pricing/petrol/northern-territory-retail-petrol-prices/northern-territory-regional-average/
2026-06-21,21 Jun,2026,ULP,NT,Northern Territory Regional Average,State Regional Average,254.9,Northern Territory Regional Average,https://aip.com.au/pricing/petrol/northern-territory-retail-petrol-prices/northern-territory-regional-average/
2026-06-28,28 Jun,2026,ULP,NT,Northern Territory Regional Average,State Regional Average,247.3,Northern Territory Regional Average,https://aip.com.au/pricing/petrol/northern-territory-retail-petrol-prices/northern-territory-regional-average/
2026-07-05,5 Jul,2026,ULP,NT,Northern Territory Regional Average,State Regional Average,246.8,Northern Territory Regional Average,https://aip.com.au/pricing/petrol/northern-territory-retail-petrol-prices/northern-territory-regional-average/
2026-07-12,12 Jul,2026,ULP,NT,Northern Territory Regional Average,State Regional Average,246.3,Northern Territory Regional Average,https://aip.com.au/pricing/petrol/northern-territory-retail-petrol-prices/northern-territory-regional-average/
2026-07-19,19 Jul,2026,ULP,NT,Northern Territory Regional Average,State Regional Average,246.2,Northern Territory Regional Average,https://aip.com.au/pricing/petrol/northern-territory-retail-petrol-prices/northern-territory-regional-average/
2026-07-26,26 Jul,2026,ULP,NT,Northern Territory Regional Average,State Regional Average,248.8,Northern Territory Regional Average,https://aip.com.au/pricing/petrol/northern-territory-retail-petrol-prices/northern-territory-regional-average/
2026-08-02,2 Aug,2026,ULP,NT,Northern Territory Regional Average,State Regional Average,253.8,Northern Territory Regional Average,https://aip.com.au/pricing/petrol/northern-territory-retail-petrol-prices/northern-territory-regional-average/
2026-08-09,9 Aug,2026,ULP,NT,Northern Territory Regional Average,State Regional Average,261.0,Northern Territory Regional Average,https://aip.com.au/pricing/petrol/northern-territory-retail-petrol-prices/northern-territory-regional-average/
2026-08-16,16 Aug,2026,ULP,NT,Northern Territory Regional Average,State Regional Average,264.0,Northern Territory Regional Average,https://aip.com.au/pricing/petrol/northern-territory-retail-petrol-prices/northern-territory-regional-average/
2025-08-24,24 Aug,2025,ULP,NT,Northern Territory State Average,State Average,196.6,Northern Territory State Average,https://aip.com.au/pricing/petrol/northern-territory-retail-petrol-prices/northern-territory-state-average/
2025-08-31,31 Aug,2025,ULP,NT,Northern Territory State Average,State Average,197.6,Northern Territory State Average,https://aip.com.au/pricing/petrol/northern-territory-retail-petrol-prices/northern-territory-state-average/
2025-09-07,7 Sep,2025,ULP,NT,Northern Territory State Average,State Average,199.2,Northern Territory State Average,https://aip.com.au/pricing/petrol/northern-territory-retail-petrol-prices/northern-territory-state-average/
2025-09-14,14 Sep,2025,ULP,NT,Northern Territory State Average,State Average,200.0,Northern Territory State Average,https://aip.com.au/pricing/petrol/northern-territory-retail-petrol-prices/northern-territory-state-average/
2025-09-21,21 Sep,2025,ULP,NT,Northern Territory State Average,State Average,200.3,Northern Territory State Average,https://aip.com.au/pricing/petrol/northern-territory-retail-petrol-prices/northern-territory-state-average/
2025-09-28,28 Sep,2025,ULP,NT,Northern Territory State Average,State Average,200.2,Northern Territory State Average,https://aip.com.au/pricing/petrol/northern-territory-retail-petrol-prices/northern-territory-state-average/
2025-10-05,5 Oct,2025,ULP,NT,Northern Territory State Average,State Average,200.0,Northern Territory State Average,https://aip.com.au/pricing/petrol/northern-territory-retail-petrol-prices/northern-territory-state-average/
2025-10-12,12 Oct,2025,ULP,NT,Northern Territory State Average,State Average,200.2,Northern Territory State Average,https://aip.com.au/pricing/petrol/northern-territory-retail-petrol-prices/northern-territory-state-average/
2025-10-19,19 Oct,2025,ULP,NT,Northern Territory State Average,State Average,200.2,Northern Territory State Average,https://aip.com.au/pricing/petrol/northern-territory-retail-petrol-prices/northern-territory-state-average/
2025-10-26,26 Oct,2025,ULP,NT,Northern Territory State Average,State Average,200.0,Northern Territory State Average,https://aip.com.au/pricing/petrol/northern-territory-retail-petrol-prices/northern-territory-state-average/
2025-11-02,2 Nov,2025,ULP,NT,Northern Territory State Average,State Average,200.1,Northern Territory State Average,https://aip.com.au/pricing/petrol/northern-territory-retail-petrol-prices/northern-territory-state-average/
2025-11-09,9 Nov,2025,ULP,NT,Northern Territory State Average,State Average,200.7,Northern Territory State Average,https://aip.com.au/pricing/petrol/northern-territory-retail-petrol-prices/northern-territory-state-average/
2025-11-16,16 Nov,2025,ULP,NT,Northern Territory State Average,State Average,200.9,Northern Territory State Average,https://aip.com.au/pricing/petrol/northern-territory-retail-petrol-prices/northern-territory-state-average/
2025-11-23,23 Nov,2025,ULP,NT,Northern Territory State Average,State Average,200.8,Northern Territory State Average,https://aip.com.au/pricing/petrol/northern-territory-retail-petrol-prices/northern-territory-state-average/
2025-11-30,30 Nov,2025,ULP,NT,Northern Territory State Average,State Average,200.7,Northern Territory State Average,https://aip.com.au/pricing/petrol/northern-territory-retail-petrol-prices/northern-territory-state-average/
2025-12-07,7 Dec,2025,ULP,NT,Northern Territory State Average,State Average,200.1,Northern Territory State Average,https://aip.com.au/pricing/petrol/northern-territory-retail-petrol-prices/northern-territory-state-average/
2025-12-14,14 Dec,2025,ULP,NT,Northern Territory State Average,State Average,199.0,Northern Territory State Average,https://aip.com.au/pricing/petrol/northern-territory-retail-petrol-prices/northern-territory-state-average/
2025-12-21,21 Dec,2025,ULP,NT,Northern Territory State Average,State Average,197.9,Northern Territory State Average,https://aip.com.au/pricing/petrol/northern-territory-retail-petrol-prices/northern-territory-state-average/
2025-12-28,28 Dec,2025,ULP,NT,Northern Territory State Average,State Average,197.6,Northern Territory State Average,https://aip.com.au/pricing/petrol/northern-territory-retail-petrol-prices/northern-territory-state-average/
2026-01-04,4 Jan,2026,ULP,NT,Northern Territory State Average,State Average,197.6,Northern Territory State Average,https://aip.com.au/pricing/petrol/northern-territory-retail-petrol-prices/northern-territory-state-average/
2026-01-11,11 Jan,2026,ULP,NT,Northern Territory State Average,State Average,197.4,Northern Territory State Average,https://aip.com.au/pricing/petrol/northern-territory-retail-petrol-prices/northern-territory-state-average/
2026-01-18,18 Jan,2026,ULP,NT,Northern Territory State Average,State Average,197.3,Northern Territory State Average,https://aip.com.au/pricing/petrol/northern-territory-retail-petrol-prices/northern-territory-state-average/
2026-01-25,25 Jan,2026,ULP,NT,Northern Territory State Average,State Average,196.5,Northern Territory State Average,https://aip.com.au/pricing/petrol/northern-territory-retail-petrol-prices/northern-territory-state-average/
2026-02-01,1 Feb,2026,ULP,NT,Northern Territory State Average,State Average,195.2,Northern Territory State Average,https://aip.com.au/pricing/petrol/northern-territory-retail-petrol-prices/northern-territory-state-average/
2026-02-08,8 Feb,2026,ULP,NT,Northern Territory State Average,State Average,194.0,Northern Territory State Average,https://aip.com.au/pricing/petrol/northern-territory-retail-petrol-prices/northern-territory-state-average/
2026-02-15,15 Feb,2026,ULP,NT,Northern Territory State Average,State Average,193.3,Northern Territory State Average,https://aip.com.au/pricing/petrol/northern-territory-retail-petrol-prices/northern-territory-state-average/
2026-02-22,22 Feb,2026,ULP,NT,Northern Territory State Average,State Average,193.4,Northern Territory State Average,https://aip.com.au/pricing/petrol/northern-territory-retail-petrol-prices/northern-territory-state-average/
2026-03-01,1 Mar,2026,ULP,NT,Northern Territory State Average,State Average,193.6,Northern Territory State Average,https://aip.com.au/pricing/petrol/northern-territory-retail-petrol-prices/northern-territory-state-average/
2026-03-08,8 Mar,2026,ULP,NT,Northern Territory State Average,State Average,204.7,Northern Territory State Average,https://aip.com.au/pricing/petrol/northern-territory-retail-petrol-prices/northern-territory-state-average/
2026-03-15,15 Mar,2026,ULP,NT,Northern Territory State Average,State Average,232.9,Northern Territory State Average,https://aip.com.au/pricing/petrol/northern-territory-retail-petrol-prices/northern-territory-state-average/
2026-03-22,22 Mar,2026,ULP,NT,Northern Territory State Average,State Average,249.0,Northern Territory State Average,https://aip.com.au/pricing/petrol/northern-territory-retail-petrol-prices/northern-territory-state-average/
2026-03-29,29 Mar,2026,ULP,NT,Northern Territory State Average,State Average,263.5,Northern Territory State Average,https://aip.com.au/pricing/petrol/northern-territory-retail-petrol-prices/northern-territory-state-average/
2026-04-05,5 Apr,2026,ULP,NT,Northern Territory State Average,State Average,252.8,Northern Territory State Average,https://aip.com.au/pricing/petrol/northern-territory-retail-petrol-prices/northern-territory-state-average/
2026-04-12,12 Apr,2026,ULP,NT,Northern Territory State Average,State Average,242.3,Northern Territory State Average,https://aip.com.au/pricing/petrol/northern-territory-retail-petrol-prices/northern-territory-state-average/
2026-04-19,19 Apr,2026,ULP,NT,Northern Territory State Average,State Average,232.8,Northern Territory State Average,https://aip.com.au/pricing/petrol/northern-territory-retail-petrol-prices/northern-territory-state-average/
2026-04-26,26 Apr,2026,ULP,NT,Northern Territory State Average,State Average,208.3,Northern Territory State Average,https://aip.com.au/pricing/petrol/northern-territory-retail-petrol-prices/northern-territory-state-average/
2026-05-03,3 May,2026,ULP,NT,Northern Territory State Average,State Average,214.8,Northern Territory State Average,https://aip.com.au/pricing/petrol/northern-territory-retail-petrol-prices/northern-territory-state-average/
2026-05-10,10 May,2026,ULP,NT,Northern Territory State Average,State Average,214.8,Northern Territory State Average,https://aip.com.au/pricing/petrol/northern-territory-retail-petrol-prices/northern-territory-state-average/
2026-05-17,17 May,2026,ULP,NT,Northern Territory State Average,State Average,213.8,Northern Territory State Average,https://aip.com.au/pricing/petrol/northern-territory-retail-petrol-prices/northern-territory-state-average/
2026-05-24,24 May,2026,ULP,NT,Northern Territory State Average,State Average,212.9,Northern Territory State Average,https://aip.com.au/pricing/petrol/northern-territory-retail-petrol-prices/northern-territory-state-average/
2026-05-31,31 May,2026,ULP,NT,Northern Territory State Average,State Average,208.8,Northern Territory State Average,https://aip.com.au/pricing/petrol/northern-territory-retail-petrol-prices/northern-territory-state-average/
2026-06-07,7 Jun,2026,ULP,NT,Northern Territory State Average,State Average,200.2,Northern Territory State Average,https://aip.com.au/pricing/petrol/northern-territory-retail-petrol-prices/northern-territory-state-average/
2026-06-14,14 Jun,2026,ULP,NT,Northern Territory State Average,State Average,195.0,Northern Territory State Average,https://aip.com.au/pricing/petrol/northern-territory-retail-petrol-prices/northern-territory-state-average/
2026-06-21,21 Jun,2026,ULP,NT,Northern Territory State Average,State Average,192.3,Northern Territory State Average,https://aip.com.au/pricing/petrol/northern-territory-retail-petrol-prices/northern-territory-state-average/
2026-06-28,28 Jun,2026,ULP,NT,Northern Territory State Average,State Average,186.9,Northern Territory State Average,https://aip.com.au/pricing/petrol/northern-territory-retail-petrol-prices/northern-territory-state-average/
2026-07-05,5 Jul,2026,ULP,NT,Northern Territory State Average,State Average,188.9,Northern Territory State Average,https://aip.com.au/pricing/petrol/northern-territory-retail-petrol-prices/northern-territory-state-average/
2026-07-12,12 Jul,2026,ULP,NT,Northern Territory State Average,State Average,192.8,Northern Territory State Average,https://aip.com.au/pricing/petrol/northern-territory-retail-petrol-prices/northern-territory-state-average/
2026-07-19,19 Jul,2026,ULP,NT,Northern Territory State Average,State Average,194.7,Northern Territory State Average,https://aip.com.au/pricing/petrol/northern-territory-retail-petrol-prices/northern-territory-state-average/
2026-07-26,26 Jul,2026,ULP,NT,Northern Territory State Average,State Average,203.6,Northern Territory State Average,https://aip.com.au/pricing/petrol/northern-territory-retail-petrol-prices/northern-territory-state-average/
2026-08-02,2 Aug,2026,ULP,NT,Northern Territory State Average,State Average,215.8,Northern Territory State Average,https://aip.com.au/pricing/petrol/northern-territory-retail-petrol-prices/northern-territory-state-average/
2026-08-09,9 Aug,2026,ULP,NT,Northern Territory State Average,State Average,226.8,Northern Territory State Average,https://aip.com.au/pricing/petrol/northern-territory-retail-petrol-prices/northern-territory-state-average/
2026-08-16,16 Aug,2026,ULP,NT,Northern Territory State Average,State Average,224.6,Northern Territory State Average,https://aip.com.au/pricing/petrol/northern-territory-retail-petrol-prices/northern-territory-state-average/
2025-08-24,24 Aug,2025,ULP,National,5 Capital City Average,National Capital City Average,179.8,5 Capital City Average,https://aip.com.au/pricing/petrol/national-retail-petrol-prices/5-capital-city-average/
2025-08-31,31 Aug,2025,ULP,National,5 Capital City Average,National Capital City Average,174.4,5 Capital City Average,https://aip.com.au/pricing/petrol/national-retail-petrol-prices/5-capital-city-average/
2025-09-07,7 Sep,2025,ULP,National,5 Capital City Average,National Capital City Average,174.8,5 Capital City Average,https://aip.com.au/pricing/petrol/national-retail-petrol-prices/5-capital-city-average/
2025-09-14,14 Sep,2025,ULP,National,5 Capital City Average,National Capital City Average,178.6,5 Capital City Average,https://aip.com.au/pricing/petrol/national-retail-petrol-prices/5-capital-city-average/
2025-09-21,21 Sep,2025,ULP,National,5 Capital City Average,National Capital City Average,183.9,5 Capital City Average,https://aip.com.au/pricing/petrol/national-retail-petrol-prices/5-capital-city-average/
2025-09-28,28 Sep,2025,ULP,National,5 Capital City Average,National Capital City Average,186.7,5 Capital City Average,https://aip.com.au/pricing/petrol/national-retail-petrol-prices/5-capital-city-average/
2025-10-05,5 Oct,2025,ULP,National,5 Capital City Average,National Capital City Average,178.2,5 Capital City Average,https://aip.com.au/pricing/petrol/national-retail-petrol-prices/5-capital-city-average/
2025-10-12,12 Oct,2025,ULP,National,5 Capital City Average,National Capital City Average,175.5,5 Capital City Average,https://aip.com.au/pricing/petrol/national-retail-petrol-prices/5-capital-city-average/
2025-10-19,19 Oct,2025,ULP,National,5 Capital City Average,National Capital City Average,174.6,5 Capital City Average,https://aip.com.au/pricing/petrol/national-retail-petrol-prices/5-capital-city-average/
2025-10-26,26 Oct,2025,ULP,National,5 Capital City Average,National Capital City Average,180.2,5 Capital City Average,https://aip.com.au/pricing/petrol/national-retail-petrol-prices/5-capital-city-average/
2025-11-02,2 Nov,2025,ULP,National,5 Capital City Average,National Capital City Average,183.9,5 Capital City Average,https://aip.com.au/pricing/petrol/national-retail-petrol-prices/5-capital-city-average/
2025-11-09,9 Nov,2025,ULP,National,5 Capital City Average,National Capital City Average,182.5,5 Capital City Average,https://aip.com.au/pricing/petrol/national-retail-petrol-prices/5-capital-city-average/
2025-11-16,16 Nov,2025,ULP,National,5 Capital City Average,National Capital City Average,179.5,5 Capital City Average,https://aip.com.au/pricing/petrol/national-retail-petrol-prices/5-capital-city-average/
2025-11-23,23 Nov,2025,ULP,National,5 Capital City Average,National Capital City Average,182.1,5 Capital City Average,https://aip.com.au/pricing/petrol/national-retail-petrol-prices/5-capital-city-average/
2025-11-30,30 Nov,2025,ULP,National,5 Capital City Average,National Capital City Average,186.0,5 Capital City Average,https://aip.com.au/pricing/petrol/national-retail-petrol-prices/5-capital-city-average/
2025-12-07,7 Dec,2025,ULP,National,5 Capital City Average,National Capital City Average,186.4,5 Capital City Average,https://aip.com.au/pricing/petrol/national-retail-petrol-prices/5-capital-city-average/
2025-12-14,14 Dec,2025,ULP,National,5 Capital City Average,National Capital City Average,187.0,5 Capital City Average,https://aip.com.au/pricing/petrol/national-retail-petrol-prices/5-capital-city-average/
2025-12-21,21 Dec,2025,ULP,National,5 Capital City Average,National Capital City Average,178.2,5 Capital City Average,https://aip.com.au/pricing/petrol/national-retail-petrol-prices/5-capital-city-average/
2025-12-28,28 Dec,2025,ULP,National,5 Capital City Average,National Capital City Average,174.9,5 Capital City Average,https://aip.com.au/pricing/petrol/national-retail-petrol-prices/5-capital-city-average/
2026-01-04,4 Jan,2026,ULP,National,5 Capital City Average,National Capital City Average,174.7,5 Capital City Average,https://aip.com.au/pricing/petrol/national-retail-petrol-prices/5-capital-city-average/
2026-01-11,11 Jan,2026,ULP,National,5 Capital City Average,National Capital City Average,176.7,5 Capital City Average,https://aip.com.au/pricing/petrol/national-retail-petrol-prices/5-capital-city-average/
2026-01-18,18 Jan,2026,ULP,National,5 Capital City Average,National Capital City Average,178.1,5 Capital City Average,https://aip.com.au/pricing/petrol/national-retail-petrol-prices/5-capital-city-average/
2026-01-25,25 Jan,2026,ULP,National,5 Capital City Average,National Capital City Average,175.5,5 Capital City Average,https://aip.com.au/pricing/petrol/national-retail-petrol-prices/5-capital-city-average/
2026-02-01,1 Feb,2026,ULP,National,5 Capital City Average,National Capital City Average,168.0,5 Capital City Average,https://aip.com.au/pricing/petrol/national-retail-petrol-prices/5-capital-city-average/
2026-02-08,8 Feb,2026,ULP,National,5 Capital City Average,National Capital City Average,162.4,5 Capital City Average,https://aip.com.au/pricing/petrol/national-retail-petrol-prices/5-capital-city-average/
2026-02-15,15 Feb,2026,ULP,National,5 Capital City Average,National Capital City Average,163.3,5 Capital City Average,https://aip.com.au/pricing/petrol/national-retail-petrol-prices/5-capital-city-average/
2026-02-22,22 Feb,2026,ULP,National,5 Capital City Average,National Capital City Average,170.0,5 Capital City Average,https://aip.com.au/pricing/petrol/national-retail-petrol-prices/5-capital-city-average/
2026-03-01,1 Mar,2026,ULP,National,5 Capital City Average,National Capital City Average,183.8,5 Capital City Average,https://aip.com.au/pricing/petrol/national-retail-petrol-prices/5-capital-city-average/
2026-03-08,8 Mar,2026,ULP,National,5 Capital City Average,National Capital City Average,200.1,5 Capital City Average,https://aip.com.au/pricing/petrol/national-retail-petrol-prices/5-capital-city-average/
2026-03-15,15 Mar,2026,ULP,National,5 Capital City Average,National Capital City Average,219.8,5 Capital City Average,https://aip.com.au/pricing/petrol/national-retail-petrol-prices/5-capital-city-average/
2026-03-22,22 Mar,2026,ULP,National,5 Capital City Average,National Capital City Average,237.3,5 Capital City Average,https://aip.com.au/pricing/petrol/national-retail-petrol-prices/5-capital-city-average/
2026-03-29,29 Mar,2026,ULP,National,5 Capital City Average,National Capital City Average,252.9,5 Capital City Average,https://aip.com.au/pricing/petrol/national-retail-petrol-prices/5-capital-city-average/
2026-04-05,5 Apr,2026,ULP,National,5 Capital City Average,National Capital City Average,238.3,5 Capital City Average,https://aip.com.au/pricing/petrol/national-retail-petrol-prices/5-capital-city-average/
2026-04-12,12 Apr,2026,ULP,National,5 Capital City Average,National Capital City Average,222.7,5 Capital City Average,https://aip.com.au/pricing/petrol/national-retail-petrol-prices/5-capital-city-average/
2026-04-19,19 Apr,2026,ULP,National,5 Capital City Average,National Capital City Average,210.4,5 Capital City Average,https://aip.com.au/pricing/petrol/national-retail-petrol-prices/5-capital-city-average/
2026-04-26,26 Apr,2026,ULP,National,5 Capital City Average,National Capital City Average,188.4,5 Capital City Average,https://aip.com.au/pricing/petrol/national-retail-petrol-prices/5-capital-city-average/
2026-05-03,3 May,2026,ULP,National,5 Capital City Average,National Capital City Average,179.9,5 Capital City Average,https://aip.com.au/pricing/petrol/national-retail-petrol-prices/5-capital-city-average/
2026-05-10,10 May,2026,ULP,National,5 Capital City Average,National Capital City Average,181.0,5 Capital City Average,https://aip.com.au/pricing/petrol/national-retail-petrol-prices/5-capital-city-average/
2026-05-17,17 May,2026,ULP,National,5 Capital City Average,National Capital City Average,182.5,5 Capital City Average,https://aip.com.au/pricing/petrol/national-retail-petrol-prices/5-capital-city-average/
2026-05-24,24 May,2026,ULP,National,5 Capital City Average,National Capital City Average,184.0,5 Capital City Average,https://aip.com.au/pricing/petrol/national-retail-petrol-prices/5-capital-city-average/
2026-05-31,31 May,2026,ULP,National,5 Capital City Average,National Capital City Average,180.6,5 Capital City Average,https://aip.com.au/pricing/petrol/national-retail-petrol-prices/5-capital-city-average/
2026-06-07,7 Jun,2026,ULP,National,5 Capital City Average,National Capital City Average,170.7,5 Capital City Average,https://aip.com.au/pricing/petrol/national-retail-petrol-prices/5-capital-city-average/
2026-06-14,14 Jun,2026,ULP,National,5 Capital City Average,National Capital City Average,165.1,5 Capital City Average,https://aip.com.au/pricing/petrol/national-retail-petrol-prices/5-capital-city-average/
2026-06-21,21 Jun,2026,ULP,National,5 Capital City Average,National Capital City Average,161.7,5 Capital City Average,https://aip.com.au/pricing/petrol/national-retail-petrol-prices/5-capital-city-average/
2026-06-28,28 Jun,2026,ULP,National,5 Capital City Average,National Capital City Average,155.4,5 Capital City Average,https://aip.com.au/pricing/petrol/national-retail-petrol-prices/5-capital-city-average/
2026-07-05,5 Jul,2026,ULP,National,5 Capital City Average,National Capital City Average,159.4,5 Capital City Average,https://aip.com.au/pricing/petrol/national-retail-petrol-prices/5-capital-city-average/
2026-07-12,12 Jul,2026,ULP,National,5 Capital City Average,National Capital City Average,166.6,5 Capital City Average,https://aip.com.au/pricing/petrol/national-retail-petrol-prices/5-capital-city-average/
2026-07-19,19 Jul,2026,ULP,National,5 Capital City Average,National Capital City Average,170.4,5 Capital City Average,https://aip.com.au/pricing/petrol/national-retail-petrol-prices/5-capital-city-average/
2026-07-26,26 Jul,2026,ULP,National,5 Capital City Average,National Capital City Average,180.5,5 Capital City Average,https://aip.com.au/pricing/petrol/national-retail-petrol-prices/5-capital-city-average/
2026-08-02,2 Aug,2026,ULP,National,5 Capital City Average,National Capital City Average,192.8,5 Capital City Average,https://aip.com.au/pricing/petrol/national-retail-petrol-prices/5-capital-city-average/
2026-08-09,9 Aug,2026,ULP,National,5 Capital City Average,National Capital City Average,205.2,5 Capital City Average,https://aip.com.au/pricing/petrol/national-retail-petrol-prices/5-capital-city-average/
2026-08-16,16 Aug,2026,ULP,National,5 Capital City Average,National Capital City Average,199.4,5 Capital City Average,https://aip.com.au/pricing/petrol/national-retail-petrol-prices/5-capital-city-average/
2025-08-24,24 Aug,2025,ULP,National,National Average,National Average,180.1,National Average,https://aip.com.au/pricing/petrol/national-retail-petrol-prices/national-average/
2025-08-31,31 Aug,2025,ULP,National,National Average,National Average,176.0,National Average,https://aip.com.au/pricing/petrol/national-retail-petrol-prices/national-average/
2025-09-07,7 Sep,2025,ULP,National,National Average,National Average,175.9,National Average,https://aip.com.au/pricing/petrol/national-retail-petrol-prices/national-average/
2025-09-14,14 Sep,2025,ULP,National,National Average,National Average,179.5,National Average,https://aip.com.au/pricing/petrol/national-retail-petrol-prices/national-average/
2025-09-21,21 Sep,2025,ULP,National,National Average,National Average,184.4,National Average,https://aip.com.au/pricing/petrol/national-retail-petrol-prices/national-average/
2025-09-28,28 Sep,2025,ULP,National,National Average,National Average,184.9,National Average,https://aip.com.au/pricing/petrol/national-retail-petrol-prices/national-average/
2025-10-05,5 Oct,2025,ULP,National,National Average,National Average,179.1,National Average,https://aip.com.au/pricing/petrol/national-retail-petrol-prices/national-average/
2025-10-12,12 Oct,2025,ULP,National,National Average,National Average,176.6,National Average,https://aip.com.au/pricing/petrol/national-retail-petrol-prices/national-average/
2025-10-19,19 Oct,2025,ULP,National,National Average,National Average,176.5,National Average,https://aip.com.au/pricing/petrol/national-retail-petrol-prices/national-average/
2025-10-26,26 Oct,2025,ULP,National,National Average,National Average,180.2,National Average,https://aip.com.au/pricing/petrol/national-retail-petrol-prices/national-average/
2025-11-02,2 Nov,2025,ULP,National,National Average,National Average,184.1,National Average,https://aip.com.au/pricing/petrol/national-retail-petrol-prices/national-average/
2025-11-09,9 Nov,2025,ULP,National,National Average,National Average,182.1,National Average,https://aip.com.au/pricing/petrol/national-retail-petrol-prices/national-average/
2025-11-16,16 Nov,2025,ULP,National,National Average,National Average,180.3,National Average,https://aip.com.au/pricing/petrol/national-retail-petrol-prices/national-average/
2025-11-23,23 Nov,2025,ULP,National,National Average,National Average,181.6,National Average,https://aip.com.au/pricing/petrol/national-retail-petrol-prices/national-average/
2025-11-30,30 Nov,2025,ULP,National,National Average,National Average,184.7,National Average,https://aip.com.au/pricing/petrol/national-retail-petrol-prices/national-average/
2025-12-07,7 Dec,2025,ULP,National,National Average,National Average,186.1,National Average,https://aip.com.au/pricing/petrol/national-retail-petrol-prices/national-average/
2025-12-14,14 Dec,2025,ULP,National,National Average,National Average,185.9,National Average,https://aip.com.au/pricing/petrol/national-retail-petrol-prices/national-average/
2025-12-21,21 Dec,2025,ULP,National,National Average,National Average,179.8,National Average,https://aip.com.au/pricing/petrol/national-retail-petrol-prices/national-average/
2025-12-28,28 Dec,2025,ULP,National,National Average,National Average,175.2,National Average,https://aip.com.au/pricing/petrol/national-retail-petrol-prices/national-average/
2026-01-04,4 Jan,2026,ULP,National,National Average,National Average,175.6,National Average,https://aip.com.au/pricing/petrol/national-retail-petrol-prices/national-average/
2026-01-11,11 Jan,2026,ULP,National,National Average,National Average,178.3,National Average,https://aip.com.au/pricing/petrol/national-retail-petrol-prices/national-average/
2026-01-18,18 Jan,2026,ULP,National,National Average,National Average,179.3,National Average,https://aip.com.au/pricing/petrol/national-retail-petrol-prices/national-average/
2026-01-25,25 Jan,2026,ULP,National,National Average,National Average,176.5,National Average,https://aip.com.au/pricing/petrol/national-retail-petrol-prices/national-average/
2026-02-01,1 Feb,2026,ULP,National,National Average,National Average,170.7,National Average,https://aip.com.au/pricing/petrol/national-retail-petrol-prices/national-average/
2026-02-08,8 Feb,2026,ULP,National,National Average,National Average,166.1,National Average,https://aip.com.au/pricing/petrol/national-retail-petrol-prices/national-average/
2026-02-15,15 Feb,2026,ULP,National,National Average,National Average,166.6,National Average,https://aip.com.au/pricing/petrol/national-retail-petrol-prices/national-average/
2026-02-22,22 Feb,2026,ULP,National,National Average,National Average,171.0,National Average,https://aip.com.au/pricing/petrol/national-retail-petrol-prices/national-average/
2026-03-01,1 Mar,2026,ULP,National,National Average,National Average,181.0,National Average,https://aip.com.au/pricing/petrol/national-retail-petrol-prices/national-average/
2026-03-08,8 Mar,2026,ULP,National,National Average,National Average,198.0,National Average,https://aip.com.au/pricing/petrol/national-retail-petrol-prices/national-average/
2026-03-15,15 Mar,2026,ULP,National,National Average,National Average,219.5,National Average,https://aip.com.au/pricing/petrol/national-retail-petrol-prices/national-average/
2026-03-22,22 Mar,2026,ULP,National,National Average,National Average,238.0,National Average,https://aip.com.au/pricing/petrol/national-retail-petrol-prices/national-average/
2026-03-29,29 Mar,2026,ULP,National,National Average,National Average,253.4,National Average,https://aip.com.au/pricing/petrol/national-retail-petrol-prices/national-average/
2026-04-05,5 Apr,2026,ULP,National,National Average,National Average,240.1,National Average,https://aip.com.au/pricing/petrol/national-retail-petrol-prices/national-average/
2026-04-12,12 Apr,2026,ULP,National,National Average,National Average,224.5,National Average,https://aip.com.au/pricing/petrol/national-retail-petrol-prices/national-average/
2026-04-19,19 Apr,2026,ULP,National,National Average,National Average,212.9,National Average,https://aip.com.au/pricing/petrol/national-retail-petrol-prices/national-average/
2026-04-26,26 Apr,2026,ULP,National,National Average,National Average,192.3,National Average,https://aip.com.au/pricing/petrol/national-retail-petrol-prices/national-average/
2026-05-03,3 May,2026,ULP,National,National Average,National Average,183.4,National Average,https://aip.com.au/pricing/petrol/national-retail-petrol-prices/national-average/
2026-05-10,10 May,2026,ULP,National,National Average,National Average,183.6,National Average,https://aip.com.au/pricing/petrol/national-retail-petrol-prices/national-average/
2026-05-17,17 May,2026,ULP,National,National Average,National Average,184.2,National Average,https://aip.com.au/pricing/petrol/national-retail-petrol-prices/national-average/
2026-05-24,24 May,2026,ULP,National,National Average,National Average,185.8,National Average,https://aip.com.au/pricing/petrol/national-retail-petrol-prices/national-average/
2026-05-31,31 May,2026,ULP,National,National Average,National Average,183.3,National Average,https://aip.com.au/pricing/petrol/national-retail-petrol-prices/national-average/
2026-06-07,7 Jun,2026,ULP,National,National Average,National Average,174.9,National Average,https://aip.com.au/pricing/petrol/national-retail-petrol-prices/national-average/
2026-06-14,14 Jun,2026,ULP,National,National Average,National Average,169.3,National Average,https://aip.com.au/pricing/petrol/national-retail-petrol-prices/national-average/
2026-06-21,21 Jun,2026,ULP,National,National Average,National Average,165.8,National Average,https://aip.com.au/pricing/petrol/national-retail-petrol-prices/national-average/
2026-06-28,28 Jun,2026,ULP,National,National Average,National Average,159.7,National Average,https://aip.com.au/pricing/petrol/national-retail-petrol-prices/national-average/
2026-07-05,5 Jul,2026,ULP,National,National Average,National Average,162.9,National Average,https://aip.com.au/pricing/petrol/national-retail-petrol-prices/national-average/
2026-07-12,12 Jul,2026,ULP,National,National Average,National Average,169.4,National Average,https://aip.com.au/pricing/petrol/national-retail-petrol-prices/national-average/
2026-07-19,19 Jul,2026,ULP,National,National Average,National Average,172.8,National Average,https://aip.com.au/pricing/petrol/national-retail-petrol-prices/national-average/
2026-07-26,26 Jul,2026,ULP,National,National Average,National Average,182.3,National Average,https://aip.com.au/pricing/petrol/national-retail-petrol-prices/national-average/
2026-08-02,2 Aug,2026,ULP,National,National Average,National Average,194.2,National Average,https://aip.com.au/pricing/petrol/national-retail-petrol-prices/national-average/
2026-08-09,9 Aug,2026,ULP,National,National Average,National Average,206.6,National Average,https://aip.com.au/pricing/petrol/national-retail-petrol-prices/national-average/
2026-08-16,16 Aug,2026,ULP,National,National Average,National Average,201.5,National Average,https://aip.com.au/pricing/petrol/national-retail-petrol-prices/national-average/
2025-08-24,24 Aug,2025,ULP,National,Total Metropolitan Average,National Metropolitan Average,181.8,Total Metropolitan Average,https://aip.com.au/pricing/petrol/national-retail-petrol-prices/total-metropolitan-average/
2025-08-31,31 Aug,2025,ULP,National,Total Metropolitan Average,National Metropolitan Average,175.7,Total Metropolitan Average,https://aip.com.au/pricing/petrol/national-retail-petrol-prices/total-metropolitan-average/
2025-09-07,7 Sep,2025,ULP,National,Total Metropolitan Average,National Metropolitan Average,175.2,Total Metropolitan Average,https://aip.com.au/pricing/petrol/national-retail-petrol-prices/total-metropolitan-average/
2025-09-14,14 Sep,2025,ULP,National,Total Metropolitan Average,National Metropolitan Average,180.4,Total Metropolitan Average,https://aip.com.au/pricing/petrol/national-retail-petrol-prices/total-metropolitan-average/
2025-09-21,21 Sep,2025,ULP,National,Total Metropolitan Average,National Metropolitan Average,187.4,Total Metropolitan Average,https://aip.com.au/pricing/petrol/national-retail-petrol-prices/total-metropolitan-average/
2025-09-28,28 Sep,2025,ULP,National,Total Metropolitan Average,National Metropolitan Average,188.1,Total Metropolitan Average,https://aip.com.au/pricing/petrol/national-retail-petrol-prices/total-metropolitan-average/
2025-10-05,5 Oct,2025,ULP,National,Total Metropolitan Average,National Metropolitan Average,179.6,Total Metropolitan Average,https://aip.com.au/pricing/petrol/national-retail-petrol-prices/total-metropolitan-average/
2025-10-12,12 Oct,2025,ULP,National,Total Metropolitan Average,National Metropolitan Average,176.2,Total Metropolitan Average,https://aip.com.au/pricing/petrol/national-retail-petrol-prices/total-metropolitan-average/
2025-10-19,19 Oct,2025,ULP,National,Total Metropolitan Average,National Metropolitan Average,176.5,Total Metropolitan Average,https://aip.com.au/pricing/petrol/national-retail-petrol-prices/total-metropolitan-average/
2025-10-26,26 Oct,2025,ULP,National,Total Metropolitan Average,National Metropolitan Average,182.2,Total Metropolitan Average,https://aip.com.au/pricing/petrol/national-retail-petrol-prices/total-metropolitan-average/
2025-11-02,2 Nov,2025,ULP,National,Total Metropolitan Average,National Metropolitan Average,187.4,Total Metropolitan Average,https://aip.com.au/pricing/petrol/national-retail-petrol-prices/total-metropolitan-average/
2025-11-09,9 Nov,2025,ULP,National,Total Metropolitan Average,National Metropolitan Average,184.3,Total Metropolitan Average,https://aip.com.au/pricing/petrol/national-retail-petrol-prices/total-metropolitan-average/
2025-11-16,16 Nov,2025,ULP,National,Total Metropolitan Average,National Metropolitan Average,181.5,Total Metropolitan Average,https://aip.com.au/pricing/petrol/national-retail-petrol-prices/total-metropolitan-average/
2025-11-23,23 Nov,2025,ULP,National,Total Metropolitan Average,National Metropolitan Average,183.4,Total Metropolitan Average,https://aip.com.au/pricing/petrol/national-retail-petrol-prices/total-metropolitan-average/
2025-11-30,30 Nov,2025,ULP,National,Total Metropolitan Average,National Metropolitan Average,187.8,Total Metropolitan Average,https://aip.com.au/pricing/petrol/national-retail-petrol-prices/total-metropolitan-average/
2025-12-07,7 Dec,2025,ULP,National,Total Metropolitan Average,National Metropolitan Average,189.8,Total Metropolitan Average,https://aip.com.au/pricing/petrol/national-retail-petrol-prices/total-metropolitan-average/
2025-12-14,14 Dec,2025,ULP,National,Total Metropolitan Average,National Metropolitan Average,189.7,Total Metropolitan Average,https://aip.com.au/pricing/petrol/national-retail-petrol-prices/total-metropolitan-average/
2025-12-21,21 Dec,2025,ULP,National,Total Metropolitan Average,National Metropolitan Average,181.2,Total Metropolitan Average,https://aip.com.au/pricing/petrol/national-retail-petrol-prices/total-metropolitan-average/
2025-12-28,28 Dec,2025,ULP,National,Total Metropolitan Average,National Metropolitan Average,175.1,Total Metropolitan Average,https://aip.com.au/pricing/petrol/national-retail-petrol-prices/total-metropolitan-average/
2026-01-04,4 Jan,2026,ULP,National,Total Metropolitan Average,National Metropolitan Average,176.0,Total Metropolitan Average,https://aip.com.au/pricing/petrol/national-retail-petrol-prices/total-metropolitan-average/
2026-01-11,11 Jan,2026,ULP,National,Total Metropolitan Average,National Metropolitan Average,180.4,Total Metropolitan Average,https://aip.com.au/pricing/petrol/national-retail-petrol-prices/total-metropolitan-average/
2026-01-18,18 Jan,2026,ULP,National,Total Metropolitan Average,National Metropolitan Average,182.2,Total Metropolitan Average,https://aip.com.au/pricing/petrol/national-retail-petrol-prices/total-metropolitan-average/
2026-01-25,25 Jan,2026,ULP,National,Total Metropolitan Average,National Metropolitan Average,178.5,Total Metropolitan Average,https://aip.com.au/pricing/petrol/national-retail-petrol-prices/total-metropolitan-average/
2026-02-01,1 Feb,2026,ULP,National,Total Metropolitan Average,National Metropolitan Average,170.3,Total Metropolitan Average,https://aip.com.au/pricing/petrol/national-retail-petrol-prices/total-metropolitan-average/
2026-02-08,8 Feb,2026,ULP,National,Total Metropolitan Average,National Metropolitan Average,163.8,Total Metropolitan Average,https://aip.com.au/pricing/petrol/national-retail-petrol-prices/total-metropolitan-average/
2026-02-15,15 Feb,2026,ULP,National,Total Metropolitan Average,National Metropolitan Average,164.8,Total Metropolitan Average,https://aip.com.au/pricing/petrol/national-retail-petrol-prices/total-metropolitan-average/
2026-02-22,22 Feb,2026,ULP,National,Total Metropolitan Average,National Metropolitan Average,171.7,Total Metropolitan Average,https://aip.com.au/pricing/petrol/national-retail-petrol-prices/total-metropolitan-average/
2026-03-01,1 Mar,2026,ULP,National,Total Metropolitan Average,National Metropolitan Average,186.4,Total Metropolitan Average,https://aip.com.au/pricing/petrol/national-retail-petrol-prices/total-metropolitan-average/
2026-03-08,8 Mar,2026,ULP,National,Total Metropolitan Average,National Metropolitan Average,203.5,Total Metropolitan Average,https://aip.com.au/pricing/petrol/national-retail-petrol-prices/total-metropolitan-average/
2026-03-15,15 Mar,2026,ULP,National,Total Metropolitan Average,National Metropolitan Average,220.4,Total Metropolitan Average,https://aip.com.au/pricing/petrol/national-retail-petrol-prices/total-metropolitan-average/
2026-03-22,22 Mar,2026,ULP,National,Total Metropolitan Average,National Metropolitan Average,237.2,Total Metropolitan Average,https://aip.com.au/pricing/petrol/national-retail-petrol-prices/total-metropolitan-average/
2026-03-29,29 Mar,2026,ULP,National,Total Metropolitan Average,National Metropolitan Average,252.6,Total Metropolitan Average,https://aip.com.au/pricing/petrol/national-retail-petrol-prices/total-metropolitan-average/
2026-04-05,5 Apr,2026,ULP,National,Total Metropolitan Average,National Metropolitan Average,238.9,Total Metropolitan Average,https://aip.com.au/pricing/petrol/national-retail-petrol-prices/total-metropolitan-average/
2026-04-12,12 Apr,2026,ULP,National,Total Metropolitan Average,National Metropolitan Average,223.0,Total Metropolitan Average,https://aip.com.au/pricing/petrol/national-retail-petrol-prices/total-metropolitan-average/
2026-04-19,19 Apr,2026,ULP,National,Total Metropolitan Average,National Metropolitan Average,211.2,Total Metropolitan Average,https://aip.com.au/pricing/petrol/national-retail-petrol-prices/total-metropolitan-average/
2026-04-26,26 Apr,2026,ULP,National,Total Metropolitan Average,National Metropolitan Average,189.7,Total Metropolitan Average,https://aip.com.au/pricing/petrol/national-retail-petrol-prices/total-metropolitan-average/
2026-05-03,3 May,2026,ULP,National,Total Metropolitan Average,National Metropolitan Average,180.9,Total Metropolitan Average,https://aip.com.au/pricing/petrol/national-retail-petrol-prices/total-metropolitan-average/
2026-05-10,10 May,2026,ULP,National,Total Metropolitan Average,National Metropolitan Average,181.7,Total Metropolitan Average,https://aip.com.au/pricing/petrol/national-retail-petrol-prices/total-metropolitan-average/
2026-05-17,17 May,2026,ULP,National,Total Metropolitan Average,National Metropolitan Average,183.7,Total Metropolitan Average,https://aip.com.au/pricing/petrol/national-retail-petrol-prices/total-metropolitan-average/
2026-05-24,24 May,2026,ULP,National,Total Metropolitan Average,National Metropolitan Average,185.6,Total Metropolitan Average,https://aip.com.au/pricing/petrol/national-retail-petrol-prices/total-metropolitan-average/
2026-05-31,31 May,2026,ULP,National,Total Metropolitan Average,National Metropolitan Average,182.2,Total Metropolitan Average,https://aip.com.au/pricing/petrol/national-retail-petrol-prices/total-metropolitan-average/
2026-06-07,7 Jun,2026,ULP,National,Total Metropolitan Average,National Metropolitan Average,172.4,Total Metropolitan Average,https://aip.com.au/pricing/petrol/national-retail-petrol-prices/total-metropolitan-average/
2026-06-14,14 Jun,2026,ULP,National,Total Metropolitan Average,National Metropolitan Average,166.4,Total Metropolitan Average,https://aip.com.au/pricing/petrol/national-retail-petrol-prices/total-metropolitan-average/
2026-06-21,21 Jun,2026,ULP,National,Total Metropolitan Average,National Metropolitan Average,162.8,Total Metropolitan Average,https://aip.com.au/pricing/petrol/national-retail-petrol-prices/total-metropolitan-average/
2026-06-28,28 Jun,2026,ULP,National,Total Metropolitan Average,National Metropolitan Average,156.5,Total Metropolitan Average,https://aip.com.au/pricing/petrol/national-retail-petrol-prices/total-metropolitan-average/
2026-07-05,5 Jul,2026,ULP,National,Total Metropolitan Average,National Metropolitan Average,160.0,Total Metropolitan Average,https://aip.com.au/pricing/petrol/national-retail-petrol-prices/total-metropolitan-average/
2026-07-12,12 Jul,2026,ULP,National,Total Metropolitan Average,National Metropolitan Average,167.3,Total Metropolitan Average,https://aip.com.au/pricing/petrol/national-retail-petrol-prices/total-metropolitan-average/
2026-07-19,19 Jul,2026,ULP,National,Total Metropolitan Average,National Metropolitan Average,171.3,Total Metropolitan Average,https://aip.com.au/pricing/petrol/national-retail-petrol-prices/total-metropolitan-average/
2026-07-26,26 Jul,2026,ULP,National,Total Metropolitan Average,National Metropolitan Average,181.0,Total Metropolitan Average,https://aip.com.au/pricing/petrol/national-retail-petrol-prices/total-metropolitan-average/
2026-08-02,2 Aug,2026,ULP,National,Total Metropolitan Average,National Metropolitan Average,193.2,Total Metropolitan Average,https://aip.com.au/pricing/petrol/national-retail-petrol-prices/total-metropolitan-average/
2026-08-09,9 Aug,2026,ULP,National,Total Metropolitan Average,National Metropolitan Average,205.7,Total Metropolitan Average,https://aip.com.au/pricing/petrol/national-retail-petrol-prices/total-metropolitan-average/
2026-08-16,16 Aug,2026,ULP,National,Total Metropolitan Average,National Metropolitan Average,199.8,Total Metropolitan Average,https://aip.com.au/pricing/petrol/national-retail-petrol-prices/total-metropolitan-average/
2025-08-24,24 Aug,2025,ULP,National,Total Regional Average,National Regional Average,176.6,Total Regional Average,https://aip.com.au/pricing/petrol/national-retail-petrol-prices/total-regional-average/
2025-08-31,31 Aug,2025,ULP,National,Total Regional Average,National Regional Average,176.8,Total Regional Average,https://aip.com.au/pricing/petrol/national-retail-petrol-prices/total-regional-average/
2025-09-07,7 Sep,2025,ULP,National,Total Regional Average,National Regional Average,177.4,Total Regional Average,https://aip.com.au/pricing/petrol/national-retail-petrol-prices/total-regional-average/
2025-09-14,14 Sep,2025,ULP,National,Total Regional Average,National Regional Average,177.8,Total Regional Average,https://aip.com.au/pricing/petrol/national-retail-petrol-prices/total-regional-average/
2025-09-21,21 Sep,2025,ULP,National,Total Regional Average,National Regional Average,178.2,Total Regional Average,https://aip.com.au/pricing/petrol/national-retail-petrol-prices/total-regional-average/
2025-09-28,28 Sep,2025,ULP,National,Total Regional Average,National Regional Average,178.4,Total Regional Average,https://aip.com.au/pricing/petrol/national-retail-petrol-prices/total-regional-average/
2025-10-05,5 Oct,2025,ULP,National,Total Regional Average,National Regional Average,177.9,Total Regional Average,https://aip.com.au/pricing/petrol/national-retail-petrol-prices/total-regional-average/
2025-10-12,12 Oct,2025,ULP,National,Total Regional Average,National Regional Average,177.4,Total Regional Average,https://aip.com.au/pricing/petrol/national-retail-petrol-prices/total-regional-average/
2025-10-19,19 Oct,2025,ULP,National,Total Regional Average,National Regional Average,176.5,Total Regional Average,https://aip.com.au/pricing/petrol/national-retail-petrol-prices/total-regional-average/
2025-10-26,26 Oct,2025,ULP,National,Total Regional Average,National Regional Average,176.3,Total Regional Average,https://aip.com.au/pricing/petrol/national-retail-petrol-prices/total-regional-average/
2025-11-02,2 Nov,2025,ULP,National,Total Regional Average,National Regional Average,177.2,Total Regional Average,https://aip.com.au/pricing/petrol/national-retail-petrol-prices/total-regional-average/
2025-11-09,9 Nov,2025,ULP,National,Total Regional Average,National Regional Average,177.5,Total Regional Average,https://aip.com.au/pricing/petrol/national-retail-petrol-prices/total-regional-average/
2025-11-16,16 Nov,2025,ULP,National,Total Regional Average,National Regional Average,177.7,Total Regional Average,https://aip.com.au/pricing/petrol/national-retail-petrol-prices/total-regional-average/
2025-11-23,23 Nov,2025,ULP,National,Total Regional Average,National Regional Average,178.1,Total Regional Average,https://aip.com.au/pricing/petrol/national-retail-petrol-prices/total-regional-average/
2025-11-30,30 Nov,2025,ULP,National,Total Regional Average,National Regional Average,178.5,Total Regional Average,https://aip.com.au/pricing/petrol/national-retail-petrol-prices/total-regional-average/
2025-12-07,7 Dec,2025,ULP,National,Total Regional Average,National Regional Average,178.7,Total Regional Average,https://aip.com.au/pricing/petrol/national-retail-petrol-prices/total-regional-average/
2025-12-14,14 Dec,2025,ULP,National,Total Regional Average,National Regional Average,178.2,Total Regional Average,https://aip.com.au/pricing/petrol/national-retail-petrol-prices/total-regional-average/
2025-12-21,21 Dec,2025,ULP,National,Total Regional Average,National Regional Average,176.8,Total Regional Average,https://aip.com.au/pricing/petrol/national-retail-petrol-prices/total-regional-average/
2025-12-28,28 Dec,2025,ULP,National,Total Regional Average,National Regional Average,175.3,Total Regional Average,https://aip.com.au/pricing/petrol/national-retail-petrol-prices/total-regional-average/
2026-01-04,4 Jan,2026,ULP,National,Total Regional Average,National Regional Average,174.7,Total Regional Average,https://aip.com.au/pricing/petrol/national-retail-petrol-prices/total-regional-average/
2026-01-11,11 Jan,2026,ULP,National,Total Regional Average,National Regional Average,174.2,Total Regional Average,https://aip.com.au/pricing/petrol/national-retail-petrol-prices/total-regional-average/
2026-01-18,18 Jan,2026,ULP,National,Total Regional Average,National Regional Average,173.4,Total Regional Average,https://aip.com.au/pricing/petrol/national-retail-petrol-prices/total-regional-average/
2026-01-25,25 Jan,2026,ULP,National,Total Regional Average,National Regional Average,172.5,Total Regional Average,https://aip.com.au/pricing/petrol/national-retail-petrol-prices/total-regional-average/
2026-02-01,1 Feb,2026,ULP,National,Total Regional Average,National Regional Average,171.6,Total Regional Average,https://aip.com.au/pricing/petrol/national-retail-petrol-prices/total-regional-average/
2026-02-08,8 Feb,2026,ULP,National,Total Regional Average,National Regional Average,170.8,Total Regional Average,https://aip.com.au/pricing/petrol/national-retail-petrol-prices/total-regional-average/
2026-02-15,15 Feb,2026,ULP,National,Total Regional Average,National Regional Average,170.1,Total Regional Average,https://aip.com.au/pricing/petrol/national-retail-petrol-prices/total-regional-average/
2026-02-22,22 Feb,2026,ULP,National,Total Regional Average,National Regional Average,169.6,Total Regional Average,https://aip.com.au/pricing/petrol/national-retail-petrol-prices/total-regional-average/
2026-03-01,1 Mar,2026,ULP,National,Total Regional Average,National Regional Average,170.1,Total Regional Average,https://aip.com.au/pricing/petrol/national-retail-petrol-prices/total-regional-average/
2026-03-08,8 Mar,2026,ULP,National,Total Regional Average,National Regional Average,186.7,Total Regional Average,https://aip.com.au/pricing/petrol/national-retail-petrol-prices/total-regional-average/
2026-03-15,15 Mar,2026,ULP,National,Total Regional Average,National Regional Average,217.6,Total Regional Average,https://aip.com.au/pricing/petrol/national-retail-petrol-prices/total-regional-average/
2026-03-22,22 Mar,2026,ULP,National,Total Regional Average,National Regional Average,239.6,Total Regional Average,https://aip.com.au/pricing/petrol/national-retail-petrol-prices/total-regional-average/
2026-03-29,29 Mar,2026,ULP,National,Total Regional Average,National Regional Average,255.2,Total Regional Average,https://aip.com.au/pricing/petrol/national-retail-petrol-prices/total-regional-average/
2026-04-05,5 Apr,2026,ULP,National,Total Regional Average,National Regional Average,242.6,Total Regional Average,https://aip.com.au/pricing/petrol/national-retail-petrol-prices/total-regional-average/
2026-04-12,12 Apr,2026,ULP,National,Total Regional Average,National Regional Average,227.4,Total Regional Average,https://aip.com.au/pricing/petrol/national-retail-petrol-prices/total-regional-average/
2026-04-19,19 Apr,2026,ULP,National,Total Regional Average,National Regional Average,216.4,Total Regional Average,https://aip.com.au/pricing/petrol/national-retail-petrol-prices/total-regional-average/
2026-04-26,26 Apr,2026,ULP,National,Total Regional Average,National Regional Average,197.5,Total Regional Average,https://aip.com.au/pricing/petrol/national-retail-petrol-prices/total-regional-average/
2026-05-03,3 May,2026,ULP,National,Total Regional Average,National Regional Average,188.7,Total Regional Average,https://aip.com.au/pricing/petrol/national-retail-petrol-prices/total-regional-average/
2026-05-10,10 May,2026,ULP,National,Total Regional Average,National Regional Average,187.5,Total Regional Average,https://aip.com.au/pricing/petrol/national-retail-petrol-prices/total-regional-average/
2026-05-17,17 May,2026,ULP,National,Total Regional Average,National Regional Average,185.4,Total Regional Average,https://aip.com.au/pricing/petrol/national-retail-petrol-prices/total-regional-average/
2026-05-24,24 May,2026,ULP,National,Total Regional Average,National Regional Average,186.4,Total Regional Average,https://aip.com.au/pricing/petrol/national-retail-petrol-prices/total-regional-average/
2026-05-31,31 May,2026,ULP,National,Total Regional Average,National Regional Average,185.5,Total Regional Average,https://aip.com.au/pricing/petrol/national-retail-petrol-prices/total-regional-average/
2026-06-07,7 Jun,2026,ULP,National,Total Regional Average,National Regional Average,179.7,Total Regional Average,https://aip.com.au/pricing/petrol/national-retail-petrol-prices/total-regional-average/
2026-06-14,14 Jun,2026,ULP,National,Total Regional Average,National Regional Average,175.1,Total Regional Average,https://aip.com.au/pricing/petrol/national-retail-petrol-prices/total-regional-average/
2026-06-21,21 Jun,2026,ULP,National,Total Regional Average,National Regional Average,171.8,Total Regional Average,https://aip.com.au/pricing/petrol/national-retail-petrol-prices/total-regional-average/
2026-06-28,28 Jun,2026,ULP,National,Total Regional Average,National Regional Average,166.2,Total Regional Average,https://aip.com.au/pricing/petrol/national-retail-petrol-prices/total-regional-average/
2026-07-05,5 Jul,2026,ULP,National,Total Regional Average,National Regional Average,168.8,Total Regional Average,https://aip.com.au/pricing/petrol/national-retail-petrol-prices/total-regional-average/
2026-07-12,12 Jul,2026,ULP,National,Total Regional Average,National Regional Average,173.7,Total Regional Average,https://aip.com.au/pricing/petrol/national-retail-petrol-prices/total-regional-average/
2026-07-19,19 Jul,2026,ULP,National,Total Regional Average,National Regional Average,175.8,Total Regional Average,https://aip.com.au/pricing/petrol/national-retail-petrol-prices/total-regional-average/
2026-07-26,26 Jul,2026,ULP,National,Total Regional Average,National Regional Average,184.9,Total Regional Average,https://aip.com.au/pricing/petrol/national-retail-petrol-prices/total-regional-average/
2026-08-02,2 Aug,2026,ULP,National,Total Regional Average,National Regional Average,196.2,Total Regional Average,https://aip.com.au/pricing/petrol/national-retail-petrol-prices/total-regional-average/
2026-08-09,9 Aug,2026,ULP,National,Total Regional Average,National Regional Average,208.2,Total Regional Average,https://aip.com.au/pricing/petrol/national-retail-petrol-prices/total-regional-average/
2026-08-16,16 Aug,2026,ULP,National,Total Regional Average,National Regional Average,205.0,Total Regional Average,https://aip.com.au/pricing/petrol/national-retail-petrol-prices/total-regional-average/
2025-08-24,24 Aug,2025,ULP,QLD,Brisbane,Capital City,193.0,Brisbane,https://aip.com.au/pricing/petrol/queensland-retail-petrol-prices/brisbane/
2025-08-31,31 Aug,2025,ULP,QLD,Brisbane,Capital City,182.2,Brisbane,https://aip.com.au/pricing/petrol/queensland-retail-petrol-prices/brisbane/
2025-09-07,7 Sep,2025,ULP,QLD,Brisbane,Capital City,175.3,Brisbane,https://aip.com.au/pricing/petrol/queensland-retail-petrol-prices/brisbane/
2025-09-14,14 Sep,2025,ULP,QLD,Brisbane,Capital City,176.5,Brisbane,https://aip.com.au/pricing/petrol/queensland-retail-petrol-prices/brisbane/
2025-09-21,21 Sep,2025,ULP,QLD,Brisbane,Capital City,196.7,Brisbane,https://aip.com.au/pricing/petrol/queensland-retail-petrol-prices/brisbane/
2025-09-28,28 Sep,2025,ULP,QLD,Brisbane,Capital City,198.7,Brisbane,https://aip.com.au/pricing/petrol/queensland-retail-petrol-prices/brisbane/
2025-10-05,5 Oct,2025,ULP,QLD,Brisbane,Capital City,188.1,Brisbane,https://aip.com.au/pricing/petrol/queensland-retail-petrol-prices/brisbane/
2025-10-12,12 Oct,2025,ULP,QLD,Brisbane,Capital City,178.2,Brisbane,https://aip.com.au/pricing/petrol/queensland-retail-petrol-prices/brisbane/
2025-10-19,19 Oct,2025,ULP,QLD,Brisbane,Capital City,174.3,Brisbane,https://aip.com.au/pricing/petrol/queensland-retail-petrol-prices/brisbane/
2025-10-26,26 Oct,2025,ULP,QLD,Brisbane,Capital City,192.8,Brisbane,https://aip.com.au/pricing/petrol/queensland-retail-petrol-prices/brisbane/
2025-11-02,2 Nov,2025,ULP,QLD,Brisbane,Capital City,203.3,Brisbane,https://aip.com.au/pricing/petrol/queensland-retail-petrol-prices/brisbane/
2025-11-09,9 Nov,2025,ULP,QLD,Brisbane,Capital City,195.0,Brisbane,https://aip.com.au/pricing/petrol/queensland-retail-petrol-prices/brisbane/
2025-11-16,16 Nov,2025,ULP,QLD,Brisbane,Capital City,183.9,Brisbane,https://aip.com.au/pricing/petrol/queensland-retail-petrol-prices/brisbane/
2025-11-23,23 Nov,2025,ULP,QLD,Brisbane,Capital City,178.5,Brisbane,https://aip.com.au/pricing/petrol/queensland-retail-petrol-prices/brisbane/
2025-11-30,30 Nov,2025,ULP,QLD,Brisbane,Capital City,198.4,Brisbane,https://aip.com.au/pricing/petrol/queensland-retail-petrol-prices/brisbane/
2025-12-07,7 Dec,2025,ULP,QLD,Brisbane,Capital City,208.4,Brisbane,https://aip.com.au/pricing/petrol/queensland-retail-petrol-prices/brisbane/
2025-12-14,14 Dec,2025,ULP,QLD,Brisbane,Capital City,195.8,Brisbane,https://aip.com.au/pricing/petrol/queensland-retail-petrol-prices/brisbane/
2025-12-21,21 Dec,2025,ULP,QLD,Brisbane,Capital City,177.4,Brisbane,https://aip.com.au/pricing/petrol/queensland-retail-petrol-prices/brisbane/
2025-12-28,28 Dec,2025,ULP,QLD,Brisbane,Capital City,171.6,Brisbane,https://aip.com.au/pricing/petrol/queensland-retail-petrol-prices/brisbane/
2026-01-04,4 Jan,2026,ULP,QLD,Brisbane,Capital City,180.9,Brisbane,https://aip.com.au/pricing/petrol/queensland-retail-petrol-prices/brisbane/
2026-01-11,11 Jan,2026,ULP,QLD,Brisbane,Capital City,195.3,Brisbane,https://aip.com.au/pricing/petrol/queensland-retail-petrol-prices/brisbane/
2026-01-18,18 Jan,2026,ULP,QLD,Brisbane,Capital City,198.9,Brisbane,https://aip.com.au/pricing/petrol/queensland-retail-petrol-prices/brisbane/
2026-01-25,25 Jan,2026,ULP,QLD,Brisbane,Capital City,183.1,Brisbane,https://aip.com.au/pricing/petrol/queensland-retail-petrol-prices/brisbane/
2026-02-01,1 Feb,2026,ULP,QLD,Brisbane,Capital City,165.2,Brisbane,https://aip.com.au/pricing/petrol/queensland-retail-petrol-prices/brisbane/
2026-02-08,8 Feb,2026,ULP,QLD,Brisbane,Capital City,160.1,Brisbane,https://aip.com.au/pricing/petrol/queensland-retail-petrol-prices/brisbane/
2026-02-15,15 Feb,2026,ULP,QLD,Brisbane,Capital City,170.1,Brisbane,https://aip.com.au/pricing/petrol/queensland-retail-petrol-prices/brisbane/
2026-02-22,22 Feb,2026,ULP,QLD,Brisbane,Capital City,187.9,Brisbane,https://aip.com.au/pricing/petrol/queensland-retail-petrol-prices/brisbane/
2026-03-01,1 Mar,2026,ULP,QLD,Brisbane,Capital City,201.6,Brisbane,https://aip.com.au/pricing/petrol/queensland-retail-petrol-prices/brisbane/
2026-03-08,8 Mar,2026,ULP,QLD,Brisbane,Capital City,211.1,Brisbane,https://aip.com.au/pricing/petrol/queensland-retail-petrol-prices/brisbane/
2026-03-15,15 Mar,2026,ULP,QLD,Brisbane,Capital City,221.3,Brisbane,https://aip.com.au/pricing/petrol/queensland-retail-petrol-prices/brisbane/
2026-03-22,22 Mar,2026,ULP,QLD,Brisbane,Capital City,236.0,Brisbane,https://aip.com.au/pricing/petrol/queensland-retail-petrol-prices/brisbane/
2026-03-29,29 Mar,2026,ULP,QLD,Brisbane,Capital City,251.5,Brisbane,https://aip.com.au/pricing/petrol/queensland-retail-petrol-prices/brisbane/
2026-04-05,5 Apr,2026,ULP,QLD,Brisbane,Capital City,239.1,Brisbane,https://aip.com.au/pricing/petrol/queensland-retail-petrol-prices/brisbane/
2026-04-12,12 Apr,2026,ULP,QLD,Brisbane,Capital City,223.9,Brisbane,https://aip.com.au/pricing/petrol/queensland-retail-petrol-prices/brisbane/
2026-04-19,19 Apr,2026,ULP,QLD,Brisbane,Capital City,213.9,Brisbane,https://aip.com.au/pricing/petrol/queensland-retail-petrol-prices/brisbane/
2026-04-26,26 Apr,2026,ULP,QLD,Brisbane,Capital City,191.0,Brisbane,https://aip.com.au/pricing/petrol/queensland-retail-petrol-prices/brisbane/
2026-05-03,3 May,2026,ULP,QLD,Brisbane,Capital City,181.9,Brisbane,https://aip.com.au/pricing/petrol/queensland-retail-petrol-prices/brisbane/
2026-05-10,10 May,2026,ULP,QLD,Brisbane,Capital City,182.6,Brisbane,https://aip.com.au/pricing/petrol/queensland-retail-petrol-prices/brisbane/
2026-05-17,17 May,2026,ULP,QLD,Brisbane,Capital City,187.3,Brisbane,https://aip.com.au/pricing/petrol/queensland-retail-petrol-prices/brisbane/
2026-05-24,24 May,2026,ULP,QLD,Brisbane,Capital City,188.1,Brisbane,https://aip.com.au/pricing/petrol/queensland-retail-petrol-prices/brisbane/
2026-05-31,31 May,2026,ULP,QLD,Brisbane,Capital City,185.1,Brisbane,https://aip.com.au/pricing/petrol/queensland-retail-petrol-prices/brisbane/
2026-06-07,7 Jun,2026,ULP,QLD,Brisbane,Capital City,175.2,Brisbane,https://aip.com.au/pricing/petrol/queensland-retail-petrol-prices/brisbane/
2026-06-14,14 Jun,2026,ULP,QLD,Brisbane,Capital City,169.3,Brisbane,https://aip.com.au/pricing/petrol/queensland-retail-petrol-prices/brisbane/
2026-06-21,21 Jun,2026,ULP,QLD,Brisbane,Capital City,166.1,Brisbane,https://aip.com.au/pricing/petrol/queensland-retail-petrol-prices/brisbane/
2026-06-28,28 Jun,2026,ULP,QLD,Brisbane,Capital City,159.2,Brisbane,https://aip.com.au/pricing/petrol/queensland-retail-petrol-prices/brisbane/
2026-07-05,5 Jul,2026,ULP,QLD,Brisbane,Capital City,160.4,Brisbane,https://aip.com.au/pricing/petrol/queensland-retail-petrol-prices/brisbane/
2026-07-12,12 Jul,2026,ULP,QLD,Brisbane,Capital City,169.9,Brisbane,https://aip.com.au/pricing/petrol/queensland-retail-petrol-prices/brisbane/
2026-07-19,19 Jul,2026,ULP,QLD,Brisbane,Capital City,174.4,Brisbane,https://aip.com.au/pricing/petrol/queensland-retail-petrol-prices/brisbane/
2026-07-26,26 Jul,2026,ULP,QLD,Brisbane,Capital City,183.0,Brisbane,https://aip.com.au/pricing/petrol/queensland-retail-petrol-prices/brisbane/
2026-08-02,2 Aug,2026,ULP,QLD,Brisbane,Capital City,194.7,Brisbane,https://aip.com.au/pricing/petrol/queensland-retail-petrol-prices/brisbane/
2026-08-09,9 Aug,2026,ULP,QLD,Brisbane,Capital City,207.6,Brisbane,https://aip.com.au/pricing/petrol/queensland-retail-petrol-prices/brisbane/
2026-08-16,16 Aug,2026,ULP,QLD,Brisbane,Capital City,202.2,Brisbane,https://aip.com.au/pricing/petrol/queensland-retail-petrol-prices/brisbane/
2025-08-24,24 Aug,2025,ULP,QLD,Queensland Regional Average,State Regional Average,177.5,Queensland Regional Average,https://aip.com.au/pricing/petrol/queensland-retail-petrol-prices/queensland-regional-average/
2025-08-31,31 Aug,2025,ULP,QLD,Queensland Regional Average,State Regional Average,177.2,Queensland Regional Average,https://aip.com.au/pricing/petrol/queensland-retail-petrol-prices/queensland-regional-average/
2025-09-07,7 Sep,2025,ULP,QLD,Queensland Regional Average,State Regional Average,176.9,Queensland Regional Average,https://aip.com.au/pricing/petrol/queensland-retail-petrol-prices/queensland-regional-average/
2025-09-14,14 Sep,2025,ULP,QLD,Queensland Regional Average,State Regional Average,176.6,Queensland Regional Average,https://aip.com.au/pricing/petrol/queensland-retail-petrol-prices/queensland-regional-average/
2025-09-21,21 Sep,2025,ULP,QLD,Queensland Regional Average,State Regional Average,177.9,Queensland Regional Average,https://aip.com.au/pricing/petrol/queensland-retail-petrol-prices/queensland-regional-average/
2025-09-28,28 Sep,2025,ULP,QLD,Queensland Regional Average,State Regional Average,178.6,Queensland Regional Average,https://aip.com.au/pricing/petrol/queensland-retail-petrol-prices/queensland-regional-average/
2025-10-05,5 Oct,2025,ULP,QLD,Queensland Regional Average,State Regional Average,177.5,Queensland Regional Average,https://aip.com.au/pricing/petrol/queensland-retail-petrol-prices/queensland-regional-average/
2025-10-12,12 Oct,2025,ULP,QLD,Queensland Regional Average,State Regional Average,176.3,Queensland Regional Average,https://aip.com.au/pricing/petrol/queensland-retail-petrol-prices/queensland-regional-average/
2025-10-19,19 Oct,2025,ULP,QLD,Queensland Regional Average,State Regional Average,175.2,Queensland Regional Average,https://aip.com.au/pricing/petrol/queensland-retail-petrol-prices/queensland-regional-average/
2025-10-26,26 Oct,2025,ULP,QLD,Queensland Regional Average,State Regional Average,176.6,Queensland Regional Average,https://aip.com.au/pricing/petrol/queensland-retail-petrol-prices/queensland-regional-average/
2025-11-02,2 Nov,2025,ULP,QLD,Queensland Regional Average,State Regional Average,179.0,Queensland Regional Average,https://aip.com.au/pricing/petrol/queensland-retail-petrol-prices/queensland-regional-average/
2025-11-09,9 Nov,2025,ULP,QLD,Queensland Regional Average,State Regional Average,179.0,Queensland Regional Average,https://aip.com.au/pricing/petrol/queensland-retail-petrol-prices/queensland-regional-average/
2025-11-16,16 Nov,2025,ULP,QLD,Queensland Regional Average,State Regional Average,178.3,Queensland Regional Average,https://aip.com.au/pricing/petrol/queensland-retail-petrol-prices/queensland-regional-average/
2025-11-23,23 Nov,2025,ULP,QLD,Queensland Regional Average,State Regional Average,177.6,Queensland Regional Average,https://aip.com.au/pricing/petrol/queensland-retail-petrol-prices/queensland-regional-average/
2025-11-30,30 Nov,2025,ULP,QLD,Queensland Regional Average,State Regional Average,179.3,Queensland Regional Average,https://aip.com.au/pricing/petrol/queensland-retail-petrol-prices/queensland-regional-average/
2025-12-07,7 Dec,2025,ULP,QLD,Queensland Regional Average,State Regional Average,180.5,Queensland Regional Average,https://aip.com.au/pricing/petrol/queensland-retail-petrol-prices/queensland-regional-average/
2025-12-14,14 Dec,2025,ULP,QLD,Queensland Regional Average,State Regional Average,178.7,Queensland Regional Average,https://aip.com.au/pricing/petrol/queensland-retail-petrol-prices/queensland-regional-average/
2025-12-21,21 Dec,2025,ULP,QLD,Queensland Regional Average,State Regional Average,175.9,Queensland Regional Average,https://aip.com.au/pricing/petrol/queensland-retail-petrol-prices/queensland-regional-average/
2025-12-28,28 Dec,2025,ULP,QLD,Queensland Regional Average,State Regional Average,174.0,Queensland Regional Average,https://aip.com.au/pricing/petrol/queensland-retail-petrol-prices/queensland-regional-average/
2026-01-04,4 Jan,2026,ULP,QLD,Queensland Regional Average,State Regional Average,174.0,Queensland Regional Average,https://aip.com.au/pricing/petrol/queensland-retail-petrol-prices/queensland-regional-average/
2026-01-11,11 Jan,2026,ULP,QLD,Queensland Regional Average,State Regional Average,174.5,Queensland Regional Average,https://aip.com.au/pricing/petrol/queensland-retail-petrol-prices/queensland-regional-average/
2026-01-18,18 Jan,2026,ULP,QLD,Queensland Regional Average,State Regional Average,174.5,Queensland Regional Average,https://aip.com.au/pricing/petrol/queensland-retail-petrol-prices/queensland-regional-average/
2026-01-25,25 Jan,2026,ULP,QLD,Queensland Regional Average,State Regional Average,172.7,Queensland Regional Average,https://aip.com.au/pricing/petrol/queensland-retail-petrol-prices/queensland-regional-average/
2026-02-01,1 Feb,2026,ULP,QLD,Queensland Regional Average,State Regional Average,171.0,Queensland Regional Average,https://aip.com.au/pricing/petrol/queensland-retail-petrol-prices/queensland-regional-average/
2026-02-08,8 Feb,2026,ULP,QLD,Queensland Regional Average,State Regional Average,170.2,Queensland Regional Average,https://aip.com.au/pricing/petrol/queensland-retail-petrol-prices/queensland-regional-average/
2026-02-15,15 Feb,2026,ULP,QLD,Queensland Regional Average,State Regional Average,170.1,Queensland Regional Average,https://aip.com.au/pricing/petrol/queensland-retail-petrol-prices/queensland-regional-average/
2026-02-22,22 Feb,2026,ULP,QLD,Queensland Regional Average,State Regional Average,171.0,Queensland Regional Average,https://aip.com.au/pricing/petrol/queensland-retail-petrol-prices/queensland-regional-average/
2026-03-01,1 Mar,2026,ULP,QLD,Queensland Regional Average,State Regional Average,173.5,Queensland Regional Average,https://aip.com.au/pricing/petrol/queensland-retail-petrol-prices/queensland-regional-average/
2026-03-08,8 Mar,2026,ULP,QLD,Queensland Regional Average,State Regional Average,189.3,Queensland Regional Average,https://aip.com.au/pricing/petrol/queensland-retail-petrol-prices/queensland-regional-average/
2026-03-15,15 Mar,2026,ULP,QLD,Queensland Regional Average,State Regional Average,217.4,Queensland Regional Average,https://aip.com.au/pricing/petrol/queensland-retail-petrol-prices/queensland-regional-average/
2026-03-22,22 Mar,2026,ULP,QLD,Queensland Regional Average,State Regional Average,238.7,Queensland Regional Average,https://aip.com.au/pricing/petrol/queensland-retail-petrol-prices/queensland-regional-average/
2026-03-29,29 Mar,2026,ULP,QLD,Queensland Regional Average,State Regional Average,254.9,Queensland Regional Average,https://aip.com.au/pricing/petrol/queensland-retail-petrol-prices/queensland-regional-average/
2026-04-05,5 Apr,2026,ULP,QLD,Queensland Regional Average,State Regional Average,242.3,Queensland Regional Average,https://aip.com.au/pricing/petrol/queensland-retail-petrol-prices/queensland-regional-average/
2026-04-12,12 Apr,2026,ULP,QLD,Queensland Regional Average,State Regional Average,227.8,Queensland Regional Average,https://aip.com.au/pricing/petrol/queensland-retail-petrol-prices/queensland-regional-average/
2026-04-19,19 Apr,2026,ULP,QLD,Queensland Regional Average,State Regional Average,217.8,Queensland Regional Average,https://aip.com.au/pricing/petrol/queensland-retail-petrol-prices/queensland-regional-average/
2026-04-26,26 Apr,2026,ULP,QLD,Queensland Regional Average,State Regional Average,198.4,Queensland Regional Average,https://aip.com.au/pricing/petrol/queensland-retail-petrol-prices/queensland-regional-average/
2026-05-03,3 May,2026,ULP,QLD,Queensland Regional Average,State Regional Average,188.8,Queensland Regional Average,https://aip.com.au/pricing/petrol/queensland-retail-petrol-prices/queensland-regional-average/
2026-05-10,10 May,2026,ULP,QLD,Queensland Regional Average,State Regional Average,187.4,Queensland Regional Average,https://aip.com.au/pricing/petrol/queensland-retail-petrol-prices/queensland-regional-average/
2026-05-17,17 May,2026,ULP,QLD,Queensland Regional Average,State Regional Average,185.2,Queensland Regional Average,https://aip.com.au/pricing/petrol/queensland-retail-petrol-prices/queensland-regional-average/
2026-05-24,24 May,2026,ULP,QLD,Queensland Regional Average,State Regional Average,186.3,Queensland Regional Average,https://aip.com.au/pricing/petrol/queensland-retail-petrol-prices/queensland-regional-average/
2026-05-31,31 May,2026,ULP,QLD,Queensland Regional Average,State Regional Average,185.8,Queensland Regional Average,https://aip.com.au/pricing/petrol/queensland-retail-petrol-prices/queensland-regional-average/
2026-06-07,7 Jun,2026,ULP,QLD,Queensland Regional Average,State Regional Average,180.5,Queensland Regional Average,https://aip.com.au/pricing/petrol/queensland-retail-petrol-prices/queensland-regional-average/
2026-06-14,14 Jun,2026,ULP,QLD,Queensland Regional Average,State Regional Average,177.0,Queensland Regional Average,https://aip.com.au/pricing/petrol/queensland-retail-petrol-prices/queensland-regional-average/
2026-06-21,21 Jun,2026,ULP,QLD,Queensland Regional Average,State Regional Average,174.3,Queensland Regional Average,https://aip.com.au/pricing/petrol/queensland-retail-petrol-prices/queensland-regional-average/
2026-06-28,28 Jun,2026,ULP,QLD,Queensland Regional Average,State Regional Average,168.9,Queensland Regional Average,https://aip.com.au/pricing/petrol/queensland-retail-petrol-prices/queensland-regional-average/
2026-07-05,5 Jul,2026,ULP,QLD,Queensland Regional Average,State Regional Average,170.6,Queensland Regional Average,https://aip.com.au/pricing/petrol/queensland-retail-petrol-prices/queensland-regional-average/
2026-07-12,12 Jul,2026,ULP,QLD,Queensland Regional Average,State Regional Average,175.4,Queensland Regional Average,https://aip.com.au/pricing/petrol/queensland-retail-petrol-prices/queensland-regional-average/
2026-07-19,19 Jul,2026,ULP,QLD,Queensland Regional Average,State Regional Average,177.3,Queensland Regional Average,https://aip.com.au/pricing/petrol/queensland-retail-petrol-prices/queensland-regional-average/
2026-07-26,26 Jul,2026,ULP,QLD,Queensland Regional Average,State Regional Average,185.8,Queensland Regional Average,https://aip.com.au/pricing/petrol/queensland-retail-petrol-prices/queensland-regional-average/
2026-08-02,2 Aug,2026,ULP,QLD,Queensland Regional Average,State Regional Average,196.5,Queensland Regional Average,https://aip.com.au/pricing/petrol/queensland-retail-petrol-prices/queensland-regional-average/
2026-08-09,9 Aug,2026,ULP,QLD,Queensland Regional Average,State Regional Average,209.0,Queensland Regional Average,https://aip.com.au/pricing/petrol/queensland-retail-petrol-prices/queensland-regional-average/
2026-08-16,16 Aug,2026,ULP,QLD,Queensland Regional Average,State Regional Average,206.6,Queensland Regional Average,https://aip.com.au/pricing/petrol/queensland-retail-petrol-prices/queensland-regional-average/
2025-08-24,24 Aug,2025,ULP,QLD,Queensland State Average,State Average,187.6,Queensland State Average,https://aip.com.au/pricing/petrol/queensland-retail-petrol-prices/queensland-state-average/
2025-08-31,31 Aug,2025,ULP,QLD,Queensland State Average,State Average,180.4,Queensland State Average,https://aip.com.au/pricing/petrol/queensland-retail-petrol-prices/queensland-state-average/
2025-09-07,7 Sep,2025,ULP,QLD,Queensland State Average,State Average,175.9,Queensland State Average,https://aip.com.au/pricing/petrol/queensland-retail-petrol-prices/queensland-state-average/
2025-09-14,14 Sep,2025,ULP,QLD,Queensland State Average,State Average,176.6,Queensland State Average,https://aip.com.au/pricing/petrol/queensland-retail-petrol-prices/queensland-state-average/
2025-09-21,21 Sep,2025,ULP,QLD,Queensland State Average,State Average,190.2,Queensland State Average,https://aip.com.au/pricing/petrol/queensland-retail-petrol-prices/queensland-state-average/
2025-09-28,28 Sep,2025,ULP,QLD,Queensland State Average,State Average,191.7,Queensland State Average,https://aip.com.au/pricing/petrol/queensland-retail-petrol-prices/queensland-state-average/
2025-10-05,5 Oct,2025,ULP,QLD,Queensland State Average,State Average,184.4,Queensland State Average,https://aip.com.au/pricing/petrol/queensland-retail-petrol-prices/queensland-state-average/
2025-10-12,12 Oct,2025,ULP,QLD,Queensland State Average,State Average,177.6,Queensland State Average,https://aip.com.au/pricing/petrol/queensland-retail-petrol-prices/queensland-state-average/
2025-10-19,19 Oct,2025,ULP,QLD,Queensland State Average,State Average,174.6,Queensland State Average,https://aip.com.au/pricing/petrol/queensland-retail-petrol-prices/queensland-state-average/
2025-10-26,26 Oct,2025,ULP,QLD,Queensland State Average,State Average,187.2,Queensland State Average,https://aip.com.au/pricing/petrol/queensland-retail-petrol-prices/queensland-state-average/
2025-11-02,2 Nov,2025,ULP,QLD,Queensland State Average,State Average,194.8,Queensland State Average,https://aip.com.au/pricing/petrol/queensland-retail-petrol-prices/queensland-state-average/
2025-11-09,9 Nov,2025,ULP,QLD,Queensland State Average,State Average,189.4,Queensland State Average,https://aip.com.au/pricing/petrol/queensland-retail-petrol-prices/queensland-state-average/
2025-11-16,16 Nov,2025,ULP,QLD,Queensland State Average,State Average,181.9,Queensland State Average,https://aip.com.au/pricing/petrol/queensland-retail-petrol-prices/queensland-state-average/
2025-11-23,23 Nov,2025,ULP,QLD,Queensland State Average,State Average,178.2,Queensland State Average,https://aip.com.au/pricing/petrol/queensland-retail-petrol-prices/queensland-state-average/
2025-11-30,30 Nov,2025,ULP,QLD,Queensland State Average,State Average,191.8,Queensland State Average,https://aip.com.au/pricing/petrol/queensland-retail-petrol-prices/queensland-state-average/
2025-12-07,7 Dec,2025,ULP,QLD,Queensland State Average,State Average,198.7,Queensland State Average,https://aip.com.au/pricing/petrol/queensland-retail-petrol-prices/queensland-state-average/
2025-12-14,14 Dec,2025,ULP,QLD,Queensland State Average,State Average,189.9,Queensland State Average,https://aip.com.au/pricing/petrol/queensland-retail-petrol-prices/queensland-state-average/
2025-12-21,21 Dec,2025,ULP,QLD,Queensland State Average,State Average,176.9,Queensland State Average,https://aip.com.au/pricing/petrol/queensland-retail-petrol-prices/queensland-state-average/
2025-12-28,28 Dec,2025,ULP,QLD,Queensland State Average,State Average,172.5,Queensland State Average,https://aip.com.au/pricing/petrol/queensland-retail-petrol-prices/queensland-state-average/
2026-01-04,4 Jan,2026,ULP,QLD,Queensland State Average,State Average,178.5,Queensland State Average,https://aip.com.au/pricing/petrol/queensland-retail-petrol-prices/queensland-state-average/
2026-01-11,11 Jan,2026,ULP,QLD,Queensland State Average,State Average,188.1,Queensland State Average,https://aip.com.au/pricing/petrol/queensland-retail-petrol-prices/queensland-state-average/
2026-01-18,18 Jan,2026,ULP,QLD,Queensland State Average,State Average,190.4,Queensland State Average,https://aip.com.au/pricing/petrol/queensland-retail-petrol-prices/queensland-state-average/
2026-01-25,25 Jan,2026,ULP,QLD,Queensland State Average,State Average,179.5,Queensland State Average,https://aip.com.au/pricing/petrol/queensland-retail-petrol-prices/queensland-state-average/
2026-02-01,1 Feb,2026,ULP,QLD,Queensland State Average,State Average,167.2,Queensland State Average,https://aip.com.au/pricing/petrol/queensland-retail-petrol-prices/queensland-state-average/
2026-02-08,8 Feb,2026,ULP,QLD,Queensland State Average,State Average,163.6,Queensland State Average,https://aip.com.au/pricing/petrol/queensland-retail-petrol-prices/queensland-state-average/
2026-02-15,15 Feb,2026,ULP,QLD,Queensland State Average,State Average,170.1,Queensland State Average,https://aip.com.au/pricing/petrol/queensland-retail-petrol-prices/queensland-state-average/
2026-02-22,22 Feb,2026,ULP,QLD,Queensland State Average,State Average,182.1,Queensland State Average,https://aip.com.au/pricing/petrol/queensland-retail-petrol-prices/queensland-state-average/
2026-03-01,1 Mar,2026,ULP,QLD,Queensland State Average,State Average,191.8,Queensland State Average,https://aip.com.au/pricing/petrol/queensland-retail-petrol-prices/queensland-state-average/
2026-03-08,8 Mar,2026,ULP,QLD,Queensland State Average,State Average,203.5,Queensland State Average,https://aip.com.au/pricing/petrol/queensland-retail-petrol-prices/queensland-state-average/
2026-03-15,15 Mar,2026,ULP,QLD,Queensland State Average,State Average,220.0,Queensland State Average,https://aip.com.au/pricing/petrol/queensland-retail-petrol-prices/queensland-state-average/
2026-03-22,22 Mar,2026,ULP,QLD,Queensland State Average,State Average,236.9,Queensland State Average,https://aip.com.au/pricing/petrol/queensland-retail-petrol-prices/queensland-state-average/
2026-03-29,29 Mar,2026,ULP,QLD,Queensland State Average,State Average,252.7,Queensland State Average,https://aip.com.au/pricing/petrol/queensland-retail-petrol-prices/queensland-state-average/
2026-04-05,5 Apr,2026,ULP,QLD,Queensland State Average,State Average,240.2,Queensland State Average,https://aip.com.au/pricing/petrol/queensland-retail-petrol-prices/queensland-state-average/
2026-04-12,12 Apr,2026,ULP,QLD,Queensland State Average,State Average,225.2,Queensland State Average,https://aip.com.au/pricing/petrol/queensland-retail-petrol-prices/queensland-state-average/
2026-04-19,19 Apr,2026,ULP,QLD,Queensland State Average,State Average,215.3,Queensland State Average,https://aip.com.au/pricing/petrol/queensland-retail-petrol-prices/queensland-state-average/
2026-04-26,26 Apr,2026,ULP,QLD,Queensland State Average,State Average,193.6,Queensland State Average,https://aip.com.au/pricing/petrol/queensland-retail-petrol-prices/queensland-state-average/
2026-05-03,3 May,2026,ULP,QLD,Queensland State Average,State Average,184.3,Queensland State Average,https://aip.com.au/pricing/petrol/queensland-retail-petrol-prices/queensland-state-average/
2026-05-10,10 May,2026,ULP,QLD,Queensland State Average,State Average,184.3,Queensland State Average,https://aip.com.au/pricing/petrol/queensland-retail-petrol-prices/queensland-state-average/
2026-05-17,17 May,2026,ULP,QLD,Queensland State Average,State Average,186.6,Queensland State Average,https://aip.com.au/pricing/petrol/queensland-retail-petrol-prices/queensland-state-average/
2026-05-24,24 May,2026,ULP,QLD,Queensland State Average,State Average,187.5,Queensland State Average,https://aip.com.au/pricing/petrol/queensland-retail-petrol-prices/queensland-state-average/
2026-05-31,31 May,2026,ULP,QLD,Queensland State Average,State Average,185.3,Queensland State Average,https://aip.com.au/pricing/petrol/queensland-retail-petrol-prices/queensland-state-average/
2026-06-07,7 Jun,2026,ULP,QLD,Queensland State Average,State Average,177.0,Queensland State Average,https://aip.com.au/pricing/petrol/queensland-retail-petrol-prices/queensland-state-average/
2026-06-14,14 Jun,2026,ULP,QLD,Queensland State Average,State Average,172.0,Queensland State Average,https://aip.com.au/pricing/petrol/queensland-retail-petrol-prices/queensland-state-average/
2026-06-21,21 Jun,2026,ULP,QLD,Queensland State Average,State Average,168.9,Queensland State Average,https://aip.com.au/pricing/petrol/queensland-retail-petrol-prices/queensland-state-average/
2026-06-28,28 Jun,2026,ULP,QLD,Queensland State Average,State Average,162.6,Queensland State Average,https://aip.com.au/pricing/petrol/queensland-retail-petrol-prices/queensland-state-average/
2026-07-05,5 Jul,2026,ULP,QLD,Queensland State Average,State Average,163.9,Queensland State Average,https://aip.com.au/pricing/petrol/queensland-retail-petrol-prices/queensland-state-average/
2026-07-12,12 Jul,2026,ULP,QLD,Queensland State Average,State Average,171.8,Queensland State Average,https://aip.com.au/pricing/petrol/queensland-retail-petrol-prices/queensland-state-average/
2026-07-19,19 Jul,2026,ULP,QLD,Queensland State Average,State Average,175.4,Queensland State Average,https://aip.com.au/pricing/petrol/queensland-retail-petrol-prices/queensland-state-average/
2026-07-26,26 Jul,2026,ULP,QLD,Queensland State Average,State Average,184.0,Queensland State Average,https://aip.com.au/pricing/petrol/queensland-retail-petrol-prices/queensland-state-average/
2026-08-02,2 Aug,2026,ULP,QLD,Queensland State Average,State Average,195.4,Queensland State Average,https://aip.com.au/pricing/petrol/queensland-retail-petrol-prices/queensland-state-average/
2026-08-09,9 Aug,2026,ULP,QLD,Queensland State Average,State Average,208.1,Queensland State Average,https://aip.com.au/pricing/petrol/queensland-retail-petrol-prices/queensland-state-average/
2026-08-16,16 Aug,2026,ULP,QLD,Queensland State Average,State Average,203.7,Queensland State Average,https://aip.com.au/pricing/petrol/queensland-retail-petrol-prices/queensland-state-average/
2025-08-24,24 Aug,2025,ULP,SA,Adelaide,Capital City,170.1,Adelaide,https://aip.com.au/pricing/petrol/south-australian-retail-petrol-prices/adelaide/
2025-08-31,31 Aug,2025,ULP,SA,Adelaide,Capital City,167.4,Adelaide,https://aip.com.au/pricing/petrol/south-australian-retail-petrol-prices/adelaide/
2025-09-07,7 Sep,2025,ULP,SA,Adelaide,Capital City,174.8,Adelaide,https://aip.com.au/pricing/petrol/south-australian-retail-petrol-prices/adelaide/
2025-09-14,14 Sep,2025,ULP,SA,Adelaide,Capital City,173.5,Adelaide,https://aip.com.au/pricing/petrol/south-australian-retail-petrol-prices/adelaide/
2025-09-21,21 Sep,2025,ULP,SA,Adelaide,Capital City,167.7,Adelaide,https://aip.com.au/pricing/petrol/south-australian-retail-petrol-prices/adelaide/
2025-09-28,28 Sep,2025,ULP,SA,Adelaide,Capital City,184.3,Adelaide,https://aip.com.au/pricing/petrol/south-australian-retail-petrol-prices/adelaide/
2025-10-05,5 Oct,2025,ULP,SA,Adelaide,Capital City,171.7,Adelaide,https://aip.com.au/pricing/petrol/south-australian-retail-petrol-prices/adelaide/
2025-10-12,12 Oct,2025,ULP,SA,Adelaide,Capital City,175.8,Adelaide,https://aip.com.au/pricing/petrol/south-australian-retail-petrol-prices/adelaide/
2025-10-19,19 Oct,2025,ULP,SA,Adelaide,Capital City,168.2,Adelaide,https://aip.com.au/pricing/petrol/south-australian-retail-petrol-prices/adelaide/
2025-10-26,26 Oct,2025,ULP,SA,Adelaide,Capital City,172.0,Adelaide,https://aip.com.au/pricing/petrol/south-australian-retail-petrol-prices/adelaide/
2025-11-02,2 Nov,2025,ULP,SA,Adelaide,Capital City,166.7,Adelaide,https://aip.com.au/pricing/petrol/south-australian-retail-petrol-prices/adelaide/
2025-11-09,9 Nov,2025,ULP,SA,Adelaide,Capital City,176.0,Adelaide,https://aip.com.au/pricing/petrol/south-australian-retail-petrol-prices/adelaide/
2025-11-16,16 Nov,2025,ULP,SA,Adelaide,Capital City,171.3,Adelaide,https://aip.com.au/pricing/petrol/south-australian-retail-petrol-prices/adelaide/
2025-11-23,23 Nov,2025,ULP,SA,Adelaide,Capital City,180.2,Adelaide,https://aip.com.au/pricing/petrol/south-australian-retail-petrol-prices/adelaide/
2025-11-30,30 Nov,2025,ULP,SA,Adelaide,Capital City,179.3,Adelaide,https://aip.com.au/pricing/petrol/south-australian-retail-petrol-prices/adelaide/
2025-12-07,7 Dec,2025,ULP,SA,Adelaide,Capital City,168.3,Adelaide,https://aip.com.au/pricing/petrol/south-australian-retail-petrol-prices/adelaide/
2025-12-14,14 Dec,2025,ULP,SA,Adelaide,Capital City,177.0,Adelaide,https://aip.com.au/pricing/petrol/south-australian-retail-petrol-prices/adelaide/
2025-12-21,21 Dec,2025,ULP,SA,Adelaide,Capital City,165.6,Adelaide,https://aip.com.au/pricing/petrol/south-australian-retail-petrol-prices/adelaide/
2025-12-28,28 Dec,2025,ULP,SA,Adelaide,Capital City,178.8,Adelaide,https://aip.com.au/pricing/petrol/south-australian-retail-petrol-prices/adelaide/
2026-01-04,4 Jan,2026,ULP,SA,Adelaide,Capital City,170.9,Adelaide,https://aip.com.au/pricing/petrol/south-australian-retail-petrol-prices/adelaide/
2026-01-11,11 Jan,2026,ULP,SA,Adelaide,Capital City,158.3,Adelaide,https://aip.com.au/pricing/petrol/south-australian-retail-petrol-prices/adelaide/
2026-01-18,18 Jan,2026,ULP,SA,Adelaide,Capital City,158.2,Adelaide,https://aip.com.au/pricing/petrol/south-australian-retail-petrol-prices/adelaide/
2026-01-25,25 Jan,2026,ULP,SA,Adelaide,Capital City,164.5,Adelaide,https://aip.com.au/pricing/petrol/south-australian-retail-petrol-prices/adelaide/
2026-02-01,1 Feb,2026,ULP,SA,Adelaide,Capital City,160.5,Adelaide,https://aip.com.au/pricing/petrol/south-australian-retail-petrol-prices/adelaide/
2026-02-08,8 Feb,2026,ULP,SA,Adelaide,Capital City,157.7,Adelaide,https://aip.com.au/pricing/petrol/south-australian-retail-petrol-prices/adelaide/
2026-02-15,15 Feb,2026,ULP,SA,Adelaide,Capital City,155.3,Adelaide,https://aip.com.au/pricing/petrol/south-australian-retail-petrol-prices/adelaide/
2026-02-22,22 Feb,2026,ULP,SA,Adelaide,Capital City,160.4,Adelaide,https://aip.com.au/pricing/petrol/south-australian-retail-petrol-prices/adelaide/
2026-03-01,1 Mar,2026,ULP,SA,Adelaide,Capital City,176.1,Adelaide,https://aip.com.au/pricing/petrol/south-australian-retail-petrol-prices/adelaide/
2026-03-08,8 Mar,2026,ULP,SA,Adelaide,Capital City,189.1,Adelaide,https://aip.com.au/pricing/petrol/south-australian-retail-petrol-prices/adelaide/
2026-03-15,15 Mar,2026,ULP,SA,Adelaide,Capital City,218.1,Adelaide,https://aip.com.au/pricing/petrol/south-australian-retail-petrol-prices/adelaide/
2026-03-22,22 Mar,2026,ULP,SA,Adelaide,Capital City,238.2,Adelaide,https://aip.com.au/pricing/petrol/south-australian-retail-petrol-prices/adelaide/
2026-03-29,29 Mar,2026,ULP,SA,Adelaide,Capital City,255.1,Adelaide,https://aip.com.au/pricing/petrol/south-australian-retail-petrol-prices/adelaide/
2026-04-05,5 Apr,2026,ULP,SA,Adelaide,Capital City,236.7,Adelaide,https://aip.com.au/pricing/petrol/south-australian-retail-petrol-prices/adelaide/
2026-04-12,12 Apr,2026,ULP,SA,Adelaide,Capital City,222.3,Adelaide,https://aip.com.au/pricing/petrol/south-australian-retail-petrol-prices/adelaide/
2026-04-19,19 Apr,2026,ULP,SA,Adelaide,Capital City,208.9,Adelaide,https://aip.com.au/pricing/petrol/south-australian-retail-petrol-prices/adelaide/
2026-04-26,26 Apr,2026,ULP,SA,Adelaide,Capital City,183.2,Adelaide,https://aip.com.au/pricing/petrol/south-australian-retail-petrol-prices/adelaide/
2026-05-03,3 May,2026,ULP,SA,Adelaide,Capital City,175.1,Adelaide,https://aip.com.au/pricing/petrol/south-australian-retail-petrol-prices/adelaide/
2026-05-10,10 May,2026,ULP,SA,Adelaide,Capital City,178.7,Adelaide,https://aip.com.au/pricing/petrol/south-australian-retail-petrol-prices/adelaide/
2026-05-17,17 May,2026,ULP,SA,Adelaide,Capital City,178.0,Adelaide,https://aip.com.au/pricing/petrol/south-australian-retail-petrol-prices/adelaide/
2026-05-24,24 May,2026,ULP,SA,Adelaide,Capital City,176.8,Adelaide,https://aip.com.au/pricing/petrol/south-australian-retail-petrol-prices/adelaide/
2026-05-31,31 May,2026,ULP,SA,Adelaide,Capital City,173.6,Adelaide,https://aip.com.au/pricing/petrol/south-australian-retail-petrol-prices/adelaide/
2026-06-07,7 Jun,2026,ULP,SA,Adelaide,Capital City,163.7,Adelaide,https://aip.com.au/pricing/petrol/south-australian-retail-petrol-prices/adelaide/
2026-06-14,14 Jun,2026,ULP,SA,Adelaide,Capital City,158.8,Adelaide,https://aip.com.au/pricing/petrol/south-australian-retail-petrol-prices/adelaide/
2026-06-21,21 Jun,2026,ULP,SA,Adelaide,Capital City,156.9,Adelaide,https://aip.com.au/pricing/petrol/south-australian-retail-petrol-prices/adelaide/
2026-06-28,28 Jun,2026,ULP,SA,Adelaide,Capital City,150.7,Adelaide,https://aip.com.au/pricing/petrol/south-australian-retail-petrol-prices/adelaide/
2026-07-05,5 Jul,2026,ULP,SA,Adelaide,Capital City,157.4,Adelaide,https://aip.com.au/pricing/petrol/south-australian-retail-petrol-prices/adelaide/
2026-07-12,12 Jul,2026,ULP,SA,Adelaide,Capital City,163.5,Adelaide,https://aip.com.au/pricing/petrol/south-australian-retail-petrol-prices/adelaide/
2026-07-19,19 Jul,2026,ULP,SA,Adelaide,Capital City,165.6,Adelaide,https://aip.com.au/pricing/petrol/south-australian-retail-petrol-prices/adelaide/
2026-07-26,26 Jul,2026,ULP,SA,Adelaide,Capital City,178.6,Adelaide,https://aip.com.au/pricing/petrol/south-australian-retail-petrol-prices/adelaide/
2026-08-02,2 Aug,2026,ULP,SA,Adelaide,Capital City,193.1,Adelaide,https://aip.com.au/pricing/petrol/south-australian-retail-petrol-prices/adelaide/
2026-08-09,9 Aug,2026,ULP,SA,Adelaide,Capital City,206.5,Adelaide,https://aip.com.au/pricing/petrol/south-australian-retail-petrol-prices/adelaide/
2026-08-16,16 Aug,2026,ULP,SA,Adelaide,Capital City,199.6,Adelaide,https://aip.com.au/pricing/petrol/south-australian-retail-petrol-prices/adelaide/
2025-08-24,24 Aug,2025,ULP,SA,South Australian Regional Average,State Regional Average,177.7,South Australian Regional Average,https://aip.com.au/pricing/petrol/south-australian-retail-petrol-prices/south-australian-regional-average/
2025-08-31,31 Aug,2025,ULP,SA,South Australian Regional Average,State Regional Average,178.9,South Australian Regional Average,https://aip.com.au/pricing/petrol/south-australian-retail-petrol-prices/south-australian-regional-average/
2025-09-07,7 Sep,2025,ULP,SA,South Australian Regional Average,State Regional Average,180.0,South Australian Regional Average,https://aip.com.au/pricing/petrol/south-australian-retail-petrol-prices/south-australian-regional-average/
2025-09-14,14 Sep,2025,ULP,SA,South Australian Regional Average,State Regional Average,180.3,South Australian Regional Average,https://aip.com.au/pricing/petrol/south-australian-retail-petrol-prices/south-australian-regional-average/
2025-09-21,21 Sep,2025,ULP,SA,South Australian Regional Average,State Regional Average,180.0,South Australian Regional Average,https://aip.com.au/pricing/petrol/south-australian-retail-petrol-prices/south-australian-regional-average/
2025-09-28,28 Sep,2025,ULP,SA,South Australian Regional Average,State Regional Average,180.1,South Australian Regional Average,https://aip.com.au/pricing/petrol/south-australian-retail-petrol-prices/south-australian-regional-average/
2025-10-05,5 Oct,2025,ULP,SA,South Australian Regional Average,State Regional Average,179.9,South Australian Regional Average,https://aip.com.au/pricing/petrol/south-australian-retail-petrol-prices/south-australian-regional-average/
2025-10-12,12 Oct,2025,ULP,SA,South Australian Regional Average,State Regional Average,179.9,South Australian Regional Average,https://aip.com.au/pricing/petrol/south-australian-retail-petrol-prices/south-australian-regional-average/
2025-10-19,19 Oct,2025,ULP,SA,South Australian Regional Average,State Regional Average,179.3,South Australian Regional Average,https://aip.com.au/pricing/petrol/south-australian-retail-petrol-prices/south-australian-regional-average/
2025-10-26,26 Oct,2025,ULP,SA,South Australian Regional Average,State Regional Average,178.8,South Australian Regional Average,https://aip.com.au/pricing/petrol/south-australian-retail-petrol-prices/south-australian-regional-average/
2025-11-02,2 Nov,2025,ULP,SA,South Australian Regional Average,State Regional Average,178.8,South Australian Regional Average,https://aip.com.au/pricing/petrol/south-australian-retail-petrol-prices/south-australian-regional-average/
2025-11-09,9 Nov,2025,ULP,SA,South Australian Regional Average,State Regional Average,179.9,South Australian Regional Average,https://aip.com.au/pricing/petrol/south-australian-retail-petrol-prices/south-australian-regional-average/
2025-11-16,16 Nov,2025,ULP,SA,South Australian Regional Average,State Regional Average,180.7,South Australian Regional Average,https://aip.com.au/pricing/petrol/south-australian-retail-petrol-prices/south-australian-regional-average/
2025-11-23,23 Nov,2025,ULP,SA,South Australian Regional Average,State Regional Average,181.8,South Australian Regional Average,https://aip.com.au/pricing/petrol/south-australian-retail-petrol-prices/south-australian-regional-average/
2025-11-30,30 Nov,2025,ULP,SA,South Australian Regional Average,State Regional Average,182.3,South Australian Regional Average,https://aip.com.au/pricing/petrol/south-australian-retail-petrol-prices/south-australian-regional-average/
2025-12-07,7 Dec,2025,ULP,SA,South Australian Regional Average,State Regional Average,181.3,South Australian Regional Average,https://aip.com.au/pricing/petrol/south-australian-retail-petrol-prices/south-australian-regional-average/
2025-12-14,14 Dec,2025,ULP,SA,South Australian Regional Average,State Regional Average,180.6,South Australian Regional Average,https://aip.com.au/pricing/petrol/south-australian-retail-petrol-prices/south-australian-regional-average/
2025-12-21,21 Dec,2025,ULP,SA,South Australian Regional Average,State Regional Average,179.5,South Australian Regional Average,https://aip.com.au/pricing/petrol/south-australian-retail-petrol-prices/south-australian-regional-average/
2025-12-28,28 Dec,2025,ULP,SA,South Australian Regional Average,State Regional Average,178.9,South Australian Regional Average,https://aip.com.au/pricing/petrol/south-australian-retail-petrol-prices/south-australian-regional-average/
2026-01-04,4 Jan,2026,ULP,SA,South Australian Regional Average,State Regional Average,178.2,South Australian Regional Average,https://aip.com.au/pricing/petrol/south-australian-retail-petrol-prices/south-australian-regional-average/
2026-01-11,11 Jan,2026,ULP,SA,South Australian Regional Average,State Regional Average,176.8,South Australian Regional Average,https://aip.com.au/pricing/petrol/south-australian-retail-petrol-prices/south-australian-regional-average/
2026-01-18,18 Jan,2026,ULP,SA,South Australian Regional Average,State Regional Average,176.2,South Australian Regional Average,https://aip.com.au/pricing/petrol/south-australian-retail-petrol-prices/south-australian-regional-average/
2026-01-25,25 Jan,2026,ULP,SA,South Australian Regional Average,State Regional Average,175.8,South Australian Regional Average,https://aip.com.au/pricing/petrol/south-australian-retail-petrol-prices/south-australian-regional-average/
2026-02-01,1 Feb,2026,ULP,SA,South Australian Regional Average,State Regional Average,175.3,South Australian Regional Average,https://aip.com.au/pricing/petrol/south-australian-retail-petrol-prices/south-australian-regional-average/
2026-02-08,8 Feb,2026,ULP,SA,South Australian Regional Average,State Regional Average,174.2,South Australian Regional Average,https://aip.com.au/pricing/petrol/south-australian-retail-petrol-prices/south-australian-regional-average/
2026-02-15,15 Feb,2026,ULP,SA,South Australian Regional Average,State Regional Average,173.1,South Australian Regional Average,https://aip.com.au/pricing/petrol/south-australian-retail-petrol-prices/south-australian-regional-average/
2026-02-22,22 Feb,2026,ULP,SA,South Australian Regional Average,State Regional Average,172.6,South Australian Regional Average,https://aip.com.au/pricing/petrol/south-australian-retail-petrol-prices/south-australian-regional-average/
2026-03-01,1 Mar,2026,ULP,SA,South Australian Regional Average,State Regional Average,172.6,South Australian Regional Average,https://aip.com.au/pricing/petrol/south-australian-retail-petrol-prices/south-australian-regional-average/
2026-03-08,8 Mar,2026,ULP,SA,South Australian Regional Average,State Regional Average,182.8,South Australian Regional Average,https://aip.com.au/pricing/petrol/south-australian-retail-petrol-prices/south-australian-regional-average/
2026-03-15,15 Mar,2026,ULP,SA,South Australian Regional Average,State Regional Average,218.0,South Australian Regional Average,https://aip.com.au/pricing/petrol/south-australian-retail-petrol-prices/south-australian-regional-average/
2026-03-22,22 Mar,2026,ULP,SA,South Australian Regional Average,State Regional Average,240.0,South Australian Regional Average,https://aip.com.au/pricing/petrol/south-australian-retail-petrol-prices/south-australian-regional-average/
2026-03-29,29 Mar,2026,ULP,SA,South Australian Regional Average,State Regional Average,256.6,South Australian Regional Average,https://aip.com.au/pricing/petrol/south-australian-retail-petrol-prices/south-australian-regional-average/
2026-04-05,5 Apr,2026,ULP,SA,South Australian Regional Average,State Regional Average,240.8,South Australian Regional Average,https://aip.com.au/pricing/petrol/south-australian-retail-petrol-prices/south-australian-regional-average/
2026-04-12,12 Apr,2026,ULP,SA,South Australian Regional Average,State Regional Average,226.8,South Australian Regional Average,https://aip.com.au/pricing/petrol/south-australian-retail-petrol-prices/south-australian-regional-average/
2026-04-19,19 Apr,2026,ULP,SA,South Australian Regional Average,State Regional Average,217.4,South Australian Regional Average,https://aip.com.au/pricing/petrol/south-australian-retail-petrol-prices/south-australian-regional-average/
2026-04-26,26 Apr,2026,ULP,SA,South Australian Regional Average,State Regional Average,201.6,South Australian Regional Average,https://aip.com.au/pricing/petrol/south-australian-retail-petrol-prices/south-australian-regional-average/
2026-05-03,3 May,2026,ULP,SA,South Australian Regional Average,State Regional Average,193.8,South Australian Regional Average,https://aip.com.au/pricing/petrol/south-australian-retail-petrol-prices/south-australian-regional-average/
2026-05-10,10 May,2026,ULP,SA,South Australian Regional Average,State Regional Average,193.4,South Australian Regional Average,https://aip.com.au/pricing/petrol/south-australian-retail-petrol-prices/south-australian-regional-average/
2026-05-17,17 May,2026,ULP,SA,South Australian Regional Average,State Regional Average,191.0,South Australian Regional Average,https://aip.com.au/pricing/petrol/south-australian-retail-petrol-prices/south-australian-regional-average/
2026-05-24,24 May,2026,ULP,SA,South Australian Regional Average,State Regional Average,190.7,South Australian Regional Average,https://aip.com.au/pricing/petrol/south-australian-retail-petrol-prices/south-australian-regional-average/
2026-05-31,31 May,2026,ULP,SA,South Australian Regional Average,State Regional Average,189.0,South Australian Regional Average,https://aip.com.au/pricing/petrol/south-australian-retail-petrol-prices/south-australian-regional-average/
2026-06-07,7 Jun,2026,ULP,SA,South Australian Regional Average,State Regional Average,183.1,South Australian Regional Average,https://aip.com.au/pricing/petrol/south-australian-retail-petrol-prices/south-australian-regional-average/
2026-06-14,14 Jun,2026,ULP,SA,South Australian Regional Average,State Regional Average,178.1,South Australian Regional Average,https://aip.com.au/pricing/petrol/south-australian-retail-petrol-prices/south-australian-regional-average/
2026-06-21,21 Jun,2026,ULP,SA,South Australian Regional Average,State Regional Average,174.6,South Australian Regional Average,https://aip.com.au/pricing/petrol/south-australian-retail-petrol-prices/south-australian-regional-average/
2026-06-28,28 Jun,2026,ULP,SA,South Australian Regional Average,State Regional Average,168.6,South Australian Regional Average,https://aip.com.au/pricing/petrol/south-australian-retail-petrol-prices/south-australian-regional-average/
2026-07-05,5 Jul,2026,ULP,SA,South Australian Regional Average,State Regional Average,171.8,South Australian Regional Average,https://aip.com.au/pricing/petrol/south-australian-retail-petrol-prices/south-australian-regional-average/
2026-07-12,12 Jul,2026,ULP,SA,South Australian Regional Average,State Regional Average,177.5,South Australian Regional Average,https://aip.com.au/pricing/petrol/south-australian-retail-petrol-prices/south-australian-regional-average/
2026-07-19,19 Jul,2026,ULP,SA,South Australian Regional Average,State Regional Average,177.7,South Australian Regional Average,https://aip.com.au/pricing/petrol/south-australian-retail-petrol-prices/south-australian-regional-average/
2026-07-26,26 Jul,2026,ULP,SA,South Australian Regional Average,State Regional Average,187.7,South Australian Regional Average,https://aip.com.au/pricing/petrol/south-australian-retail-petrol-prices/south-australian-regional-average/
2026-08-02,2 Aug,2026,ULP,SA,South Australian Regional Average,State Regional Average,198.4,South Australian Regional Average,https://aip.com.au/pricing/petrol/south-australian-retail-petrol-prices/south-australian-regional-average/
2026-08-09,9 Aug,2026,ULP,SA,South Australian Regional Average,State Regional Average,211.2,South Australian Regional Average,https://aip.com.au/pricing/petrol/south-australian-retail-petrol-prices/south-australian-regional-average/
2026-08-16,16 Aug,2026,ULP,SA,South Australian Regional Average,State Regional Average,207.6,South Australian Regional Average,https://aip.com.au/pricing/petrol/south-australian-retail-petrol-prices/south-australian-regional-average/
2025-08-24,24 Aug,2025,ULP,SA,South Australian State Average,State Average,172.1,South Australian State Average,https://aip.com.au/pricing/petrol/south-australian-retail-petrol-prices/south-australian-state-average/
2025-08-31,31 Aug,2025,ULP,SA,South Australian State Average,State Average,170.3,South Australian State Average,https://aip.com.au/pricing/petrol/south-australian-retail-petrol-prices/south-australian-state-average/
2025-09-07,7 Sep,2025,ULP,SA,South Australian State Average,State Average,176.1,South Australian State Average,https://aip.com.au/pricing/petrol/south-australian-retail-petrol-prices/south-australian-state-average/
2025-09-14,14 Sep,2025,ULP,SA,South Australian State Average,State Average,175.3,South Australian State Average,https://aip.com.au/pricing/petrol/south-australian-retail-petrol-prices/south-australian-state-average/
2025-09-21,21 Sep,2025,ULP,SA,South Australian State Average,State Average,170.9,South Australian State Average,https://aip.com.au/pricing/petrol/south-australian-retail-petrol-prices/south-australian-state-average/
2025-09-28,28 Sep,2025,ULP,SA,South Australian State Average,State Average,183.2,South Australian State Average,https://aip.com.au/pricing/petrol/south-australian-retail-petrol-prices/south-australian-state-average/
2025-10-05,5 Oct,2025,ULP,SA,South Australian State Average,State Average,173.8,South Australian State Average,https://aip.com.au/pricing/petrol/south-australian-retail-petrol-prices/south-australian-state-average/
2025-10-12,12 Oct,2025,ULP,SA,South Australian State Average,State Average,176.9,South Australian State Average,https://aip.com.au/pricing/petrol/south-australian-retail-petrol-prices/south-australian-state-average/
2025-10-19,19 Oct,2025,ULP,SA,South Australian State Average,State Average,171.1,South Australian State Average,https://aip.com.au/pricing/petrol/south-australian-retail-petrol-prices/south-australian-state-average/
2025-10-26,26 Oct,2025,ULP,SA,South Australian State Average,State Average,173.8,South Australian State Average,https://aip.com.au/pricing/petrol/south-australian-retail-petrol-prices/south-australian-state-average/
2025-11-02,2 Nov,2025,ULP,SA,South Australian State Average,State Average,169.8,South Australian State Average,https://aip.com.au/pricing/petrol/south-australian-retail-petrol-prices/south-australian-state-average/
2025-11-09,9 Nov,2025,ULP,SA,South Australian State Average,State Average,177.0,South Australian State Average,https://aip.com.au/pricing/petrol/south-australian-retail-petrol-prices/south-australian-state-average/
2025-11-16,16 Nov,2025,ULP,SA,South Australian State Average,State Average,173.7,South Australian State Average,https://aip.com.au/pricing/petrol/south-australian-retail-petrol-prices/south-australian-state-average/
2025-11-23,23 Nov,2025,ULP,SA,South Australian State Average,State Average,180.6,South Australian State Average,https://aip.com.au/pricing/petrol/south-australian-retail-petrol-prices/south-australian-state-average/
2025-11-30,30 Nov,2025,ULP,SA,South Australian State Average,State Average,180.0,South Australian State Average,https://aip.com.au/pricing/petrol/south-australian-retail-petrol-prices/south-australian-state-average/
2025-12-07,7 Dec,2025,ULP,SA,South Australian State Average,State Average,171.6,South Australian State Average,https://aip.com.au/pricing/petrol/south-australian-retail-petrol-prices/south-australian-state-average/
2025-12-14,14 Dec,2025,ULP,SA,South Australian State Average,State Average,177.9,South Australian State Average,https://aip.com.au/pricing/petrol/south-australian-retail-petrol-prices/south-australian-state-average/
2025-12-21,21 Dec,2025,ULP,SA,South Australian State Average,State Average,169.2,South Australian State Average,https://aip.com.au/pricing/petrol/south-australian-retail-petrol-prices/south-australian-state-average/
2025-12-28,28 Dec,2025,ULP,SA,South Australian State Average,State Average,178.8,South Australian State Average,https://aip.com.au/pricing/petrol/south-australian-retail-petrol-prices/south-australian-state-average/
2026-01-04,4 Jan,2026,ULP,SA,South Australian State Average,State Average,172.8,South Australian State Average,https://aip.com.au/pricing/petrol/south-australian-retail-petrol-prices/south-australian-state-average/
2026-01-11,11 Jan,2026,ULP,SA,South Australian State Average,State Average,163.1,South Australian State Average,https://aip.com.au/pricing/petrol/south-australian-retail-petrol-prices/south-australian-state-average/
2026-01-18,18 Jan,2026,ULP,SA,South Australian State Average,State Average,162.9,South Australian State Average,https://aip.com.au/pricing/petrol/south-australian-retail-petrol-prices/south-australian-state-average/
2026-01-25,25 Jan,2026,ULP,SA,South Australian State Average,State Average,167.4,South Australian State Average,https://aip.com.au/pricing/petrol/south-australian-retail-petrol-prices/south-australian-state-average/
2026-02-01,1 Feb,2026,ULP,SA,South Australian State Average,State Average,164.3,South Australian State Average,https://aip.com.au/pricing/petrol/south-australian-retail-petrol-prices/south-australian-state-average/
2026-02-08,8 Feb,2026,ULP,SA,South Australian State Average,State Average,162.0,South Australian State Average,https://aip.com.au/pricing/petrol/south-australian-retail-petrol-prices/south-australian-state-average/
2026-02-15,15 Feb,2026,ULP,SA,South Australian State Average,State Average,159.9,South Australian State Average,https://aip.com.au/pricing/petrol/south-australian-retail-petrol-prices/south-australian-state-average/
2026-02-22,22 Feb,2026,ULP,SA,South Australian State Average,State Average,163.5,South Australian State Average,https://aip.com.au/pricing/petrol/south-australian-retail-petrol-prices/south-australian-state-average/
2026-03-01,1 Mar,2026,ULP,SA,South Australian State Average,State Average,175.2,South Australian State Average,https://aip.com.au/pricing/petrol/south-australian-retail-petrol-prices/south-australian-state-average/
2026-03-08,8 Mar,2026,ULP,SA,South Australian State Average,State Average,187.5,South Australian State Average,https://aip.com.au/pricing/petrol/south-australian-retail-petrol-prices/south-australian-state-average/
2026-03-15,15 Mar,2026,ULP,SA,South Australian State Average,State Average,218.1,South Australian State Average,https://aip.com.au/pricing/petrol/south-australian-retail-petrol-prices/south-australian-state-average/
2026-03-22,22 Mar,2026,ULP,SA,South Australian State Average,State Average,238.7,South Australian State Average,https://aip.com.au/pricing/petrol/south-australian-retail-petrol-prices/south-australian-state-average/
2026-03-29,29 Mar,2026,ULP,SA,South Australian State Average,State Average,255.5,South Australian State Average,https://aip.com.au/pricing/petrol/south-australian-retail-petrol-prices/south-australian-state-average/
2026-04-05,5 Apr,2026,ULP,SA,South Australian State Average,State Average,237.7,South Australian State Average,https://aip.com.au/pricing/petrol/south-australian-retail-petrol-prices/south-australian-state-average/
2026-04-12,12 Apr,2026,ULP,SA,South Australian State Average,State Average,223.4,South Australian State Average,https://aip.com.au/pricing/petrol/south-australian-retail-petrol-prices/south-australian-state-average/
2026-04-19,19 Apr,2026,ULP,SA,South Australian State Average,State Average,211.1,South Australian State Average,https://aip.com.au/pricing/petrol/south-australian-retail-petrol-prices/south-australian-state-average/
2026-04-26,26 Apr,2026,ULP,SA,South Australian State Average,State Average,188.0,South Australian State Average,https://aip.com.au/pricing/petrol/south-australian-retail-petrol-prices/south-australian-state-average/
2026-05-03,3 May,2026,ULP,SA,South Australian State Average,State Average,179.9,South Australian State Average,https://aip.com.au/pricing/petrol/south-australian-retail-petrol-prices/south-australian-state-average/
2026-05-10,10 May,2026,ULP,SA,South Australian State Average,State Average,182.5,South Australian State Average,https://aip.com.au/pricing/petrol/south-australian-retail-petrol-prices/south-australian-state-average/
2026-05-17,17 May,2026,ULP,SA,South Australian State Average,State Average,181.3,South Australian State Average,https://aip.com.au/pricing/petrol/south-australian-retail-petrol-prices/south-australian-state-average/
2026-05-24,24 May,2026,ULP,SA,South Australian State Average,State Average,180.4,South Australian State Average,https://aip.com.au/pricing/petrol/south-australian-retail-petrol-prices/south-australian-state-average/
2026-05-31,31 May,2026,ULP,SA,South Australian State Average,State Average,177.6,South Australian State Average,https://aip.com.au/pricing/petrol/south-australian-retail-petrol-prices/south-australian-state-average/
2026-06-07,7 Jun,2026,ULP,SA,South Australian State Average,State Average,168.7,South Australian State Average,https://aip.com.au/pricing/petrol/south-australian-retail-petrol-prices/south-australian-state-average/
2026-06-14,14 Jun,2026,ULP,SA,South Australian State Average,State Average,163.7,South Australian State Average,https://aip.com.au/pricing/petrol/south-australian-retail-petrol-prices/south-australian-state-average/
2026-06-21,21 Jun,2026,ULP,SA,South Australian State Average,State Average,161.5,South Australian State Average,https://aip.com.au/pricing/petrol/south-australian-retail-petrol-prices/south-australian-state-average/
2026-06-28,28 Jun,2026,ULP,SA,South Australian State Average,State Average,155.4,South Australian State Average,https://aip.com.au/pricing/petrol/south-australian-retail-petrol-prices/south-australian-state-average/
2026-07-05,5 Jul,2026,ULP,SA,South Australian State Average,State Average,161.1,South Australian State Average,https://aip.com.au/pricing/petrol/south-australian-retail-petrol-prices/south-australian-state-average/
2026-07-12,12 Jul,2026,ULP,SA,South Australian State Average,State Average,167.1,South Australian State Average,https://aip.com.au/pricing/petrol/south-australian-retail-petrol-prices/south-australian-state-average/
2026-07-19,19 Jul,2026,ULP,SA,South Australian State Average,State Average,168.7,South Australian State Average,https://aip.com.au/pricing/petrol/south-australian-retail-petrol-prices/south-australian-state-average/
2026-07-26,26 Jul,2026,ULP,SA,South Australian State Average,State Average,181.0,South Australian State Average,https://aip.com.au/pricing/petrol/south-australian-retail-petrol-prices/south-australian-state-average/
2026-08-02,2 Aug,2026,ULP,SA,South Australian State Average,State Average,194.5,South Australian State Average,https://aip.com.au/pricing/petrol/south-australian-retail-petrol-prices/south-australian-state-average/
2026-08-09,9 Aug,2026,ULP,SA,South Australian State Average,State Average,207.7,South Australian State Average,https://aip.com.au/pricing/petrol/south-australian-retail-petrol-prices/south-australian-state-average/
2026-08-16,16 Aug,2026,ULP,SA,South Australian State Average,State Average,201.6,South Australian State Average,https://aip.com.au/pricing/petrol/south-australian-retail-petrol-prices/south-australian-state-average/
2025-08-24,24 Aug,2025,ULP,TAS,Hobart,Capital City,176.0,Hobart,https://aip.com.au/pricing/petrol/tasmania-retail-petrol-prices/hobart/
2025-08-31,31 Aug,2025,ULP,TAS,Hobart,Capital City,177.5,Hobart,https://aip.com.au/pricing/petrol/tasmania-retail-petrol-prices/hobart/
2025-09-07,7 Sep,2025,ULP,TAS,Hobart,Capital City,178.8,Hobart,https://aip.com.au/pricing/petrol/tasmania-retail-petrol-prices/hobart/
2025-09-14,14 Sep,2025,ULP,TAS,Hobart,Capital City,177.7,Hobart,https://aip.com.au/pricing/petrol/tasmania-retail-petrol-prices/hobart/
2025-09-21,21 Sep,2025,ULP,TAS,Hobart,Capital City,177.0,Hobart,https://aip.com.au/pricing/petrol/tasmania-retail-petrol-prices/hobart/
2025-09-28,28 Sep,2025,ULP,TAS,Hobart,Capital City,176.8,Hobart,https://aip.com.au/pricing/petrol/tasmania-retail-petrol-prices/hobart/
2025-10-05,5 Oct,2025,ULP,TAS,Hobart,Capital City,176.2,Hobart,https://aip.com.au/pricing/petrol/tasmania-retail-petrol-prices/hobart/
2025-10-12,12 Oct,2025,ULP,TAS,Hobart,Capital City,176.1,Hobart,https://aip.com.au/pricing/petrol/tasmania-retail-petrol-prices/hobart/
2025-10-19,19 Oct,2025,ULP,TAS,Hobart,Capital City,173.8,Hobart,https://aip.com.au/pricing/petrol/tasmania-retail-petrol-prices/hobart/
2025-10-26,26 Oct,2025,ULP,TAS,Hobart,Capital City,173.7,Hobart,https://aip.com.au/pricing/petrol/tasmania-retail-petrol-prices/hobart/
2025-11-02,2 Nov,2025,ULP,TAS,Hobart,Capital City,176.4,Hobart,https://aip.com.au/pricing/petrol/tasmania-retail-petrol-prices/hobart/
2025-11-09,9 Nov,2025,ULP,TAS,Hobart,Capital City,178.4,Hobart,https://aip.com.au/pricing/petrol/tasmania-retail-petrol-prices/hobart/
2025-11-16,16 Nov,2025,ULP,TAS,Hobart,Capital City,178.2,Hobart,https://aip.com.au/pricing/petrol/tasmania-retail-petrol-prices/hobart/
2025-11-23,23 Nov,2025,ULP,TAS,Hobart,Capital City,178.7,Hobart,https://aip.com.au/pricing/petrol/tasmania-retail-petrol-prices/hobart/
2025-11-30,30 Nov,2025,ULP,TAS,Hobart,Capital City,179.4,Hobart,https://aip.com.au/pricing/petrol/tasmania-retail-petrol-prices/hobart/
2025-12-07,7 Dec,2025,ULP,TAS,Hobart,Capital City,180.4,Hobart,https://aip.com.au/pricing/petrol/tasmania-retail-petrol-prices/hobart/
2025-12-14,14 Dec,2025,ULP,TAS,Hobart,Capital City,180.5,Hobart,https://aip.com.au/pricing/petrol/tasmania-retail-petrol-prices/hobart/
2025-12-21,21 Dec,2025,ULP,TAS,Hobart,Capital City,179.5,Hobart,https://aip.com.au/pricing/petrol/tasmania-retail-petrol-prices/hobart/
2025-12-28,28 Dec,2025,ULP,TAS,Hobart,Capital City,178.1,Hobart,https://aip.com.au/pricing/petrol/tasmania-retail-petrol-prices/hobart/
2026-01-04,4 Jan,2026,ULP,TAS,Hobart,Capital City,175.9,Hobart,https://aip.com.au/pricing/petrol/tasmania-retail-petrol-prices/hobart/
2026-01-11,11 Jan,2026,ULP,TAS,Hobart,Capital City,173.5,Hobart,https://aip.com.au/pricing/petrol/tasmania-retail-petrol-prices/hobart/
2026-01-18,18 Jan,2026,ULP,TAS,Hobart,Capital City,171.9,Hobart,https://aip.com.au/pricing/petrol/tasmania-retail-petrol-prices/hobart/
2026-01-25,25 Jan,2026,ULP,TAS,Hobart,Capital City,170.0,Hobart,https://aip.com.au/pricing/petrol/tasmania-retail-petrol-prices/hobart/
2026-02-01,1 Feb,2026,ULP,TAS,Hobart,Capital City,168.9,Hobart,https://aip.com.au/pricing/petrol/tasmania-retail-petrol-prices/hobart/
2026-02-08,8 Feb,2026,ULP,TAS,Hobart,Capital City,168.2,Hobart,https://aip.com.au/pricing/petrol/tasmania-retail-petrol-prices/hobart/
2026-02-15,15 Feb,2026,ULP,TAS,Hobart,Capital City,166.7,Hobart,https://aip.com.au/pricing/petrol/tasmania-retail-petrol-prices/hobart/
2026-02-22,22 Feb,2026,ULP,TAS,Hobart,Capital City,165.4,Hobart,https://aip.com.au/pricing/petrol/tasmania-retail-petrol-prices/hobart/
2026-03-01,1 Mar,2026,ULP,TAS,Hobart,Capital City,166.4,Hobart,https://aip.com.au/pricing/petrol/tasmania-retail-petrol-prices/hobart/
2026-03-08,8 Mar,2026,ULP,TAS,Hobart,Capital City,182.4,Hobart,https://aip.com.au/pricing/petrol/tasmania-retail-petrol-prices/hobart/
2026-03-15,15 Mar,2026,ULP,TAS,Hobart,Capital City,218.3,Hobart,https://aip.com.au/pricing/petrol/tasmania-retail-petrol-prices/hobart/
2026-03-22,22 Mar,2026,ULP,TAS,Hobart,Capital City,239.7,Hobart,https://aip.com.au/pricing/petrol/tasmania-retail-petrol-prices/hobart/
2026-03-29,29 Mar,2026,ULP,TAS,Hobart,Capital City,256.6,Hobart,https://aip.com.au/pricing/petrol/tasmania-retail-petrol-prices/hobart/
2026-04-05,5 Apr,2026,ULP,TAS,Hobart,Capital City,238.2,Hobart,https://aip.com.au/pricing/petrol/tasmania-retail-petrol-prices/hobart/
2026-04-12,12 Apr,2026,ULP,TAS,Hobart,Capital City,223.5,Hobart,https://aip.com.au/pricing/petrol/tasmania-retail-petrol-prices/hobart/
2026-04-19,19 Apr,2026,ULP,TAS,Hobart,Capital City,208.6,Hobart,https://aip.com.au/pricing/petrol/tasmania-retail-petrol-prices/hobart/
2026-04-26,26 Apr,2026,ULP,TAS,Hobart,Capital City,191.9,Hobart,https://aip.com.au/pricing/petrol/tasmania-retail-petrol-prices/hobart/
2026-05-03,3 May,2026,ULP,TAS,Hobart,Capital City,186.7,Hobart,https://aip.com.au/pricing/petrol/tasmania-retail-petrol-prices/hobart/
2026-05-10,10 May,2026,ULP,TAS,Hobart,Capital City,187.6,Hobart,https://aip.com.au/pricing/petrol/tasmania-retail-petrol-prices/hobart/
2026-05-17,17 May,2026,ULP,TAS,Hobart,Capital City,184.3,Hobart,https://aip.com.au/pricing/petrol/tasmania-retail-petrol-prices/hobart/
2026-05-24,24 May,2026,ULP,TAS,Hobart,Capital City,185.5,Hobart,https://aip.com.au/pricing/petrol/tasmania-retail-petrol-prices/hobart/
2026-05-31,31 May,2026,ULP,TAS,Hobart,Capital City,185.5,Hobart,https://aip.com.au/pricing/petrol/tasmania-retail-petrol-prices/hobart/
2026-06-07,7 Jun,2026,ULP,TAS,Hobart,Capital City,179.7,Hobart,https://aip.com.au/pricing/petrol/tasmania-retail-petrol-prices/hobart/
2026-06-14,14 Jun,2026,ULP,TAS,Hobart,Capital City,173.8,Hobart,https://aip.com.au/pricing/petrol/tasmania-retail-petrol-prices/hobart/
2026-06-21,21 Jun,2026,ULP,TAS,Hobart,Capital City,168.7,Hobart,https://aip.com.au/pricing/petrol/tasmania-retail-petrol-prices/hobart/
2026-06-28,28 Jun,2026,ULP,TAS,Hobart,Capital City,161.8,Hobart,https://aip.com.au/pricing/petrol/tasmania-retail-petrol-prices/hobart/
2026-07-05,5 Jul,2026,ULP,TAS,Hobart,Capital City,167.1,Hobart,https://aip.com.au/pricing/petrol/tasmania-retail-petrol-prices/hobart/
2026-07-12,12 Jul,2026,ULP,TAS,Hobart,Capital City,173.4,Hobart,https://aip.com.au/pricing/petrol/tasmania-retail-petrol-prices/hobart/
2026-07-19,19 Jul,2026,ULP,TAS,Hobart,Capital City,174.1,Hobart,https://aip.com.au/pricing/petrol/tasmania-retail-petrol-prices/hobart/
2026-07-26,26 Jul,2026,ULP,TAS,Hobart,Capital City,184.3,Hobart,https://aip.com.au/pricing/petrol/tasmania-retail-petrol-prices/hobart/
2026-08-02,2 Aug,2026,ULP,TAS,Hobart,Capital City,197.1,Hobart,https://aip.com.au/pricing/petrol/tasmania-retail-petrol-prices/hobart/
2026-08-09,9 Aug,2026,ULP,TAS,Hobart,Capital City,211.0,Hobart,https://aip.com.au/pricing/petrol/tasmania-retail-petrol-prices/hobart/
2026-08-16,16 Aug,2026,ULP,TAS,Hobart,Capital City,205.5,Hobart,https://aip.com.au/pricing/petrol/tasmania-retail-petrol-prices/hobart/
2025-08-24,24 Aug,2025,ULP,TAS,Tasmanian Regional Average,State Regional Average,176.8,Tasmanian Regional Average,https://aip.com.au/pricing/petrol/tasmania-retail-petrol-prices/tasmanian-regional-average/
2025-08-31,31 Aug,2025,ULP,TAS,Tasmanian Regional Average,State Regional Average,178.3,Tasmanian Regional Average,https://aip.com.au/pricing/petrol/tasmania-retail-petrol-prices/tasmanian-regional-average/
2025-09-07,7 Sep,2025,ULP,TAS,Tasmanian Regional Average,State Regional Average,179.2,Tasmanian Regional Average,https://aip.com.au/pricing/petrol/tasmania-retail-petrol-prices/tasmanian-regional-average/
2025-09-14,14 Sep,2025,ULP,TAS,Tasmanian Regional Average,State Regional Average,178.8,Tasmanian Regional Average,https://aip.com.au/pricing/petrol/tasmania-retail-petrol-prices/tasmanian-regional-average/
2025-09-21,21 Sep,2025,ULP,TAS,Tasmanian Regional Average,State Regional Average,178.4,Tasmanian Regional Average,https://aip.com.au/pricing/petrol/tasmania-retail-petrol-prices/tasmanian-regional-average/
2025-09-28,28 Sep,2025,ULP,TAS,Tasmanian Regional Average,State Regional Average,178.6,Tasmanian Regional Average,https://aip.com.au/pricing/petrol/tasmania-retail-petrol-prices/tasmanian-regional-average/
2025-10-05,5 Oct,2025,ULP,TAS,Tasmanian Regional Average,State Regional Average,178.6,Tasmanian Regional Average,https://aip.com.au/pricing/petrol/tasmania-retail-petrol-prices/tasmanian-regional-average/
2025-10-12,12 Oct,2025,ULP,TAS,Tasmanian Regional Average,State Regional Average,178.6,Tasmanian Regional Average,https://aip.com.au/pricing/petrol/tasmania-retail-petrol-prices/tasmanian-regional-average/
2025-10-19,19 Oct,2025,ULP,TAS,Tasmanian Regional Average,State Regional Average,177.6,Tasmanian Regional Average,https://aip.com.au/pricing/petrol/tasmania-retail-petrol-prices/tasmanian-regional-average/
2025-10-26,26 Oct,2025,ULP,TAS,Tasmanian Regional Average,State Regional Average,177.4,Tasmanian Regional Average,https://aip.com.au/pricing/petrol/tasmania-retail-petrol-prices/tasmanian-regional-average/
2025-11-02,2 Nov,2025,ULP,TAS,Tasmanian Regional Average,State Regional Average,178.7,Tasmanian Regional Average,https://aip.com.au/pricing/petrol/tasmania-retail-petrol-prices/tasmanian-regional-average/
2025-11-09,9 Nov,2025,ULP,TAS,Tasmanian Regional Average,State Regional Average,180.7,Tasmanian Regional Average,https://aip.com.au/pricing/petrol/tasmania-retail-petrol-prices/tasmanian-regional-average/
2025-11-16,16 Nov,2025,ULP,TAS,Tasmanian Regional Average,State Regional Average,181.3,Tasmanian Regional Average,https://aip.com.au/pricing/petrol/tasmania-retail-petrol-prices/tasmanian-regional-average/
2025-11-23,23 Nov,2025,ULP,TAS,Tasmanian Regional Average,State Regional Average,182.0,Tasmanian Regional Average,https://aip.com.au/pricing/petrol/tasmania-retail-petrol-prices/tasmanian-regional-average/
2025-11-30,30 Nov,2025,ULP,TAS,Tasmanian Regional Average,State Regional Average,182.5,Tasmanian Regional Average,https://aip.com.au/pricing/petrol/tasmania-retail-petrol-prices/tasmanian-regional-average/
2025-12-07,7 Dec,2025,ULP,TAS,Tasmanian Regional Average,State Regional Average,182.8,Tasmanian Regional Average,https://aip.com.au/pricing/petrol/tasmania-retail-petrol-prices/tasmanian-regional-average/
2025-12-14,14 Dec,2025,ULP,TAS,Tasmanian Regional Average,State Regional Average,182.6,Tasmanian Regional Average,https://aip.com.au/pricing/petrol/tasmania-retail-petrol-prices/tasmanian-regional-average/
2025-12-21,21 Dec,2025,ULP,TAS,Tasmanian Regional Average,State Regional Average,182.1,Tasmanian Regional Average,https://aip.com.au/pricing/petrol/tasmania-retail-petrol-prices/tasmanian-regional-average/
2025-12-28,28 Dec,2025,ULP,TAS,Tasmanian Regional Average,State Regional Average,181.5,Tasmanian Regional Average,https://aip.com.au/pricing/petrol/tasmania-retail-petrol-prices/tasmanian-regional-average/
2026-01-04,4 Jan,2026,ULP,TAS,Tasmanian Regional Average,State Regional Average,180.8,Tasmanian Regional Average,https://aip.com.au/pricing/petrol/tasmania-retail-petrol-prices/tasmanian-regional-average/
2026-01-11,11 Jan,2026,ULP,TAS,Tasmanian Regional Average,State Regional Average,179.8,Tasmanian Regional Average,https://aip.com.au/pricing/petrol/tasmania-retail-petrol-prices/tasmanian-regional-average/
2026-01-18,18 Jan,2026,ULP,TAS,Tasmanian Regional Average,State Regional Average,178.8,Tasmanian Regional Average,https://aip.com.au/pricing/petrol/tasmania-retail-petrol-prices/tasmanian-regional-average/
2026-01-25,25 Jan,2026,ULP,TAS,Tasmanian Regional Average,State Regional Average,177.3,Tasmanian Regional Average,https://aip.com.au/pricing/petrol/tasmania-retail-petrol-prices/tasmanian-regional-average/
2026-02-01,1 Feb,2026,ULP,TAS,Tasmanian Regional Average,State Regional Average,176.0,Tasmanian Regional Average,https://aip.com.au/pricing/petrol/tasmania-retail-petrol-prices/tasmanian-regional-average/
2026-02-08,8 Feb,2026,ULP,TAS,Tasmanian Regional Average,State Regional Average,175.4,Tasmanian Regional Average,https://aip.com.au/pricing/petrol/tasmania-retail-petrol-prices/tasmanian-regional-average/
2026-02-15,15 Feb,2026,ULP,TAS,Tasmanian Regional Average,State Regional Average,173.4,Tasmanian Regional Average,https://aip.com.au/pricing/petrol/tasmania-retail-petrol-prices/tasmanian-regional-average/
2026-02-22,22 Feb,2026,ULP,TAS,Tasmanian Regional Average,State Regional Average,171.7,Tasmanian Regional Average,https://aip.com.au/pricing/petrol/tasmania-retail-petrol-prices/tasmanian-regional-average/
2026-03-01,1 Mar,2026,ULP,TAS,Tasmanian Regional Average,State Regional Average,171.4,Tasmanian Regional Average,https://aip.com.au/pricing/petrol/tasmania-retail-petrol-prices/tasmanian-regional-average/
2026-03-08,8 Mar,2026,ULP,TAS,Tasmanian Regional Average,State Regional Average,184.5,Tasmanian Regional Average,https://aip.com.au/pricing/petrol/tasmania-retail-petrol-prices/tasmanian-regional-average/
2026-03-15,15 Mar,2026,ULP,TAS,Tasmanian Regional Average,State Regional Average,217.0,Tasmanian Regional Average,https://aip.com.au/pricing/petrol/tasmania-retail-petrol-prices/tasmanian-regional-average/
2026-03-22,22 Mar,2026,ULP,TAS,Tasmanian Regional Average,State Regional Average,239.4,Tasmanian Regional Average,https://aip.com.au/pricing/petrol/tasmania-retail-petrol-prices/tasmanian-regional-average/
2026-03-29,29 Mar,2026,ULP,TAS,Tasmanian Regional Average,State Regional Average,257.8,Tasmanian Regional Average,https://aip.com.au/pricing/petrol/tasmania-retail-petrol-prices/tasmanian-regional-average/
2026-04-05,5 Apr,2026,ULP,TAS,Tasmanian Regional Average,State Regional Average,239.6,Tasmanian Regional Average,https://aip.com.au/pricing/petrol/tasmania-retail-petrol-prices/tasmanian-regional-average/
2026-04-12,12 Apr,2026,ULP,TAS,Tasmanian Regional Average,State Regional Average,226.8,Tasmanian Regional Average,https://aip.com.au/pricing/petrol/tasmania-retail-petrol-prices/tasmanian-regional-average/
2026-04-19,19 Apr,2026,ULP,TAS,Tasmanian Regional Average,State Regional Average,211.8,Tasmanian Regional Average,https://aip.com.au/pricing/petrol/tasmania-retail-petrol-prices/tasmanian-regional-average/
2026-04-26,26 Apr,2026,ULP,TAS,Tasmanian Regional Average,State Regional Average,196.4,Tasmanian Regional Average,https://aip.com.au/pricing/petrol/tasmania-retail-petrol-prices/tasmanian-regional-average/
2026-05-03,3 May,2026,ULP,TAS,Tasmanian Regional Average,State Regional Average,192.8,Tasmanian Regional Average,https://aip.com.au/pricing/petrol/tasmania-retail-petrol-prices/tasmanian-regional-average/
2026-05-10,10 May,2026,ULP,TAS,Tasmanian Regional Average,State Regional Average,192.6,Tasmanian Regional Average,https://aip.com.au/pricing/petrol/tasmania-retail-petrol-prices/tasmanian-regional-average/
2026-05-17,17 May,2026,ULP,TAS,Tasmanian Regional Average,State Regional Average,190.0,Tasmanian Regional Average,https://aip.com.au/pricing/petrol/tasmania-retail-petrol-prices/tasmanian-regional-average/
2026-05-24,24 May,2026,ULP,TAS,Tasmanian Regional Average,State Regional Average,188.9,Tasmanian Regional Average,https://aip.com.au/pricing/petrol/tasmania-retail-petrol-prices/tasmanian-regional-average/
2026-05-31,31 May,2026,ULP,TAS,Tasmanian Regional Average,State Regional Average,187.4,Tasmanian Regional Average,https://aip.com.au/pricing/petrol/tasmania-retail-petrol-prices/tasmanian-regional-average/
2026-06-07,7 Jun,2026,ULP,TAS,Tasmanian Regional Average,State Regional Average,182.7,Tasmanian Regional Average,https://aip.com.au/pricing/petrol/tasmania-retail-petrol-prices/tasmanian-regional-average/
2026-06-14,14 Jun,2026,ULP,TAS,Tasmanian Regional Average,State Regional Average,178.5,Tasmanian Regional Average,https://aip.com.au/pricing/petrol/tasmania-retail-petrol-prices/tasmanian-regional-average/
2026-06-21,21 Jun,2026,ULP,TAS,Tasmanian Regional Average,State Regional Average,174.3,Tasmanian Regional Average,https://aip.com.au/pricing/petrol/tasmania-retail-petrol-prices/tasmanian-regional-average/
2026-06-28,28 Jun,2026,ULP,TAS,Tasmanian Regional Average,State Regional Average,170.0,Tasmanian Regional Average,https://aip.com.au/pricing/petrol/tasmania-retail-petrol-prices/tasmanian-regional-average/
2026-07-05,5 Jul,2026,ULP,TAS,Tasmanian Regional Average,State Regional Average,173.2,Tasmanian Regional Average,https://aip.com.au/pricing/petrol/tasmania-retail-petrol-prices/tasmanian-regional-average/
2026-07-12,12 Jul,2026,ULP,TAS,Tasmanian Regional Average,State Regional Average,178.2,Tasmanian Regional Average,https://aip.com.au/pricing/petrol/tasmania-retail-petrol-prices/tasmanian-regional-average/
2026-07-19,19 Jul,2026,ULP,TAS,Tasmanian Regional Average,State Regional Average,179.3,Tasmanian Regional Average,https://aip.com.au/pricing/petrol/tasmania-retail-petrol-prices/tasmanian-regional-average/
2026-07-26,26 Jul,2026,ULP,TAS,Tasmanian Regional Average,State Regional Average,185.5,Tasmanian Regional Average,https://aip.com.au/pricing/petrol/tasmania-retail-petrol-prices/tasmanian-regional-average/
2026-08-02,2 Aug,2026,ULP,TAS,Tasmanian Regional Average,State Regional Average,195.6,Tasmanian Regional Average,https://aip.com.au/pricing/petrol/tasmania-retail-petrol-prices/tasmanian-regional-average/
2026-08-09,9 Aug,2026,ULP,TAS,Tasmanian Regional Average,State Regional Average,208.2,Tasmanian Regional Average,https://aip.com.au/pricing/petrol/tasmania-retail-petrol-prices/tasmanian-regional-average/
2026-08-16,16 Aug,2026,ULP,TAS,Tasmanian Regional Average,State Regional Average,206.1,Tasmanian Regional Average,https://aip.com.au/pricing/petrol/tasmania-retail-petrol-prices/tasmanian-regional-average/
2025-08-24,24 Aug,2025,ULP,TAS,Tasmanian State Average,State Average,176.5,Tasmanian State Average,https://aip.com.au/pricing/petrol/tasmania-retail-petrol-prices/tasmanian-state-average/
2025-08-31,31 Aug,2025,ULP,TAS,Tasmanian State Average,State Average,178.0,Tasmanian State Average,https://aip.com.au/pricing/petrol/tasmania-retail-petrol-prices/tasmanian-state-average/
2025-09-07,7 Sep,2025,ULP,TAS,Tasmanian State Average,State Average,179.0,Tasmanian State Average,https://aip.com.au/pricing/petrol/tasmania-retail-petrol-prices/tasmanian-state-average/
2025-09-14,14 Sep,2025,ULP,TAS,Tasmanian State Average,State Average,178.4,Tasmanian State Average,https://aip.com.au/pricing/petrol/tasmania-retail-petrol-prices/tasmanian-state-average/
2025-09-21,21 Sep,2025,ULP,TAS,Tasmanian State Average,State Average,177.8,Tasmanian State Average,https://aip.com.au/pricing/petrol/tasmania-retail-petrol-prices/tasmanian-state-average/
2025-09-28,28 Sep,2025,ULP,TAS,Tasmanian State Average,State Average,177.8,Tasmanian State Average,https://aip.com.au/pricing/petrol/tasmania-retail-petrol-prices/tasmanian-state-average/
2025-10-05,5 Oct,2025,ULP,TAS,Tasmanian State Average,State Average,177.6,Tasmanian State Average,https://aip.com.au/pricing/petrol/tasmania-retail-petrol-prices/tasmanian-state-average/
2025-10-12,12 Oct,2025,ULP,TAS,Tasmanian State Average,State Average,177.6,Tasmanian State Average,https://aip.com.au/pricing/petrol/tasmania-retail-petrol-prices/tasmanian-state-average/
2025-10-19,19 Oct,2025,ULP,TAS,Tasmanian State Average,State Average,176.0,Tasmanian State Average,https://aip.com.au/pricing/petrol/tasmania-retail-petrol-prices/tasmanian-state-average/
2025-10-26,26 Oct,2025,ULP,TAS,Tasmanian State Average,State Average,175.8,Tasmanian State Average,https://aip.com.au/pricing/petrol/tasmania-retail-petrol-prices/tasmanian-state-average/
2025-11-02,2 Nov,2025,ULP,TAS,Tasmanian State Average,State Average,177.7,Tasmanian State Average,https://aip.com.au/pricing/petrol/tasmania-retail-petrol-prices/tasmanian-state-average/
2025-11-09,9 Nov,2025,ULP,TAS,Tasmanian State Average,State Average,179.7,Tasmanian State Average,https://aip.com.au/pricing/petrol/tasmania-retail-petrol-prices/tasmanian-state-average/
2025-11-16,16 Nov,2025,ULP,TAS,Tasmanian State Average,State Average,180.0,Tasmanian State Average,https://aip.com.au/pricing/petrol/tasmania-retail-petrol-prices/tasmanian-state-average/
2025-11-23,23 Nov,2025,ULP,TAS,Tasmanian State Average,State Average,180.6,Tasmanian State Average,https://aip.com.au/pricing/petrol/tasmania-retail-petrol-prices/tasmanian-state-average/
2025-11-30,30 Nov,2025,ULP,TAS,Tasmanian State Average,State Average,181.1,Tasmanian State Average,https://aip.com.au/pricing/petrol/tasmania-retail-petrol-prices/tasmanian-state-average/
2025-12-07,7 Dec,2025,ULP,TAS,Tasmanian State Average,State Average,181.8,Tasmanian State Average,https://aip.com.au/pricing/petrol/tasmania-retail-petrol-prices/tasmanian-state-average/
2025-12-14,14 Dec,2025,ULP,TAS,Tasmanian State Average,State Average,181.7,Tasmanian State Average,https://aip.com.au/pricing/petrol/tasmania-retail-petrol-prices/tasmanian-state-average/
2025-12-21,21 Dec,2025,ULP,TAS,Tasmanian State Average,State Average,181.0,Tasmanian State Average,https://aip.com.au/pricing/petrol/tasmania-retail-petrol-prices/tasmanian-state-average/
2025-12-28,28 Dec,2025,ULP,TAS,Tasmanian State Average,State Average,180.1,Tasmanian State Average,https://aip.com.au/pricing/petrol/tasmania-retail-petrol-prices/tasmanian-state-average/
2026-01-04,4 Jan,2026,ULP,TAS,Tasmanian State Average,State Average,178.7,Tasmanian State Average,https://aip.com.au/pricing/petrol/tasmania-retail-petrol-prices/tasmanian-state-average/
2026-01-11,11 Jan,2026,ULP,TAS,Tasmanian State Average,State Average,177.2,Tasmanian State Average,https://aip.com.au/pricing/petrol/tasmania-retail-petrol-prices/tasmanian-state-average/
2026-01-18,18 Jan,2026,ULP,TAS,Tasmanian State Average,State Average,175.9,Tasmanian State Average,https://aip.com.au/pricing/petrol/tasmania-retail-petrol-prices/tasmanian-state-average/
2026-01-25,25 Jan,2026,ULP,TAS,Tasmanian State Average,State Average,174.2,Tasmanian State Average,https://aip.com.au/pricing/petrol/tasmania-retail-petrol-prices/tasmanian-state-average/
2026-02-01,1 Feb,2026,ULP,TAS,Tasmanian State Average,State Average,173.0,Tasmanian State Average,https://aip.com.au/pricing/petrol/tasmania-retail-petrol-prices/tasmanian-state-average/
2026-02-08,8 Feb,2026,ULP,TAS,Tasmanian State Average,State Average,172.4,Tasmanian State Average,https://aip.com.au/pricing/petrol/tasmania-retail-petrol-prices/tasmanian-state-average/
2026-02-15,15 Feb,2026,ULP,TAS,Tasmanian State Average,State Average,170.6,Tasmanian State Average,https://aip.com.au/pricing/petrol/tasmania-retail-petrol-prices/tasmanian-state-average/
2026-02-22,22 Feb,2026,ULP,TAS,Tasmanian State Average,State Average,169.0,Tasmanian State Average,https://aip.com.au/pricing/petrol/tasmania-retail-petrol-prices/tasmanian-state-average/
2026-03-01,1 Mar,2026,ULP,TAS,Tasmanian State Average,State Average,169.3,Tasmanian State Average,https://aip.com.au/pricing/petrol/tasmania-retail-petrol-prices/tasmanian-state-average/
2026-03-08,8 Mar,2026,ULP,TAS,Tasmanian State Average,State Average,183.6,Tasmanian State Average,https://aip.com.au/pricing/petrol/tasmania-retail-petrol-prices/tasmanian-state-average/
2026-03-15,15 Mar,2026,ULP,TAS,Tasmanian State Average,State Average,217.5,Tasmanian State Average,https://aip.com.au/pricing/petrol/tasmania-retail-petrol-prices/tasmanian-state-average/
2026-03-22,22 Mar,2026,ULP,TAS,Tasmanian State Average,State Average,239.5,Tasmanian State Average,https://aip.com.au/pricing/petrol/tasmania-retail-petrol-prices/tasmanian-state-average/
2026-03-29,29 Mar,2026,ULP,TAS,Tasmanian State Average,State Average,257.3,Tasmanian State Average,https://aip.com.au/pricing/petrol/tasmania-retail-petrol-prices/tasmanian-state-average/
2026-04-05,5 Apr,2026,ULP,TAS,Tasmanian State Average,State Average,239.0,Tasmanian State Average,https://aip.com.au/pricing/petrol/tasmania-retail-petrol-prices/tasmanian-state-average/
2026-04-12,12 Apr,2026,ULP,TAS,Tasmanian State Average,State Average,225.4,Tasmanian State Average,https://aip.com.au/pricing/petrol/tasmania-retail-petrol-prices/tasmanian-state-average/
2026-04-19,19 Apr,2026,ULP,TAS,Tasmanian State Average,State Average,210.4,Tasmanian State Average,https://aip.com.au/pricing/petrol/tasmania-retail-petrol-prices/tasmanian-state-average/
2026-04-26,26 Apr,2026,ULP,TAS,Tasmanian State Average,State Average,194.5,Tasmanian State Average,https://aip.com.au/pricing/petrol/tasmania-retail-petrol-prices/tasmanian-state-average/
2026-05-03,3 May,2026,ULP,TAS,Tasmanian State Average,State Average,190.2,Tasmanian State Average,https://aip.com.au/pricing/petrol/tasmania-retail-petrol-prices/tasmanian-state-average/
2026-05-10,10 May,2026,ULP,TAS,Tasmanian State Average,State Average,190.5,Tasmanian State Average,https://aip.com.au/pricing/petrol/tasmania-retail-petrol-prices/tasmanian-state-average/
2026-05-17,17 May,2026,ULP,TAS,Tasmanian State Average,State Average,187.6,Tasmanian State Average,https://aip.com.au/pricing/petrol/tasmania-retail-petrol-prices/tasmanian-state-average/
2026-05-24,24 May,2026,ULP,TAS,Tasmanian State Average,State Average,187.5,Tasmanian State Average,https://aip.com.au/pricing/petrol/tasmania-retail-petrol-prices/tasmanian-state-average/
2026-05-31,31 May,2026,ULP,TAS,Tasmanian State Average,State Average,186.6,Tasmanian State Average,https://aip.com.au/pricing/petrol/tasmania-retail-petrol-prices/tasmanian-state-average/
2026-06-07,7 Jun,2026,ULP,TAS,Tasmanian State Average,State Average,181.4,Tasmanian State Average,https://aip.com.au/pricing/petrol/tasmania-retail-petrol-prices/tasmanian-state-average/
2026-06-14,14 Jun,2026,ULP,TAS,Tasmanian State Average,State Average,176.5,Tasmanian State Average,https://aip.com.au/pricing/petrol/tasmania-retail-petrol-prices/tasmanian-state-average/
2026-06-21,21 Jun,2026,ULP,TAS,Tasmanian State Average,State Average,171.9,Tasmanian State Average,https://aip.com.au/pricing/petrol/tasmania-retail-petrol-prices/tasmanian-state-average/
2026-06-28,28 Jun,2026,ULP,TAS,Tasmanian State Average,State Average,166.5,Tasmanian State Average,https://aip.com.au/pricing/petrol/tasmania-retail-petrol-prices/tasmanian-state-average/
2026-07-05,5 Jul,2026,ULP,TAS,Tasmanian State Average,State Average,170.7,Tasmanian State Average,https://aip.com.au/pricing/petrol/tasmania-retail-petrol-prices/tasmanian-state-average/
2026-07-12,12 Jul,2026,ULP,TAS,Tasmanian State Average,State Average,176.2,Tasmanian State Average,https://aip.com.au/pricing/petrol/tasmania-retail-petrol-prices/tasmanian-state-average/
2026-07-19,19 Jul,2026,ULP,TAS,Tasmanian State Average,State Average,177.1,Tasmanian State Average,https://aip.com.au/pricing/petrol/tasmania-retail-petrol-prices/tasmanian-state-average/
2026-07-26,26 Jul,2026,ULP,TAS,Tasmanian State Average,State Average,185.0,Tasmanian State Average,https://aip.com.au/pricing/petrol/tasmania-retail-petrol-prices/tasmanian-state-average/
2026-08-02,2 Aug,2026,ULP,TAS,Tasmanian State Average,State Average,196.2,Tasmanian State Average,https://aip.com.au/pricing/petrol/tasmania-retail-petrol-prices/tasmanian-state-average/
2026-08-09,9 Aug,2026,ULP,TAS,Tasmanian State Average,State Average,209.4,Tasmanian State Average,https://aip.com.au/pricing/petrol/tasmania-retail-petrol-prices/tasmanian-state-average/
2026-08-16,16 Aug,2026,ULP,TAS,Tasmanian State Average,State Average,205.9,Tasmanian State Average,https://aip.com.au/pricing/petrol/tasmania-retail-petrol-prices/tasmanian-state-average/
2025-08-24,24 Aug,2025,ULP,VIC,Melbourne,Capital City,190.8,Melbourne,https://aip.com.au/pricing/petrol/victorian-retail-petrol-prices/melbourne/
2025-08-31,31 Aug,2025,ULP,VIC,Melbourne,Capital City,180.7,Melbourne,https://aip.com.au/pricing/petrol/victorian-retail-petrol-prices/melbourne/
2025-09-07,7 Sep,2025,ULP,VIC,Melbourne,Capital City,172.8,Melbourne,https://aip.com.au/pricing/petrol/victorian-retail-petrol-prices/melbourne/
2025-09-14,14 Sep,2025,ULP,VIC,Melbourne,Capital City,174.0,Melbourne,https://aip.com.au/pricing/petrol/victorian-retail-petrol-prices/melbourne/
2025-09-21,21 Sep,2025,ULP,VIC,Melbourne,Capital City,191.3,Melbourne,https://aip.com.au/pricing/petrol/victorian-retail-petrol-prices/melbourne/
2025-09-28,28 Sep,2025,ULP,VIC,Melbourne,Capital City,198.3,Melbourne,https://aip.com.au/pricing/petrol/victorian-retail-petrol-prices/melbourne/
2025-10-05,5 Oct,2025,ULP,VIC,Melbourne,Capital City,188.6,Melbourne,https://aip.com.au/pricing/petrol/victorian-retail-petrol-prices/melbourne/
2025-10-12,12 Oct,2025,ULP,VIC,Melbourne,Capital City,177.9,Melbourne,https://aip.com.au/pricing/petrol/victorian-retail-petrol-prices/melbourne/
2025-10-19,19 Oct,2025,ULP,VIC,Melbourne,Capital City,168.1,Melbourne,https://aip.com.au/pricing/petrol/victorian-retail-petrol-prices/melbourne/
2025-10-26,26 Oct,2025,ULP,VIC,Melbourne,Capital City,181.5,Melbourne,https://aip.com.au/pricing/petrol/victorian-retail-petrol-prices/melbourne/
2025-11-02,2 Nov,2025,ULP,VIC,Melbourne,Capital City,202.2,Melbourne,https://aip.com.au/pricing/petrol/victorian-retail-petrol-prices/melbourne/
2025-11-09,9 Nov,2025,ULP,VIC,Melbourne,Capital City,196.0,Melbourne,https://aip.com.au/pricing/petrol/victorian-retail-petrol-prices/melbourne/
2025-11-16,16 Nov,2025,ULP,VIC,Melbourne,Capital City,182.5,Melbourne,https://aip.com.au/pricing/petrol/victorian-retail-petrol-prices/melbourne/
2025-11-23,23 Nov,2025,ULP,VIC,Melbourne,Capital City,177.0,Melbourne,https://aip.com.au/pricing/petrol/victorian-retail-petrol-prices/melbourne/
2025-11-30,30 Nov,2025,ULP,VIC,Melbourne,Capital City,193.8,Melbourne,https://aip.com.au/pricing/petrol/victorian-retail-petrol-prices/melbourne/
2025-12-07,7 Dec,2025,ULP,VIC,Melbourne,Capital City,205.9,Melbourne,https://aip.com.au/pricing/petrol/victorian-retail-petrol-prices/melbourne/
2025-12-14,14 Dec,2025,ULP,VIC,Melbourne,Capital City,193.7,Melbourne,https://aip.com.au/pricing/petrol/victorian-retail-petrol-prices/melbourne/
2025-12-21,21 Dec,2025,ULP,VIC,Melbourne,Capital City,175.2,Melbourne,https://aip.com.au/pricing/petrol/victorian-retail-petrol-prices/melbourne/
2025-12-28,28 Dec,2025,ULP,VIC,Melbourne,Capital City,168.3,Melbourne,https://aip.com.au/pricing/petrol/victorian-retail-petrol-prices/melbourne/
2026-01-04,4 Jan,2026,ULP,VIC,Melbourne,Capital City,179.4,Melbourne,https://aip.com.au/pricing/petrol/victorian-retail-petrol-prices/melbourne/
2026-01-11,11 Jan,2026,ULP,VIC,Melbourne,Capital City,198.1,Melbourne,https://aip.com.au/pricing/petrol/victorian-retail-petrol-prices/melbourne/
2026-01-18,18 Jan,2026,ULP,VIC,Melbourne,Capital City,199.6,Melbourne,https://aip.com.au/pricing/petrol/victorian-retail-petrol-prices/melbourne/
2026-01-25,25 Jan,2026,ULP,VIC,Melbourne,Capital City,181.6,Melbourne,https://aip.com.au/pricing/petrol/victorian-retail-petrol-prices/melbourne/
2026-02-01,1 Feb,2026,ULP,VIC,Melbourne,Capital City,164.3,Melbourne,https://aip.com.au/pricing/petrol/victorian-retail-petrol-prices/melbourne/
2026-02-08,8 Feb,2026,ULP,VIC,Melbourne,Capital City,159.4,Melbourne,https://aip.com.au/pricing/petrol/victorian-retail-petrol-prices/melbourne/
2026-02-15,15 Feb,2026,ULP,VIC,Melbourne,Capital City,166.7,Melbourne,https://aip.com.au/pricing/petrol/victorian-retail-petrol-prices/melbourne/
2026-02-22,22 Feb,2026,ULP,VIC,Melbourne,Capital City,174.8,Melbourne,https://aip.com.au/pricing/petrol/victorian-retail-petrol-prices/melbourne/
2026-03-01,1 Mar,2026,ULP,VIC,Melbourne,Capital City,195.2,Melbourne,https://aip.com.au/pricing/petrol/victorian-retail-petrol-prices/melbourne/
2026-03-08,8 Mar,2026,ULP,VIC,Melbourne,Capital City,208.8,Melbourne,https://aip.com.au/pricing/petrol/victorian-retail-petrol-prices/melbourne/
2026-03-15,15 Mar,2026,ULP,VIC,Melbourne,Capital City,221.5,Melbourne,https://aip.com.au/pricing/petrol/victorian-retail-petrol-prices/melbourne/
2026-03-22,22 Mar,2026,ULP,VIC,Melbourne,Capital City,237.0,Melbourne,https://aip.com.au/pricing/petrol/victorian-retail-petrol-prices/melbourne/
2026-03-29,29 Mar,2026,ULP,VIC,Melbourne,Capital City,253.0,Melbourne,https://aip.com.au/pricing/petrol/victorian-retail-petrol-prices/melbourne/
2026-04-05,5 Apr,2026,ULP,VIC,Melbourne,Capital City,240.2,Melbourne,https://aip.com.au/pricing/petrol/victorian-retail-petrol-prices/melbourne/
2026-04-12,12 Apr,2026,ULP,VIC,Melbourne,Capital City,223.7,Melbourne,https://aip.com.au/pricing/petrol/victorian-retail-petrol-prices/melbourne/
2026-04-19,19 Apr,2026,ULP,VIC,Melbourne,Capital City,212.4,Melbourne,https://aip.com.au/pricing/petrol/victorian-retail-petrol-prices/melbourne/
2026-04-26,26 Apr,2026,ULP,VIC,Melbourne,Capital City,190.4,Melbourne,https://aip.com.au/pricing/petrol/victorian-retail-petrol-prices/melbourne/
2026-05-03,3 May,2026,ULP,VIC,Melbourne,Capital City,180.5,Melbourne,https://aip.com.au/pricing/petrol/victorian-retail-petrol-prices/melbourne/
2026-05-10,10 May,2026,ULP,VIC,Melbourne,Capital City,181.6,Melbourne,https://aip.com.au/pricing/petrol/victorian-retail-petrol-prices/melbourne/
2026-05-17,17 May,2026,ULP,VIC,Melbourne,Capital City,182.8,Melbourne,https://aip.com.au/pricing/petrol/victorian-retail-petrol-prices/melbourne/
2026-05-24,24 May,2026,ULP,VIC,Melbourne,Capital City,186.4,Melbourne,https://aip.com.au/pricing/petrol/victorian-retail-petrol-prices/melbourne/
2026-05-31,31 May,2026,ULP,VIC,Melbourne,Capital City,183.3,Melbourne,https://aip.com.au/pricing/petrol/victorian-retail-petrol-prices/melbourne/
2026-06-07,7 Jun,2026,ULP,VIC,Melbourne,Capital City,174.4,Melbourne,https://aip.com.au/pricing/petrol/victorian-retail-petrol-prices/melbourne/
2026-06-14,14 Jun,2026,ULP,VIC,Melbourne,Capital City,167.9,Melbourne,https://aip.com.au/pricing/petrol/victorian-retail-petrol-prices/melbourne/
2026-06-21,21 Jun,2026,ULP,VIC,Melbourne,Capital City,163.3,Melbourne,https://aip.com.au/pricing/petrol/victorian-retail-petrol-prices/melbourne/
2026-06-28,28 Jun,2026,ULP,VIC,Melbourne,Capital City,157.0,Melbourne,https://aip.com.au/pricing/petrol/victorian-retail-petrol-prices/melbourne/
2026-07-05,5 Jul,2026,ULP,VIC,Melbourne,Capital City,160.0,Melbourne,https://aip.com.au/pricing/petrol/victorian-retail-petrol-prices/melbourne/
2026-07-12,12 Jul,2026,ULP,VIC,Melbourne,Capital City,166.9,Melbourne,https://aip.com.au/pricing/petrol/victorian-retail-petrol-prices/melbourne/
2026-07-19,19 Jul,2026,ULP,VIC,Melbourne,Capital City,171.6,Melbourne,https://aip.com.au/pricing/petrol/victorian-retail-petrol-prices/melbourne/
2026-07-26,26 Jul,2026,ULP,VIC,Melbourne,Capital City,181.7,Melbourne,https://aip.com.au/pricing/petrol/victorian-retail-petrol-prices/melbourne/
2026-08-02,2 Aug,2026,ULP,VIC,Melbourne,Capital City,193.9,Melbourne,https://aip.com.au/pricing/petrol/victorian-retail-petrol-prices/melbourne/
2026-08-09,9 Aug,2026,ULP,VIC,Melbourne,Capital City,207.2,Melbourne,https://aip.com.au/pricing/petrol/victorian-retail-petrol-prices/melbourne/
2026-08-16,16 Aug,2026,ULP,VIC,Melbourne,Capital City,200.0,Melbourne,https://aip.com.au/pricing/petrol/victorian-retail-petrol-prices/melbourne/
2025-08-24,24 Aug,2025,ULP,VIC,Victorian Regional Average,State Regional Average,174.7,Victorian Regional Average,https://aip.com.au/pricing/petrol/victorian-retail-petrol-prices/victorian-regional-average/
2025-08-31,31 Aug,2025,ULP,VIC,Victorian Regional Average,State Regional Average,174.8,Victorian Regional Average,https://aip.com.au/pricing/petrol/victorian-retail-petrol-prices/victorian-regional-average/
2025-09-07,7 Sep,2025,ULP,VIC,Victorian Regional Average,State Regional Average,175.4,Victorian Regional Average,https://aip.com.au/pricing/petrol/victorian-retail-petrol-prices/victorian-regional-average/
2025-09-14,14 Sep,2025,ULP,VIC,Victorian Regional Average,State Regional Average,175.4,Victorian Regional Average,https://aip.com.au/pricing/petrol/victorian-retail-petrol-prices/victorian-regional-average/
2025-09-21,21 Sep,2025,ULP,VIC,Victorian Regional Average,State Regional Average,175.3,Victorian Regional Average,https://aip.com.au/pricing/petrol/victorian-retail-petrol-prices/victorian-regional-average/
2025-09-28,28 Sep,2025,ULP,VIC,Victorian Regional Average,State Regional Average,175.7,Victorian Regional Average,https://aip.com.au/pricing/petrol/victorian-retail-petrol-prices/victorian-regional-average/
2025-10-05,5 Oct,2025,ULP,VIC,Victorian Regional Average,State Regional Average,175.7,Victorian Regional Average,https://aip.com.au/pricing/petrol/victorian-retail-petrol-prices/victorian-regional-average/
2025-10-12,12 Oct,2025,ULP,VIC,Victorian Regional Average,State Regional Average,175.7,Victorian Regional Average,https://aip.com.au/pricing/petrol/victorian-retail-petrol-prices/victorian-regional-average/
2025-10-19,19 Oct,2025,ULP,VIC,Victorian Regional Average,State Regional Average,174.3,Victorian Regional Average,https://aip.com.au/pricing/petrol/victorian-retail-petrol-prices/victorian-regional-average/
2025-10-26,26 Oct,2025,ULP,VIC,Victorian Regional Average,State Regional Average,172.6,Victorian Regional Average,https://aip.com.au/pricing/petrol/victorian-retail-petrol-prices/victorian-regional-average/
2025-11-02,2 Nov,2025,ULP,VIC,Victorian Regional Average,State Regional Average,173.4,Victorian Regional Average,https://aip.com.au/pricing/petrol/victorian-retail-petrol-prices/victorian-regional-average/
2025-11-09,9 Nov,2025,ULP,VIC,Victorian Regional Average,State Regional Average,173.8,Victorian Regional Average,https://aip.com.au/pricing/petrol/victorian-retail-petrol-prices/victorian-regional-average/
2025-11-16,16 Nov,2025,ULP,VIC,Victorian Regional Average,State Regional Average,173.8,Victorian Regional Average,https://aip.com.au/pricing/petrol/victorian-retail-petrol-prices/victorian-regional-average/
2025-11-23,23 Nov,2025,ULP,VIC,Victorian Regional Average,State Regional Average,173.7,Victorian Regional Average,https://aip.com.au/pricing/petrol/victorian-retail-petrol-prices/victorian-regional-average/
2025-11-30,30 Nov,2025,ULP,VIC,Victorian Regional Average,State Regional Average,173.9,Victorian Regional Average,https://aip.com.au/pricing/petrol/victorian-retail-petrol-prices/victorian-regional-average/
2025-12-07,7 Dec,2025,ULP,VIC,Victorian Regional Average,State Regional Average,174.2,Victorian Regional Average,https://aip.com.au/pricing/petrol/victorian-retail-petrol-prices/victorian-regional-average/
2025-12-14,14 Dec,2025,ULP,VIC,Victorian Regional Average,State Regional Average,174.2,Victorian Regional Average,https://aip.com.au/pricing/petrol/victorian-retail-petrol-prices/victorian-regional-average/
2025-12-21,21 Dec,2025,ULP,VIC,Victorian Regional Average,State Regional Average,173.4,Victorian Regional Average,https://aip.com.au/pricing/petrol/victorian-retail-petrol-prices/victorian-regional-average/
2025-12-28,28 Dec,2025,ULP,VIC,Victorian Regional Average,State Regional Average,171.5,Victorian Regional Average,https://aip.com.au/pricing/petrol/victorian-retail-petrol-prices/victorian-regional-average/
2026-01-04,4 Jan,2026,ULP,VIC,Victorian Regional Average,State Regional Average,171.0,Victorian Regional Average,https://aip.com.au/pricing/petrol/victorian-retail-petrol-prices/victorian-regional-average/
2026-01-11,11 Jan,2026,ULP,VIC,Victorian Regional Average,State Regional Average,170.8,Victorian Regional Average,https://aip.com.au/pricing/petrol/victorian-retail-petrol-prices/victorian-regional-average/
2026-01-18,18 Jan,2026,ULP,VIC,Victorian Regional Average,State Regional Average,170.5,Victorian Regional Average,https://aip.com.au/pricing/petrol/victorian-retail-petrol-prices/victorian-regional-average/
2026-01-25,25 Jan,2026,ULP,VIC,Victorian Regional Average,State Regional Average,169.6,Victorian Regional Average,https://aip.com.au/pricing/petrol/victorian-retail-petrol-prices/victorian-regional-average/
2026-02-01,1 Feb,2026,ULP,VIC,Victorian Regional Average,State Regional Average,168.4,Victorian Regional Average,https://aip.com.au/pricing/petrol/victorian-retail-petrol-prices/victorian-regional-average/
2026-02-08,8 Feb,2026,ULP,VIC,Victorian Regional Average,State Regional Average,167.7,Victorian Regional Average,https://aip.com.au/pricing/petrol/victorian-retail-petrol-prices/victorian-regional-average/
2026-02-15,15 Feb,2026,ULP,VIC,Victorian Regional Average,State Regional Average,166.9,Victorian Regional Average,https://aip.com.au/pricing/petrol/victorian-retail-petrol-prices/victorian-regional-average/
2026-02-22,22 Feb,2026,ULP,VIC,Victorian Regional Average,State Regional Average,165.6,Victorian Regional Average,https://aip.com.au/pricing/petrol/victorian-retail-petrol-prices/victorian-regional-average/
2026-03-01,1 Mar,2026,ULP,VIC,Victorian Regional Average,State Regional Average,165.6,Victorian Regional Average,https://aip.com.au/pricing/petrol/victorian-retail-petrol-prices/victorian-regional-average/
2026-03-08,8 Mar,2026,ULP,VIC,Victorian Regional Average,State Regional Average,179.5,Victorian Regional Average,https://aip.com.au/pricing/petrol/victorian-retail-petrol-prices/victorian-regional-average/
2026-03-15,15 Mar,2026,ULP,VIC,Victorian Regional Average,State Regional Average,215.2,Victorian Regional Average,https://aip.com.au/pricing/petrol/victorian-retail-petrol-prices/victorian-regional-average/
2026-03-22,22 Mar,2026,ULP,VIC,Victorian Regional Average,State Regional Average,238.9,Victorian Regional Average,https://aip.com.au/pricing/petrol/victorian-retail-petrol-prices/victorian-regional-average/
2026-03-29,29 Mar,2026,ULP,VIC,Victorian Regional Average,State Regional Average,254.7,Victorian Regional Average,https://aip.com.au/pricing/petrol/victorian-retail-petrol-prices/victorian-regional-average/
2026-04-05,5 Apr,2026,ULP,VIC,Victorian Regional Average,State Regional Average,241.6,Victorian Regional Average,https://aip.com.au/pricing/petrol/victorian-retail-petrol-prices/victorian-regional-average/
2026-04-12,12 Apr,2026,ULP,VIC,Victorian Regional Average,State Regional Average,226.8,Victorian Regional Average,https://aip.com.au/pricing/petrol/victorian-retail-petrol-prices/victorian-regional-average/
2026-04-19,19 Apr,2026,ULP,VIC,Victorian Regional Average,State Regional Average,215.4,Victorian Regional Average,https://aip.com.au/pricing/petrol/victorian-retail-petrol-prices/victorian-regional-average/
2026-04-26,26 Apr,2026,ULP,VIC,Victorian Regional Average,State Regional Average,195.6,Victorian Regional Average,https://aip.com.au/pricing/petrol/victorian-retail-petrol-prices/victorian-regional-average/
2026-05-03,3 May,2026,ULP,VIC,Victorian Regional Average,State Regional Average,185.6,Victorian Regional Average,https://aip.com.au/pricing/petrol/victorian-retail-petrol-prices/victorian-regional-average/
2026-05-10,10 May,2026,ULP,VIC,Victorian Regional Average,State Regional Average,184.3,Victorian Regional Average,https://aip.com.au/pricing/petrol/victorian-retail-petrol-prices/victorian-regional-average/
2026-05-17,17 May,2026,ULP,VIC,Victorian Regional Average,State Regional Average,182.3,Victorian Regional Average,https://aip.com.au/pricing/petrol/victorian-retail-petrol-prices/victorian-regional-average/
2026-05-24,24 May,2026,ULP,VIC,Victorian Regional Average,State Regional Average,183.7,Victorian Regional Average,https://aip.com.au/pricing/petrol/victorian-retail-petrol-prices/victorian-regional-average/
2026-05-31,31 May,2026,ULP,VIC,Victorian Regional Average,State Regional Average,183.1,Victorian Regional Average,https://aip.com.au/pricing/petrol/victorian-retail-petrol-prices/victorian-regional-average/
2026-06-07,7 Jun,2026,ULP,VIC,Victorian Regional Average,State Regional Average,177.1,Victorian Regional Average,https://aip.com.au/pricing/petrol/victorian-retail-petrol-prices/victorian-regional-average/
2026-06-14,14 Jun,2026,ULP,VIC,Victorian Regional Average,State Regional Average,171.9,Victorian Regional Average,https://aip.com.au/pricing/petrol/victorian-retail-petrol-prices/victorian-regional-average/
2026-06-21,21 Jun,2026,ULP,VIC,Victorian Regional Average,State Regional Average,168.1,Victorian Regional Average,https://aip.com.au/pricing/petrol/victorian-retail-petrol-prices/victorian-regional-average/
2026-06-28,28 Jun,2026,ULP,VIC,Victorian Regional Average,State Regional Average,162.3,Victorian Regional Average,https://aip.com.au/pricing/petrol/victorian-retail-petrol-prices/victorian-regional-average/
2026-07-05,5 Jul,2026,ULP,VIC,Victorian Regional Average,State Regional Average,165.4,Victorian Regional Average,https://aip.com.au/pricing/petrol/victorian-retail-petrol-prices/victorian-regional-average/
2026-07-12,12 Jul,2026,ULP,VIC,Victorian Regional Average,State Regional Average,170.3,Victorian Regional Average,https://aip.com.au/pricing/petrol/victorian-retail-petrol-prices/victorian-regional-average/
2026-07-19,19 Jul,2026,ULP,VIC,Victorian Regional Average,State Regional Average,172.7,Victorian Regional Average,https://aip.com.au/pricing/petrol/victorian-retail-petrol-prices/victorian-regional-average/
2026-07-26,26 Jul,2026,ULP,VIC,Victorian Regional Average,State Regional Average,182.2,Victorian Regional Average,https://aip.com.au/pricing/petrol/victorian-retail-petrol-prices/victorian-regional-average/
2026-08-02,2 Aug,2026,ULP,VIC,Victorian Regional Average,State Regional Average,194.5,Victorian Regional Average,https://aip.com.au/pricing/petrol/victorian-retail-petrol-prices/victorian-regional-average/
2026-08-09,9 Aug,2026,ULP,VIC,Victorian Regional Average,State Regional Average,207.2,Victorian Regional Average,https://aip.com.au/pricing/petrol/victorian-retail-petrol-prices/victorian-regional-average/
2026-08-16,16 Aug,2026,ULP,VIC,Victorian Regional Average,State Regional Average,204.2,Victorian Regional Average,https://aip.com.au/pricing/petrol/victorian-retail-petrol-prices/victorian-regional-average/
2025-08-24,24 Aug,2025,ULP,VIC,Victorian State Average,State Average,186.5,Victorian State Average,https://aip.com.au/pricing/petrol/victorian-retail-petrol-prices/victorian-state-average/
2025-08-31,31 Aug,2025,ULP,VIC,Victorian State Average,State Average,179.2,Victorian State Average,https://aip.com.au/pricing/petrol/victorian-retail-petrol-prices/victorian-state-average/
2025-09-07,7 Sep,2025,ULP,VIC,Victorian State Average,State Average,173.5,Victorian State Average,https://aip.com.au/pricing/petrol/victorian-retail-petrol-prices/victorian-state-average/
2025-09-14,14 Sep,2025,ULP,VIC,Victorian State Average,State Average,174.4,Victorian State Average,https://aip.com.au/pricing/petrol/victorian-retail-petrol-prices/victorian-state-average/
2025-09-21,21 Sep,2025,ULP,VIC,Victorian State Average,State Average,187.1,Victorian State Average,https://aip.com.au/pricing/petrol/victorian-retail-petrol-prices/victorian-state-average/
2025-09-28,28 Sep,2025,ULP,VIC,Victorian State Average,State Average,192.3,Victorian State Average,https://aip.com.au/pricing/petrol/victorian-retail-petrol-prices/victorian-state-average/
2025-10-05,5 Oct,2025,ULP,VIC,Victorian State Average,State Average,185.2,Victorian State Average,https://aip.com.au/pricing/petrol/victorian-retail-petrol-prices/victorian-state-average/
2025-10-12,12 Oct,2025,ULP,VIC,Victorian State Average,State Average,177.3,Victorian State Average,https://aip.com.au/pricing/petrol/victorian-retail-petrol-prices/victorian-state-average/
2025-10-19,19 Oct,2025,ULP,VIC,Victorian State Average,State Average,169.7,Victorian State Average,https://aip.com.au/pricing/petrol/victorian-retail-petrol-prices/victorian-state-average/
2025-10-26,26 Oct,2025,ULP,VIC,Victorian State Average,State Average,179.2,Victorian State Average,https://aip.com.au/pricing/petrol/victorian-retail-petrol-prices/victorian-state-average/
2025-11-02,2 Nov,2025,ULP,VIC,Victorian State Average,State Average,194.6,Victorian State Average,https://aip.com.au/pricing/petrol/victorian-retail-petrol-prices/victorian-state-average/
2025-11-09,9 Nov,2025,ULP,VIC,Victorian State Average,State Average,190.1,Victorian State Average,https://aip.com.au/pricing/petrol/victorian-retail-petrol-prices/victorian-state-average/
2025-11-16,16 Nov,2025,ULP,VIC,Victorian State Average,State Average,180.2,Victorian State Average,https://aip.com.au/pricing/petrol/victorian-retail-petrol-prices/victorian-state-average/
2025-11-23,23 Nov,2025,ULP,VIC,Victorian State Average,State Average,176.1,Victorian State Average,https://aip.com.au/pricing/petrol/victorian-retail-petrol-prices/victorian-state-average/
2025-11-30,30 Nov,2025,ULP,VIC,Victorian State Average,State Average,188.5,Victorian State Average,https://aip.com.au/pricing/petrol/victorian-retail-petrol-prices/victorian-state-average/
2025-12-07,7 Dec,2025,ULP,VIC,Victorian State Average,State Average,197.5,Victorian State Average,https://aip.com.au/pricing/petrol/victorian-retail-petrol-prices/victorian-state-average/
2025-12-14,14 Dec,2025,ULP,VIC,Victorian State Average,State Average,188.6,Victorian State Average,https://aip.com.au/pricing/petrol/victorian-retail-petrol-prices/victorian-state-average/
2025-12-21,21 Dec,2025,ULP,VIC,Victorian State Average,State Average,174.7,Victorian State Average,https://aip.com.au/pricing/petrol/victorian-retail-petrol-prices/victorian-state-average/
2025-12-28,28 Dec,2025,ULP,VIC,Victorian State Average,State Average,169.2,Victorian State Average,https://aip.com.au/pricing/petrol/victorian-retail-petrol-prices/victorian-state-average/
2026-01-04,4 Jan,2026,ULP,VIC,Victorian State Average,State Average,177.2,Victorian State Average,https://aip.com.au/pricing/petrol/victorian-retail-petrol-prices/victorian-state-average/
2026-01-11,11 Jan,2026,ULP,VIC,Victorian State Average,State Average,190.9,Victorian State Average,https://aip.com.au/pricing/petrol/victorian-retail-petrol-prices/victorian-state-average/
2026-01-18,18 Jan,2026,ULP,VIC,Victorian State Average,State Average,191.9,Victorian State Average,https://aip.com.au/pricing/petrol/victorian-retail-petrol-prices/victorian-state-average/
2026-01-25,25 Jan,2026,ULP,VIC,Victorian State Average,State Average,178.5,Victorian State Average,https://aip.com.au/pricing/petrol/victorian-retail-petrol-prices/victorian-state-average/
2026-02-01,1 Feb,2026,ULP,VIC,Victorian State Average,State Average,165.4,Victorian State Average,https://aip.com.au/pricing/petrol/victorian-retail-petrol-prices/victorian-state-average/
2026-02-08,8 Feb,2026,ULP,VIC,Victorian State Average,State Average,161.6,Victorian State Average,https://aip.com.au/pricing/petrol/victorian-retail-petrol-prices/victorian-state-average/
2026-02-15,15 Feb,2026,ULP,VIC,Victorian State Average,State Average,166.8,Victorian State Average,https://aip.com.au/pricing/petrol/victorian-retail-petrol-prices/victorian-state-average/
2026-02-22,22 Feb,2026,ULP,VIC,Victorian State Average,State Average,172.4,Victorian State Average,https://aip.com.au/pricing/petrol/victorian-retail-petrol-prices/victorian-state-average/
2026-03-01,1 Mar,2026,ULP,VIC,Victorian State Average,State Average,187.4,Victorian State Average,https://aip.com.au/pricing/petrol/victorian-retail-petrol-prices/victorian-state-average/
2026-03-08,8 Mar,2026,ULP,VIC,Victorian State Average,State Average,201.1,Victorian State Average,https://aip.com.au/pricing/petrol/victorian-retail-petrol-prices/victorian-state-average/
2026-03-15,15 Mar,2026,ULP,VIC,Victorian State Average,State Average,219.8,Victorian State Average,https://aip.com.au/pricing/petrol/victorian-retail-petrol-prices/victorian-state-average/
2026-03-22,22 Mar,2026,ULP,VIC,Victorian State Average,State Average,237.5,Victorian State Average,https://aip.com.au/pricing/petrol/victorian-retail-petrol-prices/victorian-state-average/
2026-03-29,29 Mar,2026,ULP,VIC,Victorian State Average,State Average,253.4,Victorian State Average,https://aip.com.au/pricing/petrol/victorian-retail-petrol-prices/victorian-state-average/
2026-04-05,5 Apr,2026,ULP,VIC,Victorian State Average,State Average,240.6,Victorian State Average,https://aip.com.au/pricing/petrol/victorian-retail-petrol-prices/victorian-state-average/
2026-04-12,12 Apr,2026,ULP,VIC,Victorian State Average,State Average,224.5,Victorian State Average,https://aip.com.au/pricing/petrol/victorian-retail-petrol-prices/victorian-state-average/
2026-04-19,19 Apr,2026,ULP,VIC,Victorian State Average,State Average,213.2,Victorian State Average,https://aip.com.au/pricing/petrol/victorian-retail-petrol-prices/victorian-state-average/
2026-04-26,26 Apr,2026,ULP,VIC,Victorian State Average,State Average,191.8,Victorian State Average,https://aip.com.au/pricing/petrol/victorian-retail-petrol-prices/victorian-state-average/
2026-05-03,3 May,2026,ULP,VIC,Victorian State Average,State Average,181.8,Victorian State Average,https://aip.com.au/pricing/petrol/victorian-retail-petrol-prices/victorian-state-average/
2026-05-10,10 May,2026,ULP,VIC,Victorian State Average,State Average,182.3,Victorian State Average,https://aip.com.au/pricing/petrol/victorian-retail-petrol-prices/victorian-state-average/
2026-05-17,17 May,2026,ULP,VIC,Victorian State Average,State Average,182.7,Victorian State Average,https://aip.com.au/pricing/petrol/victorian-retail-petrol-prices/victorian-state-average/
2026-05-24,24 May,2026,ULP,VIC,Victorian State Average,State Average,185.7,Victorian State Average,https://aip.com.au/pricing/petrol/victorian-retail-petrol-prices/victorian-state-average/
2026-05-31,31 May,2026,ULP,VIC,Victorian State Average,State Average,183.3,Victorian State Average,https://aip.com.au/pricing/petrol/victorian-retail-petrol-prices/victorian-state-average/
2026-06-07,7 Jun,2026,ULP,VIC,Victorian State Average,State Average,175.1,Victorian State Average,https://aip.com.au/pricing/petrol/victorian-retail-petrol-prices/victorian-state-average/
2026-06-14,14 Jun,2026,ULP,VIC,Victorian State Average,State Average,169.0,Victorian State Average,https://aip.com.au/pricing/petrol/victorian-retail-petrol-prices/victorian-state-average/
2026-06-21,21 Jun,2026,ULP,VIC,Victorian State Average,State Average,164.6,Victorian State Average,https://aip.com.au/pricing/petrol/victorian-retail-petrol-prices/victorian-state-average/
2026-06-28,28 Jun,2026,ULP,VIC,Victorian State Average,State Average,158.4,Victorian State Average,https://aip.com.au/pricing/petrol/victorian-retail-petrol-prices/victorian-state-average/
2026-07-05,5 Jul,2026,ULP,VIC,Victorian State Average,State Average,161.4,Victorian State Average,https://aip.com.au/pricing/petrol/victorian-retail-petrol-prices/victorian-state-average/
2026-07-12,12 Jul,2026,ULP,VIC,Victorian State Average,State Average,167.8,Victorian State Average,https://aip.com.au/pricing/petrol/victorian-retail-petrol-prices/victorian-state-average/
2026-07-19,19 Jul,2026,ULP,VIC,Victorian State Average,State Average,171.9,Victorian State Average,https://aip.com.au/pricing/petrol/victorian-retail-petrol-prices/victorian-state-average/
2026-07-26,26 Jul,2026,ULP,VIC,Victorian State Average,State Average,181.8,Victorian State Average,https://aip.com.au/pricing/petrol/victorian-retail-petrol-prices/victorian-state-average/
2026-08-02,2 Aug,2026,ULP,VIC,Victorian State Average,State Average,194.1,Victorian State Average,https://aip.com.au/pricing/petrol/victorian-retail-petrol-prices/victorian-state-average/
2026-08-09,9 Aug,2026,ULP,VIC,Victorian State Average,State Average,207.2,Victorian State Average,https://aip.com.au/pricing/petrol/victorian-retail-petrol-prices/victorian-state-average/
2026-08-16,16 Aug,2026,ULP,VIC,Victorian State Average,State Average,201.1,Victorian State Average,https://aip.com.au/pricing/petrol/victorian-retail-petrol-prices/victorian-state-average/
2025-08-24,24 Aug,2025,ULP,WA,Perth,Capital City,173.3,Perth,https://aip.com.au/pricing/petrol/western-australian-retail-petrol-prices/perth/
2025-08-31,31 Aug,2025,ULP,WA,Perth,Capital City,174.5,Perth,https://aip.com.au/pricing/petrol/western-australian-retail-petrol-prices/perth/
2025-09-07,7 Sep,2025,ULP,WA,Perth,Capital City,174.5,Perth,https://aip.com.au/pricing/petrol/western-australian-retail-petrol-prices/perth/
2025-09-14,14 Sep,2025,ULP,WA,Perth,Capital City,174.0,Perth,https://aip.com.au/pricing/petrol/western-australian-retail-petrol-prices/perth/
2025-09-21,21 Sep,2025,ULP,WA,Perth,Capital City,173.4,Perth,https://aip.com.au/pricing/petrol/western-australian-retail-petrol-prices/perth/
2025-09-28,28 Sep,2025,ULP,WA,Perth,Capital City,174.4,Perth,https://aip.com.au/pricing/petrol/western-australian-retail-petrol-prices/perth/
2025-10-05,5 Oct,2025,ULP,WA,Perth,Capital City,174.3,Perth,https://aip.com.au/pricing/petrol/western-australian-retail-petrol-prices/perth/
2025-10-12,12 Oct,2025,ULP,WA,Perth,Capital City,172.0,Perth,https://aip.com.au/pricing/petrol/western-australian-retail-petrol-prices/perth/
2025-10-19,19 Oct,2025,ULP,WA,Perth,Capital City,170.7,Perth,https://aip.com.au/pricing/petrol/western-australian-retail-petrol-prices/perth/
2025-10-26,26 Oct,2025,ULP,WA,Perth,Capital City,171.0,Perth,https://aip.com.au/pricing/petrol/western-australian-retail-petrol-prices/perth/
2025-11-02,2 Nov,2025,ULP,WA,Perth,Capital City,172.8,Perth,https://aip.com.au/pricing/petrol/western-australian-retail-petrol-prices/perth/
2025-11-09,9 Nov,2025,ULP,WA,Perth,Capital City,174.6,Perth,https://aip.com.au/pricing/petrol/western-australian-retail-petrol-prices/perth/
2025-11-16,16 Nov,2025,ULP,WA,Perth,Capital City,175.4,Perth,https://aip.com.au/pricing/petrol/western-australian-retail-petrol-prices/perth/
2025-11-23,23 Nov,2025,ULP,WA,Perth,Capital City,176.5,Perth,https://aip.com.au/pricing/petrol/western-australian-retail-petrol-prices/perth/
2025-11-30,30 Nov,2025,ULP,WA,Perth,Capital City,176.6,Perth,https://aip.com.au/pricing/petrol/western-australian-retail-petrol-prices/perth/
2025-12-07,7 Dec,2025,ULP,WA,Perth,Capital City,176.2,Perth,https://aip.com.au/pricing/petrol/western-australian-retail-petrol-prices/perth/
2025-12-14,14 Dec,2025,ULP,WA,Perth,Capital City,175.5,Perth,https://aip.com.au/pricing/petrol/western-australian-retail-petrol-prices/perth/
2025-12-21,21 Dec,2025,ULP,WA,Perth,Capital City,174.0,Perth,https://aip.com.au/pricing/petrol/western-australian-retail-petrol-prices/perth/
2025-12-28,28 Dec,2025,ULP,WA,Perth,Capital City,172.1,Perth,https://aip.com.au/pricing/petrol/western-australian-retail-petrol-prices/perth/
2026-01-04,4 Jan,2026,ULP,WA,Perth,Capital City,170.7,Perth,https://aip.com.au/pricing/petrol/western-australian-retail-petrol-prices/perth/
2026-01-11,11 Jan,2026,ULP,WA,Perth,Capital City,169.2,Perth,https://aip.com.au/pricing/petrol/western-australian-retail-petrol-prices/perth/
2026-01-18,18 Jan,2026,ULP,WA,Perth,Capital City,168.1,Perth,https://aip.com.au/pricing/petrol/western-australian-retail-petrol-prices/perth/
2026-01-25,25 Jan,2026,ULP,WA,Perth,Capital City,166.9,Perth,https://aip.com.au/pricing/petrol/western-australian-retail-petrol-prices/perth/
2026-02-01,1 Feb,2026,ULP,WA,Perth,Capital City,165.7,Perth,https://aip.com.au/pricing/petrol/western-australian-retail-petrol-prices/perth/
2026-02-08,8 Feb,2026,ULP,WA,Perth,Capital City,165.2,Perth,https://aip.com.au/pricing/petrol/western-australian-retail-petrol-prices/perth/
2026-02-15,15 Feb,2026,ULP,WA,Perth,Capital City,164.6,Perth,https://aip.com.au/pricing/petrol/western-australian-retail-petrol-prices/perth/
2026-02-22,22 Feb,2026,ULP,WA,Perth,Capital City,163.9,Perth,https://aip.com.au/pricing/petrol/western-australian-retail-petrol-prices/perth/
2026-03-01,1 Mar,2026,ULP,WA,Perth,Capital City,165.1,Perth,https://aip.com.au/pricing/petrol/western-australian-retail-petrol-prices/perth/
2026-03-08,8 Mar,2026,ULP,WA,Perth,Capital City,180.8,Perth,https://aip.com.au/pricing/petrol/western-australian-retail-petrol-prices/perth/
2026-03-15,15 Mar,2026,ULP,WA,Perth,Capital City,216.8,Perth,https://aip.com.au/pricing/petrol/western-australian-retail-petrol-prices/perth/
2026-03-22,22 Mar,2026,ULP,WA,Perth,Capital City,238.8,Perth,https://aip.com.au/pricing/petrol/western-australian-retail-petrol-prices/perth/
2026-03-29,29 Mar,2026,ULP,WA,Perth,Capital City,253.7,Perth,https://aip.com.au/pricing/petrol/western-australian-retail-petrol-prices/perth/
2026-04-05,5 Apr,2026,ULP,WA,Perth,Capital City,236.5,Perth,https://aip.com.au/pricing/petrol/western-australian-retail-petrol-prices/perth/
2026-04-12,12 Apr,2026,ULP,WA,Perth,Capital City,221.2,Perth,https://aip.com.au/pricing/petrol/western-australian-retail-petrol-prices/perth/
2026-04-19,19 Apr,2026,ULP,WA,Perth,Capital City,205.5,Perth,https://aip.com.au/pricing/petrol/western-australian-retail-petrol-prices/perth/
2026-04-26,26 Apr,2026,ULP,WA,Perth,Capital City,187.1,Perth,https://aip.com.au/pricing/petrol/western-australian-retail-petrol-prices/perth/
2026-05-03,3 May,2026,ULP,WA,Perth,Capital City,180.2,Perth,https://aip.com.au/pricing/petrol/western-australian-retail-petrol-prices/perth/
2026-05-10,10 May,2026,ULP,WA,Perth,Capital City,180.5,Perth,https://aip.com.au/pricing/petrol/western-australian-retail-petrol-prices/perth/
2026-05-17,17 May,2026,ULP,WA,Perth,Capital City,178.1,Perth,https://aip.com.au/pricing/petrol/western-australian-retail-petrol-prices/perth/
2026-05-24,24 May,2026,ULP,WA,Perth,Capital City,181.2,Perth,https://aip.com.au/pricing/petrol/western-australian-retail-petrol-prices/perth/
2026-05-31,31 May,2026,ULP,WA,Perth,Capital City,177.7,Perth,https://aip.com.au/pricing/petrol/western-australian-retail-petrol-prices/perth/
2026-06-07,7 Jun,2026,ULP,WA,Perth,Capital City,168.5,Perth,https://aip.com.au/pricing/petrol/western-australian-retail-petrol-prices/perth/
2026-06-14,14 Jun,2026,ULP,WA,Perth,Capital City,165.3,Perth,https://aip.com.au/pricing/petrol/western-australian-retail-petrol-prices/perth/
2026-06-21,21 Jun,2026,ULP,WA,Perth,Capital City,161.7,Perth,https://aip.com.au/pricing/petrol/western-australian-retail-petrol-prices/perth/
2026-06-28,28 Jun,2026,ULP,WA,Perth,Capital City,154.8,Perth,https://aip.com.au/pricing/petrol/western-australian-retail-petrol-prices/perth/
2026-07-05,5 Jul,2026,ULP,WA,Perth,Capital City,160.9,Perth,https://aip.com.au/pricing/petrol/western-australian-retail-petrol-prices/perth/
2026-07-12,12 Jul,2026,ULP,WA,Perth,Capital City,167.1,Perth,https://aip.com.au/pricing/petrol/western-australian-retail-petrol-prices/perth/
2026-07-19,19 Jul,2026,ULP,WA,Perth,Capital City,170.9,Perth,https://aip.com.au/pricing/petrol/western-australian-retail-petrol-prices/perth/
2026-07-26,26 Jul,2026,ULP,WA,Perth,Capital City,180.5,Perth,https://aip.com.au/pricing/petrol/western-australian-retail-petrol-prices/perth/
2026-08-02,2 Aug,2026,ULP,WA,Perth,Capital City,191.3,Perth,https://aip.com.au/pricing/petrol/western-australian-retail-petrol-prices/perth/
2026-08-09,9 Aug,2026,ULP,WA,Perth,Capital City,202.0,Perth,https://aip.com.au/pricing/petrol/western-australian-retail-petrol-prices/perth/
2026-08-16,16 Aug,2026,ULP,WA,Perth,Capital City,197.5,Perth,https://aip.com.au/pricing/petrol/western-australian-retail-petrol-prices/perth/
2025-08-24,24 Aug,2025,ULP,WA,Western Australian Regional Average,State Regional Average,178.9,Western Australian Regional Average,https://aip.com.au/pricing/petrol/western-australian-retail-petrol-prices/western-australian-regional-average/
2025-08-31,31 Aug,2025,ULP,WA,Western Australian Regional Average,State Regional Average,179.2,Western Australian Regional Average,https://aip.com.au/pricing/petrol/western-australian-retail-petrol-prices/western-australian-regional-average/
2025-09-07,7 Sep,2025,ULP,WA,Western Australian Regional Average,State Regional Average,179.6,Western Australian Regional Average,https://aip.com.au/pricing/petrol/western-australian-retail-petrol-prices/western-australian-regional-average/
2025-09-14,14 Sep,2025,ULP,WA,Western Australian Regional Average,State Regional Average,180.1,Western Australian Regional Average,https://aip.com.au/pricing/petrol/western-australian-retail-petrol-prices/western-australian-regional-average/
2025-09-21,21 Sep,2025,ULP,WA,Western Australian Regional Average,State Regional Average,180.1,Western Australian Regional Average,https://aip.com.au/pricing/petrol/western-australian-retail-petrol-prices/western-australian-regional-average/
2025-09-28,28 Sep,2025,ULP,WA,Western Australian Regional Average,State Regional Average,180.6,Western Australian Regional Average,https://aip.com.au/pricing/petrol/western-australian-retail-petrol-prices/western-australian-regional-average/
2025-10-05,5 Oct,2025,ULP,WA,Western Australian Regional Average,State Regional Average,180.4,Western Australian Regional Average,https://aip.com.au/pricing/petrol/western-australian-retail-petrol-prices/western-australian-regional-average/
2025-10-12,12 Oct,2025,ULP,WA,Western Australian Regional Average,State Regional Average,179.9,Western Australian Regional Average,https://aip.com.au/pricing/petrol/western-australian-retail-petrol-prices/western-australian-regional-average/
2025-10-19,19 Oct,2025,ULP,WA,Western Australian Regional Average,State Regional Average,179.4,Western Australian Regional Average,https://aip.com.au/pricing/petrol/western-australian-retail-petrol-prices/western-australian-regional-average/
2025-10-26,26 Oct,2025,ULP,WA,Western Australian Regional Average,State Regional Average,178.7,Western Australian Regional Average,https://aip.com.au/pricing/petrol/western-australian-retail-petrol-prices/western-australian-regional-average/
2025-11-02,2 Nov,2025,ULP,WA,Western Australian Regional Average,State Regional Average,179.1,Western Australian Regional Average,https://aip.com.au/pricing/petrol/western-australian-retail-petrol-prices/western-australian-regional-average/
2025-11-09,9 Nov,2025,ULP,WA,Western Australian Regional Average,State Regional Average,179.7,Western Australian Regional Average,https://aip.com.au/pricing/petrol/western-australian-retail-petrol-prices/western-australian-regional-average/
2025-11-16,16 Nov,2025,ULP,WA,Western Australian Regional Average,State Regional Average,180.3,Western Australian Regional Average,https://aip.com.au/pricing/petrol/western-australian-retail-petrol-prices/western-australian-regional-average/
2025-11-23,23 Nov,2025,ULP,WA,Western Australian Regional Average,State Regional Average,181.1,Western Australian Regional Average,https://aip.com.au/pricing/petrol/western-australian-retail-petrol-prices/western-australian-regional-average/
2025-11-30,30 Nov,2025,ULP,WA,Western Australian Regional Average,State Regional Average,181.9,Western Australian Regional Average,https://aip.com.au/pricing/petrol/western-australian-retail-petrol-prices/western-australian-regional-average/
2025-12-07,7 Dec,2025,ULP,WA,Western Australian Regional Average,State Regional Average,181.5,Western Australian Regional Average,https://aip.com.au/pricing/petrol/western-australian-retail-petrol-prices/western-australian-regional-average/
2025-12-14,14 Dec,2025,ULP,WA,Western Australian Regional Average,State Regional Average,180.8,Western Australian Regional Average,https://aip.com.au/pricing/petrol/western-australian-retail-petrol-prices/western-australian-regional-average/
2025-12-21,21 Dec,2025,ULP,WA,Western Australian Regional Average,State Regional Average,180.0,Western Australian Regional Average,https://aip.com.au/pricing/petrol/western-australian-retail-petrol-prices/western-australian-regional-average/
2025-12-28,28 Dec,2025,ULP,WA,Western Australian Regional Average,State Regional Average,178.3,Western Australian Regional Average,https://aip.com.au/pricing/petrol/western-australian-retail-petrol-prices/western-australian-regional-average/
2026-01-04,4 Jan,2026,ULP,WA,Western Australian Regional Average,State Regional Average,177.4,Western Australian Regional Average,https://aip.com.au/pricing/petrol/western-australian-retail-petrol-prices/western-australian-regional-average/
2026-01-11,11 Jan,2026,ULP,WA,Western Australian Regional Average,State Regional Average,176.4,Western Australian Regional Average,https://aip.com.au/pricing/petrol/western-australian-retail-petrol-prices/western-australian-regional-average/
2026-01-18,18 Jan,2026,ULP,WA,Western Australian Regional Average,State Regional Average,175.2,Western Australian Regional Average,https://aip.com.au/pricing/petrol/western-australian-retail-petrol-prices/western-australian-regional-average/
2026-01-25,25 Jan,2026,ULP,WA,Western Australian Regional Average,State Regional Average,174.3,Western Australian Regional Average,https://aip.com.au/pricing/petrol/western-australian-retail-petrol-prices/western-australian-regional-average/
2026-02-01,1 Feb,2026,ULP,WA,Western Australian Regional Average,State Regional Average,173.8,Western Australian Regional Average,https://aip.com.au/pricing/petrol/western-australian-retail-petrol-prices/western-australian-regional-average/
2026-02-08,8 Feb,2026,ULP,WA,Western Australian Regional Average,State Regional Average,173.4,Western Australian Regional Average,https://aip.com.au/pricing/petrol/western-australian-retail-petrol-prices/western-australian-regional-average/
2026-02-15,15 Feb,2026,ULP,WA,Western Australian Regional Average,State Regional Average,173.4,Western Australian Regional Average,https://aip.com.au/pricing/petrol/western-australian-retail-petrol-prices/western-australian-regional-average/
2026-02-22,22 Feb,2026,ULP,WA,Western Australian Regional Average,State Regional Average,173.5,Western Australian Regional Average,https://aip.com.au/pricing/petrol/western-australian-retail-petrol-prices/western-australian-regional-average/
2026-03-01,1 Mar,2026,ULP,WA,Western Australian Regional Average,State Regional Average,174.2,Western Australian Regional Average,https://aip.com.au/pricing/petrol/western-australian-retail-petrol-prices/western-australian-regional-average/
2026-03-08,8 Mar,2026,ULP,WA,Western Australian Regional Average,State Regional Average,183.0,Western Australian Regional Average,https://aip.com.au/pricing/petrol/western-australian-retail-petrol-prices/western-australian-regional-average/
2026-03-15,15 Mar,2026,ULP,WA,Western Australian Regional Average,State Regional Average,217.0,Western Australian Regional Average,https://aip.com.au/pricing/petrol/western-australian-retail-petrol-prices/western-australian-regional-average/
2026-03-22,22 Mar,2026,ULP,WA,Western Australian Regional Average,State Regional Average,242.9,Western Australian Regional Average,https://aip.com.au/pricing/petrol/western-australian-retail-petrol-prices/western-australian-regional-average/
2026-03-29,29 Mar,2026,ULP,WA,Western Australian Regional Average,State Regional Average,258.6,Western Australian Regional Average,https://aip.com.au/pricing/petrol/western-australian-retail-petrol-prices/western-australian-regional-average/
2026-04-05,5 Apr,2026,ULP,WA,Western Australian Regional Average,State Regional Average,248.1,Western Australian Regional Average,https://aip.com.au/pricing/petrol/western-australian-retail-petrol-prices/western-australian-regional-average/
2026-04-12,12 Apr,2026,ULP,WA,Western Australian Regional Average,State Regional Average,231.5,Western Australian Regional Average,https://aip.com.au/pricing/petrol/western-australian-retail-petrol-prices/western-australian-regional-average/
2026-04-19,19 Apr,2026,ULP,WA,Western Australian Regional Average,State Regional Average,217.8,Western Australian Regional Average,https://aip.com.au/pricing/petrol/western-australian-retail-petrol-prices/western-australian-regional-average/
2026-04-26,26 Apr,2026,ULP,WA,Western Australian Regional Average,State Regional Average,201.4,Western Australian Regional Average,https://aip.com.au/pricing/petrol/western-australian-retail-petrol-prices/western-australian-regional-average/
2026-05-03,3 May,2026,ULP,WA,Western Australian Regional Average,State Regional Average,193.7,Western Australian Regional Average,https://aip.com.au/pricing/petrol/western-australian-retail-petrol-prices/western-australian-regional-average/
2026-05-10,10 May,2026,ULP,WA,Western Australian Regional Average,State Regional Average,192.3,Western Australian Regional Average,https://aip.com.au/pricing/petrol/western-australian-retail-petrol-prices/western-australian-regional-average/
2026-05-17,17 May,2026,ULP,WA,Western Australian Regional Average,State Regional Average,190.6,Western Australian Regional Average,https://aip.com.au/pricing/petrol/western-australian-retail-petrol-prices/western-australian-regional-average/
2026-05-24,24 May,2026,ULP,WA,Western Australian Regional Average,State Regional Average,190.6,Western Australian Regional Average,https://aip.com.au/pricing/petrol/western-australian-retail-petrol-prices/western-australian-regional-average/
2026-05-31,31 May,2026,ULP,WA,Western Australian Regional Average,State Regional Average,189.6,Western Australian Regional Average,https://aip.com.au/pricing/petrol/western-australian-retail-petrol-prices/western-australian-regional-average/
2026-06-07,7 Jun,2026,ULP,WA,Western Australian Regional Average,State Regional Average,184.7,Western Australian Regional Average,https://aip.com.au/pricing/petrol/western-australian-retail-petrol-prices/western-australian-regional-average/
2026-06-14,14 Jun,2026,ULP,WA,Western Australian Regional Average,State Regional Average,180.4,Western Australian Regional Average,https://aip.com.au/pricing/petrol/western-australian-retail-petrol-prices/western-australian-regional-average/
2026-06-21,21 Jun,2026,ULP,WA,Western Australian Regional Average,State Regional Average,177.5,Western Australian Regional Average,https://aip.com.au/pricing/petrol/western-australian-retail-petrol-prices/western-australian-regional-average/
2026-06-28,28 Jun,2026,ULP,WA,Western Australian Regional Average,State Regional Average,172.6,Western Australian Regional Average,https://aip.com.au/pricing/petrol/western-australian-retail-petrol-prices/western-australian-regional-average/
2026-07-05,5 Jul,2026,ULP,WA,Western Australian Regional Average,State Regional Average,175.1,Western Australian Regional Average,https://aip.com.au/pricing/petrol/western-australian-retail-petrol-prices/western-australian-regional-average/
2026-07-12,12 Jul,2026,ULP,WA,Western Australian Regional Average,State Regional Average,179.2,Western Australian Regional Average,https://aip.com.au/pricing/petrol/western-australian-retail-petrol-prices/western-australian-regional-average/
2026-07-19,19 Jul,2026,ULP,WA,Western Australian Regional Average,State Regional Average,180.8,Western Australian Regional Average,https://aip.com.au/pricing/petrol/western-australian-retail-petrol-prices/western-australian-regional-average/
2026-07-26,26 Jul,2026,ULP,WA,Western Australian Regional Average,State Regional Average,188.4,Western Australian Regional Average,https://aip.com.au/pricing/petrol/western-australian-retail-petrol-prices/western-australian-regional-average/
2026-08-02,2 Aug,2026,ULP,WA,Western Australian Regional Average,State Regional Average,198.2,Western Australian Regional Average,https://aip.com.au/pricing/petrol/western-australian-retail-petrol-prices/western-australian-regional-average/
2026-08-09,9 Aug,2026,ULP,WA,Western Australian Regional Average,State Regional Average,209.9,Western Australian Regional Average,https://aip.com.au/pricing/petrol/western-australian-retail-petrol-prices/western-australian-regional-average/
2026-08-16,16 Aug,2026,ULP,WA,Western Australian Regional Average,State Regional Average,208.4,Western Australian Regional Average,https://aip.com.au/pricing/petrol/western-australian-retail-petrol-prices/western-australian-regional-average/
2025-08-24,24 Aug,2025,ULP,WA,Western Australian State Average,State Average,174.5,Western Australian State Average,https://aip.com.au/pricing/petrol/western-australian-retail-petrol-prices/western-australian-state-average/
2025-08-31,31 Aug,2025,ULP,WA,Western Australian State Average,State Average,175.6,Western Australian State Average,https://aip.com.au/pricing/petrol/western-australian-retail-petrol-prices/western-australian-state-average/
2025-09-07,7 Sep,2025,ULP,WA,Western Australian State Average,State Average,175.6,Western Australian State Average,https://aip.com.au/pricing/petrol/western-australian-retail-petrol-prices/western-australian-state-average/
2025-09-14,14 Sep,2025,ULP,WA,Western Australian State Average,State Average,175.3,Western Australian State Average,https://aip.com.au/pricing/petrol/western-australian-retail-petrol-prices/western-australian-state-average/
2025-09-21,21 Sep,2025,ULP,WA,Western Australian State Average,State Average,174.9,Western Australian State Average,https://aip.com.au/pricing/petrol/western-australian-retail-petrol-prices/western-australian-state-average/
2025-09-28,28 Sep,2025,ULP,WA,Western Australian State Average,State Average,175.7,Western Australian State Average,https://aip.com.au/pricing/petrol/western-australian-retail-petrol-prices/western-australian-state-average/
2025-10-05,5 Oct,2025,ULP,WA,Western Australian State Average,State Average,175.6,Western Australian State Average,https://aip.com.au/pricing/petrol/western-australian-retail-petrol-prices/western-australian-state-average/
2025-10-12,12 Oct,2025,ULP,WA,Western Australian State Average,State Average,173.7,Western Australian State Average,https://aip.com.au/pricing/petrol/western-australian-retail-petrol-prices/western-australian-state-average/
2025-10-19,19 Oct,2025,ULP,WA,Western Australian State Average,State Average,172.6,Western Australian State Average,https://aip.com.au/pricing/petrol/western-australian-retail-petrol-prices/western-australian-state-average/
2025-10-26,26 Oct,2025,ULP,WA,Western Australian State Average,State Average,172.7,Western Australian State Average,https://aip.com.au/pricing/petrol/western-australian-retail-petrol-prices/western-australian-state-average/
2025-11-02,2 Nov,2025,ULP,WA,Western Australian State Average,State Average,174.2,Western Australian State Average,https://aip.com.au/pricing/petrol/western-australian-retail-petrol-prices/western-australian-state-average/
2025-11-09,9 Nov,2025,ULP,WA,Western Australian State Average,State Average,175.7,Western Australian State Average,https://aip.com.au/pricing/petrol/western-australian-retail-petrol-prices/western-australian-state-average/
2025-11-16,16 Nov,2025,ULP,WA,Western Australian State Average,State Average,176.5,Western Australian State Average,https://aip.com.au/pricing/petrol/western-australian-retail-petrol-prices/western-australian-state-average/
2025-11-23,23 Nov,2025,ULP,WA,Western Australian State Average,State Average,177.5,Western Australian State Average,https://aip.com.au/pricing/petrol/western-australian-retail-petrol-prices/western-australian-state-average/
2025-11-30,30 Nov,2025,ULP,WA,Western Australian State Average,State Average,177.7,Western Australian State Average,https://aip.com.au/pricing/petrol/western-australian-retail-petrol-prices/western-australian-state-average/
2025-12-07,7 Dec,2025,ULP,WA,Western Australian State Average,State Average,177.4,Western Australian State Average,https://aip.com.au/pricing/petrol/western-australian-retail-petrol-prices/western-australian-state-average/
2025-12-14,14 Dec,2025,ULP,WA,Western Australian State Average,State Average,176.7,Western Australian State Average,https://aip.com.au/pricing/petrol/western-australian-retail-petrol-prices/western-australian-state-average/
2025-12-21,21 Dec,2025,ULP,WA,Western Australian State Average,State Average,175.3,Western Australian State Average,https://aip.com.au/pricing/petrol/western-australian-retail-petrol-prices/western-australian-state-average/
2025-12-28,28 Dec,2025,ULP,WA,Western Australian State Average,State Average,173.4,Western Australian State Average,https://aip.com.au/pricing/petrol/western-australian-retail-petrol-prices/western-australian-state-average/
2026-01-04,4 Jan,2026,ULP,WA,Western Australian State Average,State Average,172.1,Western Australian State Average,https://aip.com.au/pricing/petrol/western-australian-retail-petrol-prices/western-australian-state-average/
2026-01-11,11 Jan,2026,ULP,WA,Western Australian State Average,State Average,170.8,Western Australian State Average,https://aip.com.au/pricing/petrol/western-australian-retail-petrol-prices/western-australian-state-average/
2026-01-18,18 Jan,2026,ULP,WA,Western Australian State Average,State Average,169.7,Western Australian State Average,https://aip.com.au/pricing/petrol/western-australian-retail-petrol-prices/western-australian-state-average/
2026-01-25,25 Jan,2026,ULP,WA,Western Australian State Average,State Average,168.5,Western Australian State Average,https://aip.com.au/pricing/petrol/western-australian-retail-petrol-prices/western-australian-state-average/
2026-02-01,1 Feb,2026,ULP,WA,Western Australian State Average,State Average,167.4,Western Australian State Average,https://aip.com.au/pricing/petrol/western-australian-retail-petrol-prices/western-australian-state-average/
2026-02-08,8 Feb,2026,ULP,WA,Western Australian State Average,State Average,167.0,Western Australian State Average,https://aip.com.au/pricing/petrol/western-australian-retail-petrol-prices/western-australian-state-average/
2026-02-15,15 Feb,2026,ULP,WA,Western Australian State Average,State Average,166.5,Western Australian State Average,https://aip.com.au/pricing/petrol/western-australian-retail-petrol-prices/western-australian-state-average/
2026-02-22,22 Feb,2026,ULP,WA,Western Australian State Average,State Average,166.0,Western Australian State Average,https://aip.com.au/pricing/petrol/western-australian-retail-petrol-prices/western-australian-state-average/
2026-03-01,1 Mar,2026,ULP,WA,Western Australian State Average,State Average,167.1,Western Australian State Average,https://aip.com.au/pricing/petrol/western-australian-retail-petrol-prices/western-australian-state-average/
2026-03-08,8 Mar,2026,ULP,WA,Western Australian State Average,State Average,181.3,Western Australian State Average,https://aip.com.au/pricing/petrol/western-australian-retail-petrol-prices/western-australian-state-average/
2026-03-15,15 Mar,2026,ULP,WA,Western Australian State Average,State Average,216.9,Western Australian State Average,https://aip.com.au/pricing/petrol/western-australian-retail-petrol-prices/western-australian-state-average/
2026-03-22,22 Mar,2026,ULP,WA,Western Australian State Average,State Average,239.7,Western Australian State Average,https://aip.com.au/pricing/petrol/western-australian-retail-petrol-prices/western-australian-state-average/
2026-03-29,29 Mar,2026,ULP,WA,Western Australian State Average,State Average,254.8,Western Australian State Average,https://aip.com.au/pricing/petrol/western-australian-retail-petrol-prices/western-australian-state-average/
2026-04-05,5 Apr,2026,ULP,WA,Western Australian State Average,State Average,239.0,Western Australian State Average,https://aip.com.au/pricing/petrol/western-australian-retail-petrol-prices/western-australian-state-average/
2026-04-12,12 Apr,2026,ULP,WA,Western Australian State Average,State Average,223.4,Western Australian State Average,https://aip.com.au/pricing/petrol/western-australian-retail-petrol-prices/western-australian-state-average/
2026-04-19,19 Apr,2026,ULP,WA,Western Australian State Average,State Average,208.2,Western Australian State Average,https://aip.com.au/pricing/petrol/western-australian-retail-petrol-prices/western-australian-state-average/
2026-04-26,26 Apr,2026,ULP,WA,Western Australian State Average,State Average,190.3,Western Australian State Average,https://aip.com.au/pricing/petrol/western-australian-retail-petrol-prices/western-australian-state-average/
2026-05-03,3 May,2026,ULP,WA,Western Australian State Average,State Average,183.1,Western Australian State Average,https://aip.com.au/pricing/petrol/western-australian-retail-petrol-prices/western-australian-state-average/
2026-05-10,10 May,2026,ULP,WA,Western Australian State Average,State Average,183.1,Western Australian State Average,https://aip.com.au/pricing/petrol/western-australian-retail-petrol-prices/western-australian-state-average/
2026-05-17,17 May,2026,ULP,WA,Western Australian State Average,State Average,180.9,Western Australian State Average,https://aip.com.au/pricing/petrol/western-australian-retail-petrol-prices/western-australian-state-average/
2026-05-24,24 May,2026,ULP,WA,Western Australian State Average,State Average,183.2,Western Australian State Average,https://aip.com.au/pricing/petrol/western-australian-retail-petrol-prices/western-australian-state-average/
2026-05-31,31 May,2026,ULP,WA,Western Australian State Average,State Average,180.3,Western Australian State Average,https://aip.com.au/pricing/petrol/western-australian-retail-petrol-prices/western-australian-state-average/
2026-06-07,7 Jun,2026,ULP,WA,Western Australian State Average,State Average,172.0,Western Australian State Average,https://aip.com.au/pricing/petrol/western-australian-retail-petrol-prices/western-australian-state-average/
2026-06-14,14 Jun,2026,ULP,WA,Western Australian State Average,State Average,168.6,Western Australian State Average,https://aip.com.au/pricing/petrol/western-australian-retail-petrol-prices/western-australian-state-average/
2026-06-21,21 Jun,2026,ULP,WA,Western Australian State Average,State Average,165.2,Western Australian State Average,https://aip.com.au/pricing/petrol/western-australian-retail-petrol-prices/western-australian-state-average/
2026-06-28,28 Jun,2026,ULP,WA,Western Australian State Average,State Average,158.7,Western Australian State Average,https://aip.com.au/pricing/petrol/western-australian-retail-petrol-prices/western-australian-state-average/
2026-07-05,5 Jul,2026,ULP,WA,Western Australian State Average,State Average,164.0,Western Australian State Average,https://aip.com.au/pricing/petrol/western-australian-retail-petrol-prices/western-australian-state-average/
2026-07-12,12 Jul,2026,ULP,WA,Western Australian State Average,State Average,169.7,Western Australian State Average,https://aip.com.au/pricing/petrol/western-australian-retail-petrol-prices/western-australian-state-average/
2026-07-19,19 Jul,2026,ULP,WA,Western Australian State Average,State Average,173.1,Western Australian State Average,https://aip.com.au/pricing/petrol/western-australian-retail-petrol-prices/western-australian-state-average/
2026-07-26,26 Jul,2026,ULP,WA,Western Australian State Average,State Average,182.2,Western Australian State Average,https://aip.com.au/pricing/petrol/western-australian-retail-petrol-prices/western-australian-state-average/
2026-08-02,2 Aug,2026,ULP,WA,Western Australian State Average,State Average,192.8,Western Australian State Average,https://aip.com.au/pricing/petrol/western-australian-retail-petrol-prices/western-australian-state-average/
2026-08-09,9 Aug,2026,ULP,WA,Western Australian State Average,State Average,203.7,Western Australian State Average,https://aip.com.au/pricing/petrol/western-australian-retail-petrol-prices/western-australian-state-average/
2026-08-16,16 Aug,2026,ULP,WA,Western Australian State Average,State Average,199.9,Western Australian State Average,https://aip.com.au/pricing/petrol/western-australian-retail-petrol-prices/western-australian-state-average/
